Date,TSLA,BND,SPY
2015-01-02,14.620667457580566,60.38594055175781,170.58961486816406
2015-01-05,14.005999565124512,60.56129455566406,167.50880432128906
2015-01-06,14.085332870483398,60.73665237426758,165.9311065673828
2015-01-07,14.063332557678223,60.77322769165039,167.9988250732422
2015-01-08,14.041333198547363,60.678245544433594,170.97987365722656
2015-01-09,13.77733325958252,60.780513763427734,169.60971069335938
2015-01-12,13.480667114257812,60.86086654663086,168.2810821533203
2015-01-13,13.616666793823242,60.919315338134766,167.80780029296875
2015-01-14,12.845999717712402,61.05818176269531,166.794677734375
2015-01-15,12.791333198547363,61.32848358154297,165.26681518554688
2015-01-16,12.871333122253418,61.145809173583984,167.43406677246094
2015-01-20,12.795332908630371,61.08005142211914,167.79119873046875
2015-01-21,13.104666709899902,60.9631233215332,168.63819885253906
2015-01-22,13.441332817077637,60.97779846191406,171.14599609375
2015-01-23,13.419333457946777,61.175048828125,170.20762634277344
2015-01-26,13.770000457763672,61.10198211669922,170.6062469482422
2015-01-27,13.732000350952148,61.138511657714844,168.35581970214844
2015-01-28,13.291333198547363,61.35771560668945,166.19683837890625
2015-01-29,13.680000305175781,61.291954040527344,167.73304748535156
2015-01-30,13.573332786560059,61.62802505493164,165.6238250732422
2015-02-02,14.062666893005371,61.55480194091797,167.67489624023438
2015-02-03,14.557332992553711,61.364479064941406,170.09962463378906
2015-02-04,14.569999694824219,61.38642501831055,169.45199584960938
2015-02-05,14.732666969299316,61.25468444824219,171.16256713867188
2015-02-06,14.490667343139648,60.85932159423828,170.68922424316406
2015-02-09,14.498666763305664,60.83738708496094,169.9252471923828
2015-02-10,14.419333457946777,60.727516174316406,171.7355499267578
2015-02-11,14.186667442321777,60.727516174316406,171.8352508544922
2015-02-12,13.525333404541016,60.75681686401367,173.4877166748047
2015-02-13,13.584667205810547,60.61776351928711,174.20184326171875
2015-02-17,13.623332977294922,60.37614822387695,174.4759063720703
2015-02-18,13.630666732788086,60.544532775878906,174.49252319335938
2015-02-19,14.11400032043457,60.49325942993164,174.3679656982422
2015-02-20,14.473999977111816,60.507930755615234,175.41427612304688
2015-02-23,13.822667121887207,60.63236999511719,175.38929748535156
2015-02-24,13.607333183288574,60.881309509277344,175.88754272460938
2015-02-25,13.583999633789062,60.93987274169922,175.73817443847656
2015-02-26,13.812666893005371,60.77146911621094,175.53050231933594
2015-02-27,13.555999755859375,60.82269287109375,174.93263244628906
2015-03-02,13.155332565307617,60.62615203857422,176.03704833984375
2015-03-03,13.303999900817871,60.55278015136719,175.31459045410156
2015-03-04,13.496000289916992,60.55278015136719,174.5755615234375
2015-03-05,13.375332832336426,60.589420318603516,174.76657104492188
2015-03-06,12.925333023071289,60.23737335205078,172.30850219726562
2015-03-09,12.725333213806152,60.310707092285156,173.02268981933594
2015-03-10,12.687999725341797,60.54541778564453,170.21588134765625
2015-03-11,12.916000366210938,60.61143493652344,169.81735229492188
2015-03-12,12.73799991607666,60.65550994873047,171.9763946533203
2015-03-13,12.578666687011719,60.596832275390625,170.9217529296875
2015-03-16,13.046667098999023,60.71418380737305,173.2053985595703
2015-03-17,12.982000350952148,60.765499114990234,172.6905059814453
2015-03-18,13.380666732788086,61.13958740234375,174.76657104492188
2015-03-19,13.043333053588867,60.95625686645508,173.9693603515625
2015-03-20,13.20533275604248,61.11762237548828,175.5049591064453
2015-03-23,13.308667182922363,61.146949768066406,175.16297912597656
2015-03-24,13.447999954223633,61.249629974365234,174.17868041992188
2015-03-25,12.953332901000977,61.15431213378906,171.6263427734375
2015-03-26,12.694000244140625,60.95625686645508,171.21763610839844
2015-03-27,12.333333015441895,61.01493453979492,171.6096649169922
2015-03-30,12.704667091369629,61.08823776245117,173.7032012939453
2015-03-31,12.584667205810547,61.15431213378906,172.18521118164062
2015-04-01,12.505999565124512,61.39765548706055,171.57632446289062
2015-04-02,12.733332633972168,61.3167839050293,172.19358825683594
2015-04-06,13.539999961853027,61.36822509765625,173.35293579101562
2015-04-07,13.550000190734863,61.405006408691406,172.89419555664062
2015-04-08,13.844667434692383,61.360843658447266,173.4780731201172
2015-04-09,14.005999565124512,61.22856903076172,174.24551391601562
2015-04-10,14.0600004196167,61.19915008544922,175.19630432128906
2015-04-13,13.985333442687988,61.21384048461914,174.40391540527344
2015-04-14,13.830666542053223,61.324134826660156,174.73757934570312
2015-04-15,13.85533332824707,61.38294982910156,175.5216522216797
2015-04-16,13.779999732971191,61.36822509765625,175.47161865234375
2015-04-17,13.78600025177002,61.47115707397461,173.45309448242188
2015-04-20,13.684666633605957,61.405006408691406,175.037841796875
2015-04-21,13.96066665649414,61.33143997192383,174.829345703125
2015-04-22,14.629332542419434,61.10355758666992,175.6884765625
2015-04-23,14.573332786560059,61.22119140625,176.13055419921875
2015-04-24,14.562000274658203,61.3167839050293,176.53924560546875
2015-04-27,15.436667442321777,61.27262878417969,175.8052215576172
2015-04-28,15.36533260345459,61.08151626586914,176.3641357421875
2015-04-29,15.49666690826416,60.89030075073242,175.63841247558594
2015-04-30,15.069999694824219,60.956520080566406,173.87847900390625
2015-05-01,15.0686674118042,60.771644592285156,175.76353454589844
2015-05-04,15.36733341217041,60.68320083618164,176.26402282714844
2015-05-05,15.529999732971191,60.587440490722656,174.24551391601562
2015-05-06,15.362000465393066,60.418006896972656,173.5281524658203
2015-05-07,15.786666870117188,60.54326629638672,174.220458984375
2015-05-08,15.77400016784668,60.70532989501953,176.51422119140625
2015-05-11,15.965999603271484,60.388572692871094,175.67181396484375
2015-05-12,16.31599998474121,60.3149299621582,175.1462860107422
2015-05-13,16.211999893188477,60.285430908203125,175.17962646484375
2015-05-14,16.273332595825195,60.403289794921875,177.00634765625
2015-05-15,16.589332580566406,60.64638900756836,177.19818115234375
2015-05-18,16.583332061767578,60.42538070678711,177.7487335205078
2015-05-19,16.47599983215332,60.292781829833984,177.69029235839844
2015-05-20,16.290000915527344,60.292781829833984,177.56517028808594
2015-05-21,16.374666213989258,60.48431396484375,178.0823516845703
2015-05-22,16.51533317565918,60.447486877441406,177.65692138671875
2015-05-26,16.497333526611328,60.5948371887207,175.746826171875
2015-05-27,16.495332717895508,60.6242790222168,177.41505432128906
2015-05-28,16.76333236694336,60.63165283203125,177.2148895263672
2015-05-29,16.719999313354492,60.65373229980469,176.11386108398438
2015-06-01,16.6299991607666,60.45151901245117,176.4725341796875
2015-06-02,16.55666732788086,60.28172302246094,176.29737854003906
2015-06-03,16.599332809448242,60.016029357910156,176.76446533203125
2015-06-04,16.39466667175293,60.16367721557617,175.2714080810547
2015-06-05,16.609333038330078,59.927425384521484,174.97109985351562
2015-06-08,17.086000442504883,60.001251220703125,173.8950958251953
2015-06-09,17.066667556762695,59.8240966796875,173.87013244628906
2015-06-10,16.713333129882812,59.698612213134766,175.9553680419922
2015-06-11,16.76066780090332,59.979122161865234,176.52261352539062
2015-06-12,16.71266746520996,59.934844970703125,175.1713409423828
2015-06-15,16.691999435424805,59.942203521728516,174.4206085205078
2015-06-16,16.874666213989258,60.097232818603516,175.3715057373047
2015-06-17,17.360666275024414,60.119327545166016,175.6550750732422
2015-06-18,17.459333419799805,60.07505416870117,177.4818572998047
2015-06-19,17.500667572021484,60.24481964111328,176.69390869140625
2015-06-22,17.319332122802734,59.95698547363281,177.59912109375
2015-06-23,17.844667434692383,59.81673049926758,177.72482299804688
2015-06-24,17.67799949645996,59.927425384521484,176.43411254882812
2015-06-25,17.91933250427246,59.846256256103516,175.89764404296875
2015-06-26,17.805999755859375,59.735530853271484,175.86412048339844
2015-06-29,17.468000411987305,60.03817367553711,172.17620849609375
2015-06-30,17.884000778198242,59.979122161865234,172.53662109375
2015-07-01,17.94333267211914,59.83341979980469,173.9196319580078
2015-07-02,18.667999267578125,59.98133850097656,173.76031494140625
2015-07-06,18.648000717163086,60.188453674316406,173.2657928466797
2015-07-07,17.858667373657227,60.247596740722656,174.35537719726562
2015-07-08,16.997333526611328,60.417701721191406,171.43020629882812
2015-07-09,17.19466781616211,60.218013763427734,171.7403564453125
2015-07-10,17.27666664123535,59.93693923950195,173.90281677246094
2015-07-13,17.477333068847656,59.79643249511719,175.82228088378906
2015-07-14,17.709999084472656,59.90739059448242,176.58493041992188
2015-07-15,17.542667388916016,60.077476501464844,176.5262908935547
2015-07-16,17.778667449951172,60.077476501464844,177.94277954101562
2015-07-17,18.310667037963867,60.084861755371094,178.0936279296875
2015-07-20,18.817333221435547,60.00349426269531,178.1858673095703
2015-07-21,17.784666061401367,60.114418029785156,177.4818572998047
2015-07-22,17.857999801635742,60.13667678833008,177.1632537841797
2015-07-23,17.81333351135254,60.277191162109375,176.1658477783203
2015-07-24,17.694000244140625,60.31415939331055,174.33868408203125
2015-07-27,16.867332458496094,60.43250274658203,173.32449340820312
2015-07-28,17.654666900634766,60.328895568847656,175.45343017578125
2015-07-29,17.58799934387207,60.277191162109375,176.66038513183594
2015-07-30,17.785999298095703,60.299339294433594,176.7022705078125
2015-07-31,17.74333381652832,60.50645446777344,176.43411254882812
2015-08-03,17.332666397094727,60.646488189697266,175.8389892578125
2015-08-04,17.75200080871582,60.43901062011719,175.495361328125
2015-08-05,18.0086669921875,60.34266662597656,176.07371520996094
2015-08-06,16.408666610717773,60.37975311279297,174.6320343017578
2015-08-07,16.167333602905273,60.50571823120117,174.29676818847656
2015-08-10,16.076000213623047,60.37975311279297,176.49276733398438
2015-08-11,15.824666976928711,60.60948181152344,174.90025329589844
2015-08-12,15.878000259399414,60.58723831176758,175.1097869873047
2015-08-13,16.167333602905273,60.46125793457031,174.89186096191406
2015-08-14,16.209999084472656,60.43901062011719,175.52886962890625
2015-08-17,16.999332427978516,60.55018615722656,176.509521484375
2015-08-18,17.381332397460938,60.43901062011719,175.9982452392578
2015-08-19,17.016666412353516,60.65391540527344,174.6068878173828
2015-08-20,16.14533233642578,60.705833435058594,170.96083068847656
2015-08-21,15.38466739654541,60.80213928222656,165.8144989013672
2015-08-24,14.591333389282227,60.78733444213867,158.8325958251953
2015-08-25,14.66866683959961,60.58723831176758,156.9635009765625
2015-08-26,14.989333152770996,60.32784652709961,162.98992919921875
2015-08-27,16.19933319091797,60.40938186645508,167.02151489257812
2015-08-28,16.565332412719727,60.43901062011719,167.02984619140625
2015-08-31,16.604000091552734,60.35746383666992,165.68040466308594
2015-09-01,15.908666610717773,60.504547119140625,160.73524475097656
2015-09-02,16.512666702270508,60.459991455078125,163.78616333007812
2015-09-03,16.3713321685791,60.504547119140625,163.90353393554688
2015-09-04,16.1286678314209,60.65306854248047,161.42247009277344
2015-09-08,16.544666290283203,60.504547119140625,165.47923278808594
2015-09-09,16.5939998626709,60.489681243896484,163.26646423339844
2015-09-10,16.565332412719727,60.363407135009766,164.1549835205078
2015-09-11,16.682666778564453,60.489681243896484,164.9009246826172
2015-09-14,16.87933349609375,60.504547119140625,164.28907775878906
2015-09-15,16.904666900634766,60.252010345458984,166.34259033203125
2015-09-16,17.483333587646484,60.214927673339844,167.7842254638672
2015-09-17,17.471332550048828,60.55649185180664,167.406982421875
2015-09-18,17.374666213989258,60.72734069824219,164.67137145996094
2015-09-21,17.613332748413086,60.504547119140625,165.5223388671875
2015-09-22,17.395999908447266,60.61594009399414,163.3738555908203
2015-09-23,17.40399932861328,60.61594009399414,163.11273193359375
2015-09-24,17.541332244873047,60.63822555541992,162.52293395996094
2015-09-25,17.12733268737793,60.52681350708008,162.4807891845703
2015-09-28,16.562000274658203,60.68275833129883,158.40296936035156
2015-09-29,16.44333267211914,60.72734069824219,158.49563598632812
2015-09-30,16.559999465942383,60.84614181518555,161.4529266357422
2015-10-01,15.991999626159668,60.87886428833008,161.8742218017578
2015-10-02,16.504667282104492,61.10960006713867,164.292236328125
2015-10-05,16.40999984741211,60.87148666381836,167.21578979492188
2015-10-06,16.097333908081055,60.95329284667969,166.6428680419922
2015-10-07,15.46399974822998,60.95329284667969,168.0077667236328
2015-10-08,15.114666938781738,60.856597900390625,169.52430725097656
2015-10-09,14.712667465209961,60.8491096496582,169.62538146972656
2015-10-12,14.371999740600586,60.95329284667969,169.7854766845703
2015-10-13,14.616666793823242,60.99052047729492,168.7154998779297
2015-10-14,14.458666801452637,61.213741302490234,167.90660095214844
2015-10-15,14.753999710083008,61.094688415527344,170.48475646972656
2015-10-16,15.133999824523926,61.07235336303711,171.25987243652344
2015-10-19,15.206666946411133,61.07235336303711,171.3441162109375
2015-10-20,14.20199966430664,60.97565460205078,171.1250762939453
2015-10-21,14.005999565124512,61.087284088134766,170.06346130371094
2015-10-22,14.114666938781738,61.19141387939453,172.93650817871094
2015-10-23,13.939332962036133,61.035152435302734,174.83216857910156
2015-10-26,14.350666999816895,61.10211181640625,174.40257263183594
2015-10-27,14.023332595825195,61.117008209228516,174.0654754638672
2015-10-28,14.197333335876465,60.94586944580078,176.04539489746094
2015-10-29,14.108667373657227,60.73006820678711,175.94430541992188
2015-10-30,13.795332908630371,60.8640022277832,175.1859893798828
2015-11-02,14.252667427062988,60.74394226074219,177.25865173339844
2015-11-03,13.890000343322754,60.6395149230957,177.77259826660156
2015-11-04,15.442000389099121,60.67685317993164,177.23338317871094
2015-11-05,15.451333045959473,60.564964294433594,177.05641174316406
2015-11-06,15.490667343139648,60.326351165771484,176.96377563476562
2015-11-09,15.022000312805176,60.274166107177734,175.31246948242188
2015-11-10,14.433333396911621,60.34125900268555,175.7168426513672
2015-11-11,14.60533332824707,60.348731994628906,175.02597045898438
2015-11-12,14.196000099182129,60.35617446899414,172.58262634277344
2015-11-13,13.812666893005371,60.468021392822266,170.6448516845703
2015-11-16,14.287332534790039,60.468021392822266,173.23983764648438
2015-11-17,14.266667366027832,60.53516387939453,173.11341857910156
2015-11-18,14.73799991607666,60.505340576171875,175.86004638671875
2015-11-19,14.786666870117188,60.587379455566406,175.70835876464844
2015-11-20,14.667332649230957,60.572425842285156,176.3487091064453
2015-11-23,14.516667366027832,60.59482192993164,176.1465301513672
2015-11-24,14.550000190734863,60.617183685302734,176.38243103027344
2015-11-25,15.309332847595215,60.62465286254883,176.35716247558594
2015-11-27,15.440667152404785,60.654483795166016,176.55935668945312
2015-11-30,15.350666999816895,60.62465286254883,175.82638549804688
2015-12-01,15.812666893005371,60.85403060913086,177.5030059814453
2015-12-02,15.465999603271484,60.779327392578125,175.69155883789062
2015-12-03,15.513999938964844,60.3085823059082,173.23143005371094
2015-12-04,15.358667373657227,60.54768371582031,176.60995483398438
2015-12-07,15.408666610717773,60.652286529541016,175.53990173339844
2015-12-08,15.114666938781738,60.66720199584961,174.3603973388672
2015-12-09,14.968000411987305,60.64482879638672,173.00396728515625
2015-12-10,15.137999534606934,60.637351989746094,173.4504852294922
2015-12-11,14.468000411987305,60.80174255371094,170.08880615234375
2015-12-14,14.571999549865723,60.51776885986328,170.9481658935547
2015-12-15,14.739333152770996,60.450523376464844,172.74273681640625
2015-12-16,15.633999824523926,60.38330841064453,175.27029418945312
2015-12-17,15.559332847595215,60.510318756103516,172.59950256347656
2015-12-18,15.36400032043457,60.64482879638672,169.52467346191406
2015-12-21,15.503999710083008,60.57759475708008,170.9230499267578
2015-12-22,15.329999923706055,60.4953727722168,172.47398376464844
2015-12-23,15.313332557678223,60.50287628173828,174.60984802246094
2015-12-24,15.371333122253418,60.54782485961914,174.3217010498047
2015-12-28,15.263333320617676,60.54782485961914,173.9233856201172
2015-12-29,15.812666893005371,60.360511779785156,175.7794952392578
2015-12-30,15.87266731262207,60.397972106933594,174.53359985351562
2015-12-31,16.000667572021484,60.51786804199219,172.7876739501953
2016-01-04,14.894000053405762,60.4879150390625,170.37217712402344
2016-01-05,14.895333290100098,60.56280517578125,170.66033935546875
2016-01-06,14.602666854858398,60.832584381103516,168.5076446533203
2016-01-07,14.376667022705078,60.840065002441406,164.46482849121094
2016-01-08,14.066666603088379,60.91501998901367,162.65957641601562
2016-01-11,13.856666564941406,60.66020202636719,162.82061767578125
2016-01-12,13.998000144958496,60.81761169433594,164.1343231201172
2016-01-13,13.354000091552734,60.967464447021484,160.04067993164062
2016-01-14,13.745332717895508,60.892513275146484,162.66802978515625
2016-01-15,13.666000366210938,60.9974250793457,159.17616271972656
2016-01-19,13.64799976348877,60.92253494262695,159.3880615234375
2016-01-20,13.24666690826416,60.98992919921875,157.34548950195312
2016-01-21,13.33133316040039,60.95248794555664,158.22694396972656
2016-01-22,13.50333309173584,60.929996490478516,161.47303771972656
2016-01-25,13.092000007629395,60.929996490478516,159.03208923339844
2016-01-26,12.904000282287598,61.01997375488281,161.2018585205078
2016-01-27,12.538000106811523,61.01997375488281,159.44741821289062
2016-01-28,12.646666526794434,61.06488037109375,160.27798461914062
2016-01-29,12.74666690826416,61.244754791259766,164.1851348876953
2016-02-01,13.129332542419434,61.12005615234375,164.1257781982422
2016-02-02,12.185333251953125,61.33036422729492,161.16790771484375
2016-02-03,11.565333366394043,61.37544250488281,162.1341094970703
2016-02-04,11.688667297363281,61.42045211791992,162.38841247558594
2016-02-05,10.84000015258789,61.36036682128906,159.29481506347656
2016-02-08,9.866000175476074,61.62321853637695,157.1505584716797
2016-02-09,9.883333206176758,61.61567306518555,157.15904235839844
2016-02-10,9.57800006866455,61.74335861206055,157.02342224121094
2016-02-11,10.031332969665527,61.78089904785156,154.98086547851562
2016-02-12,10.06933307647705,61.5781364440918,158.1761474609375
2016-02-16,10.344667434692383,61.48806381225586,160.8458709716797
2016-02-17,11.245332717895508,61.4730110168457,163.47315979003906
2016-02-18,11.118000030517578,61.68326187133789,162.80361938476562
2016-02-19,11.10533332824707,61.60068130493164,162.72735595703125
2016-02-22,11.849332809448242,61.61567306518555,165.08355712890625
2016-02-23,11.814000129699707,61.653228759765625,162.99859619140625
2016-02-24,11.933333396911621,61.69832992553711,163.74444580078125
2016-02-25,12.495332717895508,61.7884407043457,165.72764587402344
2016-02-26,12.689332962036133,61.72834014892578,165.34629821777344
2016-02-29,12.795332908630371,61.765899658203125,164.0495147705078
2016-03-01,12.423333168029785,61.55894088745117,167.9058380126953
2016-03-02,12.555999755859375,61.5213508605957,168.66017150878906
2016-03-03,13.049332618713379,61.55145263671875,169.32119750976562
2016-03-04,13.402667045593262,61.5213508605957,169.8721466064453
2016-03-07,13.685999870300293,61.506282806396484,170.0076904296875
2016-03-08,13.506667137145996,61.709442138671875,168.15159606933594
2016-03-09,13.914667129516602,61.604148864746094,168.9822235107422
2016-03-10,13.678667068481445,61.574031829833984,169.11782836914062
2016-03-11,13.833333015441895,61.49125289916992,171.84690856933594
2016-03-14,14.34333324432373,61.62666702270508,171.6265411376953
2016-03-15,14.555999755859375,61.56650924682617,171.34686279296875
2016-03-16,14.795332908630371,61.807281494140625,172.33843994140625
2016-03-17,15.092000007629395,61.94270706176758,173.43179321289062
2016-03-18,15.515999794006348,61.995384216308594,174.11334228515625
2016-03-21,15.887999534606934,61.882537841796875,174.36041259765625
2016-03-22,15.616000175476074,61.86748123168945,174.26663208007812
2016-03-23,14.838666915893555,62.00291442871094,173.1165771484375
2016-03-24,15.183333396911621,61.927677154541016,173.03988647460938
2016-03-28,15.350666999816895,61.95777130126953,173.14215087890625
2016-03-29,15.342000007629395,62.213600158691406,174.7436981201172
2016-03-30,15.12600040435791,62.191043853759766,175.51043701171875
2016-03-31,15.317999839782715,62.31142044067383,175.08450317382812
2016-04-01,15.839332580566406,62.3815803527832,176.27719116210938
2016-04-04,16.465999603271484,62.3815803527832,175.70639038085938
2016-04-05,17.031333923339844,62.49465560913086,173.9514617919922
2016-04-06,17.69466781616211,62.4644889831543,175.85122680664062
2016-04-07,17.14666748046875,62.6681022644043,173.74697875976562
2016-04-08,16.67133331298828,62.61530303955078,174.21556091308594
2016-04-11,16.661333084106445,62.60776138305664,173.80662536621094
2016-04-12,16.521333694458008,62.50973129272461,175.4252471923828
2016-04-13,16.968666076660156,62.54743957519531,177.197265625
2016-04-14,16.790666580200195,62.49465560913086,177.20571899414062
2016-04-15,16.96733283996582,62.637908935546875,177.00979614257812
2016-04-18,16.92533302307129,62.61530303955078,178.25364685058594
2016-04-19,16.4913330078125,62.65301513671875,178.81585693359375
2016-04-20,16.6646671295166,62.47956466674805,178.98622131347656
2016-04-21,16.55266761779785,62.4041862487793,178.0236053466797
2016-04-22,16.916667938232422,62.3815803527832,178.0236053466797
2016-04-25,16.788000106811523,62.306129455566406,177.71682739257812
2016-04-26,16.916000366210938,62.21568298339844,177.98097229003906
2016-04-27,16.764667510986328,62.4041862487793,178.34732055664062
2016-04-28,16.513999938964844,62.517269134521484,176.7286834716797
2016-04-29,16.05066680908203,62.5625114440918,175.77450561523438
2016-05-02,16.1200008392334,62.45217514038086,177.17161560058594
2016-05-03,15.48799991607666,62.62599563598633,175.6296844482422
2016-05-04,14.837332725524902,62.64863586425781,174.65000915527344
2016-05-05,14.10200023651123,62.761966705322266,174.61595153808594
2016-05-06,14.328666687011719,62.73176574707031,175.2548828125
2016-05-09,13.928000450134277,62.77710723876953,175.3997039794922
2016-05-10,13.912667274475098,62.77710723876953,177.58053588867188
2016-05-11,13.93066692352295,62.792205810546875,175.91940307617188
2016-05-12,13.8186674118042,62.799739837646484,175.97048950195312
2016-05-13,13.840666770935059,62.867759704589844,174.43699645996094
2016-05-16,13.88599967956543,62.73176574707031,176.15789794921875
2016-05-17,13.644000053405762,62.68641662597656,174.5137481689453
2016-05-18,14.07800006866455,62.39178466796875,174.5648651123047
2016-05-19,14.347332954406738,62.45977783203125,173.9599609375
2016-05-20,14.685333251953125,62.45977783203125,175.05894470214844
2016-05-23,14.414667129516602,62.4748649597168,174.8204345703125
2016-05-24,14.52733325958252,62.444671630859375,177.0865020751953
2016-05-25,14.638667106628418,62.4220085144043,178.28765869140625
2016-05-26,15.008000373840332,62.52776336669922,178.33877563476562
2016-05-27,14.869333267211914,62.50511932373047,179.10548400878906
2016-05-31,14.881999969482422,62.5579948425293,178.7647247314453
2016-06-01,14.637332916259766,62.57994079589844,179.1310577392578
2016-06-02,14.597332954406738,62.70106887817383,179.6763153076172
2016-06-03,14.599332809448242,63.09474182128906,179.1395721435547
2016-06-06,14.711999893188477,62.99635314941406,180.05108642578125
2016-06-07,15.489333152770996,63.0039176940918,180.33230590820312
2016-06-08,15.701333045959473,63.0796012878418,180.92005920410156
2016-06-09,15.290666580200195,63.14017105102539,180.67294311523438
2016-06-10,14.586000442504883,63.20074462890625,178.960693359375
2016-06-13,14.524666786193848,63.21590042114258,177.58053588867188
2016-06-14,14.330666542053223,63.20830535888672,177.23126220703125
2016-06-15,14.513333320617676,63.35211944580078,176.98428344726562
2016-06-16,14.528667449951172,63.420310974121094,177.51246643066406
2016-06-17,14.364666938781738,63.32942199707031,176.85134887695312
2016-06-20,14.646666526794434,63.18559265136719,177.99026489257812
2016-06-21,14.640666961669922,63.10231018066406,178.4954833984375
2016-06-22,13.11066722869873,63.12501907348633,178.204345703125
2016-06-23,13.09333324432373,63.011505126953125,180.5250701904297
2016-06-24,12.876667022705078,63.367279052734375,174.04254150390625
2016-06-27,13.236666679382324,63.68525314331055,170.92544555664062
2016-06-28,13.452667236328125,63.760990142822266,174.00830078125
2016-06-29,14.012666702270508,63.73828125,176.97120666503906
2016-06-30,14.152000427246094,63.82151794433594,179.3860321044922
2016-07-01,14.433333396911621,63.999061584472656,179.7628631591797
2016-07-05,14.26533317565918,64.21903228759766,178.46983337402344
2016-07-06,14.295999526977539,64.33281707763672,179.54022216796875
2016-07-07,14.395999908447266,64.2265853881836,179.42889404296875
2016-07-08,14.45199966430664,64.39347839355469,182.10069274902344
2016-07-11,14.985333442687988,64.2038803100586,182.7429656982422
2016-07-12,14.976667404174805,63.945960998535156,184.07032775878906
2016-07-13,14.835332870483398,64.05974578857422,184.0446014404297
2016-07-14,14.768667221069336,63.961116790771484,185.0722198486328
2016-07-15,14.69333267211914,63.756317138671875,184.82383728027344
2016-07-18,15.083333015441895,63.77909469604492,185.32052612304688
2016-07-19,15.017333030700684,63.87767028808594,185.13214111328125
2016-07-20,15.223999977111816,63.80939483642578,185.9028778076172
2016-07-21,14.699999809265137,63.8852653503418,185.20066833496094
2016-07-22,14.817999839782715,63.89287567138672,186.0312957763672
2016-07-25,15.333999633789062,63.854896545410156,185.5260467529297
2016-07-26,15.300666809082031,63.84733963012695,185.6116943359375
2016-07-27,15.232666969299316,64.03697967529297,185.41470336914062
2016-07-28,15.37399959564209,63.999061584472656,185.62879943847656
2016-07-29,15.652667045593262,64.2038803100586,185.9285125732422
2016-08-01,15.333999633789062,64.00243377685547,185.77439880371094
2016-08-02,15.146666526794434,63.94162368774414,184.58407592773438
2016-08-03,15.052666664123535,63.94162368774414,185.12355041503906
2016-08-04,15.37399959564209,64.0556869506836,185.32052612304688
2016-08-05,15.335332870483398,63.84281539916992,186.83627319335938
2016-08-08,15.077333450317383,63.85042953491211,186.72494506835938
2016-08-09,15.272000312805176,64.03287506103516,186.83627319335938
2016-08-10,15.043333053588867,64.11643981933594,186.3738250732422
2016-08-11,14.994000434875488,63.949256896972656,187.23873901367188
2016-08-12,15.040666580200195,64.09365844726562,187.07606506347656
2016-08-15,15.03933334350586,63.98723602294922,187.6155548095703
2016-08-16,14.907333374023438,63.956844329833984,186.6478729248047
2016-08-17,14.88266658782959,64.0556869506836,186.99900817871094
2016-08-18,14.900667190551758,64.1240463256836,187.4185791015625
2016-08-19,15.0,63.99484634399414,187.14453125
2016-08-22,14.862000465393066,64.08602905273438,187.135986328125
2016-08-23,14.989333152770996,64.11643981933594,187.5127716064453
2016-08-24,14.841333389282227,64.10884094238281,186.55369567871094
2016-08-25,14.730667114257812,64.04044342041016,186.4252166748047
2016-08-26,14.666000366210938,63.880821228027344,186.07408142089844
2016-08-29,14.346667289733887,64.10124969482422,186.99041748046875
2016-08-30,14.089332580566406,64.04802703857422,186.68215942382812
2016-08-31,14.133999824523926,64.00243377685547,186.15121459960938
2016-09-01,13.38466739654541,64.0907974243164,186.1597442626953
2016-09-02,13.185333251953125,63.99939727783203,186.99900817871094
2016-09-06,13.522000312805176,64.18978881835938,187.56414794921875
2016-09-07,13.447333335876465,64.19741821289062,187.5470428466797
2016-09-08,13.157333374023438,63.95369338989258,187.11883544921875
2016-09-09,12.964667320251465,63.67195129394531,182.64013671875
2016-09-12,13.220000267028809,63.694793701171875,185.26058959960938
2016-09-13,13.069999694824219,63.511962890625,182.5973663330078
2016-09-14,13.093999862670898,63.59577178955078,182.52886962890625
2016-09-15,13.361332893371582,63.64910888671875,184.35287475585938
2016-09-16,13.69333267211914,63.702392578125,183.6402130126953
2016-09-19,13.755999565124512,63.65666198730469,183.67466735839844
2016-09-20,13.642666816711426,63.67195129394531,183.68325805664062
2016-09-21,13.6813325881958,63.85468292236328,185.74887084960938
2016-09-22,13.76200008392334,63.984107971191406,186.91937255859375
2016-09-23,13.829999923706055,63.96894073486328,185.89517211914062
2016-09-26,13.932666778564453,64.0755386352539,184.38900756835938
2016-09-27,13.720666885375977,64.1517105102539,185.53372192382812
2016-09-28,13.751333236694336,64.1517105102539,186.45460510253906
2016-09-29,13.380000114440918,64.15934753417969,184.7677001953125
2016-09-30,13.60200023651123,64.0755386352539,186.1620330810547
2016-10-03,14.24666690826416,64.00762939453125,185.7144317626953
2016-10-04,14.093999862670898,63.79399871826172,184.7677001953125
2016-10-05,13.897333145141602,63.68721008300781,185.58531188964844
2016-10-06,13.399999618530273,63.664283752441406,185.7144317626953
2016-10-07,13.107333183288574,63.71771240234375,185.0775146484375
2016-10-10,13.396666526794434,63.64906311035156,186.04148864746094
2016-10-11,13.34000015258789,63.54986572265625,183.69183349609375
2016-10-12,13.434000015258789,63.58797836303711,183.93287658691406
2016-10-13,13.349332809448242,63.664283752441406,183.3303985595703
2016-10-14,13.100666999816895,63.53457260131836,183.42507934570312
2016-10-17,12.93066692352295,63.67195129394531,182.78817749023438
2016-10-18,13.273332595825195,63.755863189697266,183.93287658691406
2016-10-19,13.570667266845703,63.801666259765625,184.42343139648438
2016-10-20,13.273332595825195,63.76350784301758,184.0792236328125
2016-10-21,13.339332580566406,63.81687545776367,184.16526794433594
2016-10-24,13.517333030700684,63.725364685058594,184.9484100341797
2016-10-25,13.489333152770996,63.725364685058594,184.3287353515625
2016-10-26,13.482666969299316,63.61089324951172,183.9586944580078
2016-10-27,13.600666999816895,63.435386657714844,183.46812438964844
2016-10-28,13.33133316040039,63.404911041259766,182.92587280273438
2016-10-31,13.182000160217285,63.47355270385742,182.9345245361328
2016-11-01,12.719332695007324,63.45289993286133,181.6090545654297
2016-11-02,12.534667015075684,63.514041900634766,180.51605224609375
2016-11-03,12.494667053222656,63.47582244873047,179.6897735595703
2016-11-04,12.704000473022461,63.590545654296875,179.49179077148438
2016-11-07,12.880666732788086,63.506431579589844,183.4508819580078
2016-11-08,12.996000289916992,63.391761779785156,184.2771453857422
2016-11-09,12.670666694641113,62.76487731933594,186.23086547851562
2016-11-10,12.356666564941406,62.497310638427734,186.69561767578125
2016-11-11,12.570667266845703,62.38260269165039,186.26528930664062
2016-11-14,12.096667289733887,62.14562225341797,186.4115753173828
2016-11-15,12.251333236694336,62.22968673706055,187.8660888671875
2016-11-16,12.26200008392334,62.359649658203125,187.51319885253906
2016-11-17,12.577333450317383,62.10737609863281,188.47718811035156
2016-11-18,12.334667205810547,61.954524993896484,188.05545043945312
2016-11-21,12.3013334274292,61.94689178466797,189.4755401611328
2016-11-22,12.744667053222656,62.000362396240234,189.84559631347656
2016-11-23,12.87600040435791,61.83983612060547,189.94888305664062
2016-11-25,13.109999656677246,61.862789154052734,190.65469360351562
2016-11-28,13.074666976928711,62.008033752441406,189.75955200195312
2016-11-29,12.637999534606934,62.053890228271484,190.12966918945312
2016-11-30,12.626667022705078,61.83983612060547,189.67352294921875
2016-12-01,12.125332832336426,61.61002731323242,188.97637939453125
2016-12-02,12.097999572753906,61.83214569091797,189.071044921875
2016-12-05,12.453332901000977,61.90876388549805,190.2071075439453
2016-12-06,12.390000343322754,61.9011344909668,190.8095703125
2016-12-07,12.876667022705078,62.04666519165039,193.30552673339844
2016-12-08,12.81933307647705,61.92407989501953,193.7788848876953
2016-12-09,12.812000274658203,61.740257263183594,194.94937133789062
2016-12-12,12.828666687011719,61.67131805419922,194.7255859375
2016-12-13,13.210000038146973,61.740257263183594,196.02523803710938
2016-12-14,13.246000289916992,61.4261589050293,194.40716552734375
2016-12-15,13.17199993133545,61.33427047729492,195.2075958251953
2016-12-16,13.499333381652832,61.38787841796875,194.8258056640625
2016-12-19,13.51533317565918,61.5487174987793,195.25001525878906
2016-12-20,13.919333457946777,61.55641555786133,196.003173828125
2016-12-21,13.846667289733887,61.6483154296875,195.45779418945312
2016-12-22,13.896666526794434,61.60610580444336,195.12013244628906
2016-12-23,14.22266674041748,61.63680648803711,195.40582275390625
2016-12-27,14.635333061218262,61.59072494506836,195.8906707763672
2016-12-28,14.649333000183105,61.74431610107422,194.27174377441406
2016-12-29,14.312000274658203,61.91323471069336,194.22840881347656
2016-12-30,14.246000289916992,62.043853759765625,193.51853942871094
2017-01-03,14.465999603271484,62.05147171020508,194.99896240234375
2017-01-04,15.13266658782959,62.097564697265625,196.1590576171875
2017-01-05,15.116666793823242,62.41241455078125,196.003173828125
2017-01-06,15.267333030700684,62.166683197021484,196.70443725585938
2017-01-09,15.41866683959961,62.32029724121094,196.05519104003906
2017-01-10,15.324666976928711,62.3049201965332,196.05519104003906
2017-01-11,15.315333366394043,62.33564758300781,196.60926818847656
2017-01-12,15.305999755859375,62.350990295410156,196.11572265625
2017-01-13,15.850000381469727,62.25117492675781,196.5659637451172
2017-01-17,15.70533275604248,62.44317626953125,195.87332153320312
2017-01-18,15.890666961669922,62.12066650390625,196.30628967285156
2017-01-19,16.250667572021484,62.01312255859375,195.57894897460938
2017-01-20,16.315332412719727,62.0591926574707,196.2975311279297
2017-01-23,16.594667434692383,62.22816848754883,195.78675842285156
2017-01-24,16.974000930786133,62.1359748840332,197.0421142578125
2017-01-25,16.96466636657715,61.9516716003418,198.74761962890625
2017-01-26,16.833999633789062,61.974693298339844,198.5398406982422
2017-01-27,16.863332748413086,62.043853759765625,198.2281494140625
2017-01-30,16.708667755126953,62.02846145629883,196.99880981445312
2017-01-31,16.795333862304688,62.15904998779297,196.98146057128906
2017-02-01,16.615999221801758,62.04975128173828,197.0593719482422
2017-02-02,16.770000457763672,62.08823013305664,197.18930053710938
2017-02-03,16.755332946777344,62.10359191894531,198.54852294921875
2017-02-06,17.184667587280273,62.29597854614258,198.19349670410156
2017-02-07,17.165332794189453,62.39605712890625,198.20217895507812
2017-02-08,17.472000122070312,62.56534957885742,198.4619140625
2017-02-09,17.946666717529297,62.39605712890625,199.63929748535156
2017-02-10,17.948667526245117,62.380653381347656,200.42710876464844
2017-02-13,18.706666946411133,62.311405181884766,201.5179443359375
2017-02-14,18.73200035095215,62.18054962158203,202.32308959960938
2017-02-15,18.650667190551758,62.08052062988281,203.37930297851562
2017-02-16,17.93000030517578,62.19596862792969,203.2061309814453
2017-02-17,18.148666381835938,62.34218978881836,203.5264434814453
2017-02-21,18.492666244506836,62.33450698852539,204.73846435546875
2017-02-22,18.233999252319336,62.372962951660156,204.5567169189453
2017-02-23,17.06599998474121,62.488399505615234,204.69522094726562
2017-02-24,17.133333206176758,62.719276428222656,204.9549560546875
2017-02-27,16.415332794189453,62.58845138549805,205.27525329589844
2017-02-28,16.666000366210938,62.542232513427734,204.72119140625
2017-03-01,16.667999267578125,62.28628921508789,207.5867919921875
2017-03-02,16.698667526245117,62.170623779296875,206.27955627441406
2017-03-03,16.771333694458008,62.2169189453125,206.40939331054688
2017-03-06,16.747333526611328,62.17835235595703,205.7947235107422
2017-03-07,16.57266616821289,62.06265640258789,205.18002319335938
2017-03-08,16.45800018310547,61.9161491394043,204.79910278320312
2017-03-09,16.32666778564453,61.72341537475586,205.058837890625
2017-03-10,16.246000289916992,61.84677505493164,205.7774200439453
2017-03-13,16.411333084106445,61.72341537475586,205.8812713623047
2017-03-14,17.200000762939453,61.715694427490234,205.09344482421875
2017-03-15,17.048667907714844,62.10122299194336,206.86819458007812
2017-03-16,17.469999313354492,62.00870895385742,206.46133422851562
2017-03-17,17.433332443237305,62.13203811645508,206.09872436523438
2017-03-20,17.461332321166992,62.25541305541992,205.87269592285156
2017-03-21,16.711999893188477,62.40190124511719,203.2293701171875
2017-03-22,17.000667572021484,62.48676681518555,203.7075958251953
2017-03-23,16.985332489013672,62.45590591430664,203.49024963378906
2017-03-24,17.54400062561035,62.44049072265625,203.34242248535156
2017-03-27,18.014667510986328,62.571563720703125,203.1337127685547
2017-03-28,18.496667861938477,62.45590591430664,204.6118621826172
2017-03-29,18.492000579833984,62.57926940917969,204.8031463623047
2017-03-30,18.527999877929688,62.479061126708984,205.45526123046875
2017-03-31,18.553333282470703,62.517581939697266,204.9770965576172
2017-04-03,19.90133285522461,62.744720458984375,204.62060546875
2017-04-04,20.246667861938477,62.675262451171875,204.7510223388672
2017-04-05,19.666667938232422,62.729312896728516,204.14239501953125
2017-04-06,19.913333892822266,62.752525329589844,204.7161865234375
2017-04-07,20.16933250427246,62.61343002319336,204.50753784179688
2017-04-10,20.826000213623047,62.675262451171875,204.62928771972656
2017-04-11,20.58066749572754,62.876094818115234,204.3857879638672
2017-04-12,19.78933334350586,63.0229606628418,203.49024963378906
2017-04-13,20.266666412353516,63.11567306518555,202.1685791015625
2017-04-17,20.09600067138672,63.07701873779297,203.95977783203125
2017-04-18,20.016666412353516,63.301109313964844,203.35107421875
2017-04-19,20.368000030517578,63.18521499633789,202.97726440429688
2017-04-20,20.167333602905273,63.100196838378906,204.62928771972656
2017-04-21,20.373332977294922,63.11567306518555,203.97714233398438
2017-04-24,20.53533363342285,63.0306510925293,206.22044372558594
2017-04-25,20.91933250427246,62.83747100830078,207.42039489746094
2017-04-26,20.67799949645996,62.89931106567383,207.28994750976562
2017-04-27,20.575332641601562,62.945709228515625,207.46383666992188
2017-04-28,20.937999725341797,63.015235900878906,207.01173400878906
2017-05-01,21.52199935913086,62.89753341674805,207.5333709716797
2017-05-02,21.25933265686035,63.00593566894531,207.61170959472656
2017-05-03,20.73466682434082,62.93619918823242,207.35952758789062
2017-05-04,19.69733238220215,62.866539001464844,207.60299682617188
2017-05-05,20.55666732788086,62.905250549316406,208.4203338623047
2017-05-08,20.479333877563477,62.796844482421875,208.38558959960938
2017-05-09,21.417333602905273,62.765907287597656,208.19422912597656
2017-05-10,21.681333541870117,62.75815200805664,208.5681610107422
2017-05-11,21.540000915527344,62.804622650146484,208.14202880859375
2017-05-12,21.65399932861328,62.990440368652344,207.79425048828125
2017-05-15,21.058666229248047,62.974945068359375,208.94200134277344
2017-05-16,21.134000778198242,63.036895751953125,208.75074768066406
2017-05-17,20.407333374023438,63.37757873535156,205.04666137695312
2017-05-18,20.87066650390625,63.323387145996094,205.87269592285156
2017-05-19,20.722000122070312,63.36209487915039,207.2117462158203
2017-05-22,20.690000534057617,63.30790710449219,208.2637939453125
2017-05-23,20.257333755493164,63.17627716064453,208.72463989257812
2017-05-24,20.681333541870117,63.30790710449219,209.2115936279297
2017-05-25,21.121999740600586,63.30790710449219,210.2115020751953
2017-05-26,21.676000595092773,63.33888244628906,210.1680450439453
2017-05-30,22.34000015258789,63.431785583496094,209.9854278564453
2017-05-31,22.733999252319336,63.46273422241211,209.9332733154297
2017-06-01,22.691333770751953,63.4798698425293,211.60272216796875
2017-06-02,22.656667709350586,63.689353942871094,212.30697631835938
2017-06-05,23.154666900634766,63.588470458984375,212.15049743652344
2017-06-06,23.523332595825195,63.70485305786133,211.47225952148438
2017-06-07,23.976667404174805,63.619503021240234,211.86354064941406
2017-06-08,24.666667938232422,63.57293701171875,211.9678955078125
2017-06-09,23.821332931518555,63.51862716674805,211.64622497558594
2017-06-12,23.93400001525879,63.50311279296875,211.60272216796875
2017-06-13,25.06333351135254,63.51862716674805,212.6374053955078
2017-06-14,25.37733268737793,63.75143051147461,212.3678741455078
2017-06-15,25.022666931152344,63.68163299560547,211.95921325683594
2017-06-16,24.760000228881836,63.75143051147461,212.0055389404297
2017-06-19,24.65333366394043,63.65831756591797,213.77047729492188
2017-06-20,24.81599998474121,63.75143051147461,212.3287811279297
2017-06-21,25.093332290649414,63.78245162963867,212.27638244628906
2017-06-22,25.507333755493164,63.80576705932617,212.18023681640625
2017-06-23,25.56333351135254,63.821258544921875,212.43368530273438
2017-06-26,25.166000366210938,63.891109466552734,212.57347106933594
2017-06-27,24.158000946044922,63.673851013183594,210.8609161376953
2017-06-28,24.749332427978516,63.673851013183594,212.7482147216797
2017-06-29,24.049999237060547,63.54193115234375,210.87841796875
2017-06-30,24.107332229614258,63.49534225463867,211.2715301513672
2017-07-03,23.507999420166016,63.502410888671875,211.62977600097656
2017-07-05,21.805999755859375,63.54132843017578,212.1190643310547
2017-07-06,20.588666915893555,63.393280029296875,210.1793975830078
2017-07-07,20.881332397460938,63.37770080566406,211.54238891601562
2017-07-10,21.06999969482422,63.40885543823242,211.76959228515625
2017-07-11,21.814666748046875,63.471195220947266,211.6123504638672
2017-07-12,21.968000411987305,63.6192512512207,213.20254516601562
2017-07-13,21.560667037963867,63.59588623046875,213.5607452392578
2017-07-14,21.851999282836914,63.6192512512207,214.55690002441406
2017-07-17,21.30466651916504,63.704952239990234,214.53062438964844
2017-07-18,21.882667541503906,63.852996826171875,214.64425659179688
2017-07-19,21.68400001525879,63.86079025268555,215.80628967285156
2017-07-20,21.994667053222656,63.899757385253906,215.9024200439453
2017-07-21,21.893333435058594,63.96986770629883,215.710205078125
2017-07-24,22.834667205810547,63.93873977661133,215.65777587890625
2017-07-25,22.639999389648438,63.69717788696289,216.18203735351562
2017-07-26,22.92333221435547,63.852996826171875,216.19073486328125
2017-07-27,22.297332763671875,63.775047302246094,215.9898223876953
2017-07-28,22.33799934387207,63.89194869995117,215.73641967773438
2017-07-31,21.564666748046875,63.8841552734375,215.61412048339844
2017-08-01,21.30466651916504,64.14391326904297,216.09463500976562
2017-08-02,21.72599983215332,64.10478973388672,216.199462890625
2017-08-03,23.139333724975586,64.23780822753906,215.78009033203125
2017-08-04,23.79400062561035,64.13607788085938,216.17324829101562
2017-08-07,23.67799949645996,64.15959930419922,216.57521057128906
2017-08-08,24.347999572753906,64.07351684570312,216.04220581054688
2017-08-09,24.235332489013672,64.12042236328125,216.03347778320312
2017-08-10,23.69333267211914,64.21437072753906,212.984130859375
2017-08-11,23.857999801635742,64.26915740966797,213.29864501953125
2017-08-14,24.253332138061523,64.22217559814453,215.4131317138672
2017-08-15,24.155332565307617,64.1126937866211,215.38687133789062
2017-08-16,24.194000244140625,64.20658874511719,215.76260375976562
2017-08-17,23.461332321166992,64.3238754272461,212.39869689941406
2017-08-18,23.163999557495117,64.29261016845703,212.06666564941406
2017-08-21,22.52400016784668,64.3238754272461,212.23268127441406
2017-08-22,22.75666618347168,64.24561309814453,214.45201110839844
2017-08-23,23.51799964904785,64.43343353271484,213.68313598632812
2017-08-24,23.528667449951172,64.33953857421875,213.18507385253906
2017-08-25,23.203332901000977,64.41777801513672,213.68313598632812
2017-08-28,23.04400062561035,64.4490966796875,213.69186401367188
2017-08-29,23.157333374023438,64.51947021484375,213.93650817871094
2017-08-30,23.545333862304688,64.51168823242188,214.95004272460938
2017-08-31,23.726667404174805,64.56646728515625,216.24319458007812
2017-09-01,23.69333267211914,64.4598159790039,216.54896545410156
2017-09-05,23.305999755859375,64.72642517089844,214.99375915527344
2017-09-06,22.968666076660156,64.61666107177734,215.72764587402344
2017-09-07,23.374000549316406,64.82049560546875,215.70143127441406
2017-09-08,22.893333435058594,64.74991607666016,215.44802856445312
2017-09-11,24.246000289916992,64.55390167236328,217.7460174560547
2017-09-12,24.183332443237305,64.4598159790039,218.47988891601562
2017-09-13,24.415332794189453,64.38140106201172,218.58480834960938
2017-09-14,25.176000595092773,64.42064666748047,218.514892578125
2017-09-15,25.320667266845703,64.42845916748047,218.80909729003906
2017-09-18,25.666667938232422,64.38140106201172,219.27450561523438
2017-09-19,25.00666618347168,64.3343505859375,219.4939422607422
2017-09-20,24.92733383178711,64.27945709228516,219.572998046875
2017-09-21,24.43199920654297,64.26380157470703,218.98472595214844
2017-09-22,23.4060001373291,64.32650756835938,219.0286102294922
2017-09-25,22.999332427978516,64.46768188476562,218.5807342529297
2017-09-26,23.016666412353516,64.4363021850586,218.7124481201172
2017-09-27,22.731332778930664,64.24029541015625,219.5641632080078
2017-09-28,22.639999389648438,64.25593566894531,219.82766723632812
2017-09-29,22.739999771118164,64.26380157470703,220.60035705566406
2017-10-02,22.768667221069336,64.2386474609375,221.55747985839844
2017-10-03,23.209333419799805,64.27007293701172,222.03163146972656
2017-10-04,23.667333602905273,64.27007293701172,222.29505920410156
2017-10-05,23.68866729736328,64.22294616699219,223.61216735839844
2017-10-06,23.79199981689453,64.15223693847656,223.35752868652344
2017-10-09,22.862667083740234,64.2151107788086,222.9887237548828
2017-10-10,23.70599937438965,64.24652862548828,223.57705688476562
2017-10-11,23.639999389648438,64.27796936035156,223.9282989501953
2017-10-12,23.711999893188477,64.33293151855469,223.5946044921875
2017-10-13,23.704666137695312,64.46649169921875,223.86685180664062
2017-10-16,23.373332977294922,64.40362548828125,224.16537475585938
2017-10-17,23.71666717529297,64.41150665283203,224.3234100341797
2017-10-18,23.976667404174805,64.30937957763672,224.54295349121094
2017-10-19,23.45400047302246,64.34082794189453,224.60438537597656
2017-10-20,23.00666618347168,64.18366241455078,225.76344299316406
2017-10-23,22.468000411987305,64.2386474609375,224.88536071777344
2017-10-24,22.48933219909668,64.12866973876953,225.28054809570312
2017-10-25,21.722667694091797,64.07365417480469,224.16537475585938
2017-10-26,21.744667053222656,63.9951057434082,224.4551544189453
2017-10-27,21.391332626342773,64.13652038574219,226.2903289794922
2017-10-30,21.338666915893555,64.28578186035156,225.44732666015625
2017-10-31,22.101999282836914,64.24652862548828,225.79864501953125
2017-11-01,21.405332565307617,64.2882308959961,226.09718322753906
2017-11-02,19.950666427612305,64.35124969482422,226.1850128173828
2017-11-03,20.4060001373291,64.40632629394531,226.94012451171875
2017-11-06,20.185333251953125,64.45358276367188,227.29135131835938
2017-11-07,20.40333366394043,64.47721862792969,227.13328552246094
2017-11-08,20.292667388916016,64.42994689941406,227.51962280273438
2017-11-09,20.19933319091797,64.36701202392578,226.69424438476562
2017-11-10,20.19933319091797,64.10713958740234,226.6239471435547
2017-11-13,21.02666664123535,64.11499786376953,226.83473205566406
2017-11-14,20.579999923706055,64.1937484741211,226.30795288085938
2017-11-15,20.753332138061523,64.34333801269531,225.17518615722656
2017-11-16,20.833332061767578,64.25672149658203,227.0894012451172
2017-11-17,21.003332138061523,64.31973266601562,226.42201232910156
2017-11-20,20.582666397094727,64.28034210205078,226.808349609375
2017-11-21,21.187332153320312,64.33548736572266,228.29234313964844
2017-11-22,20.84000015258789,64.46932220458984,228.0904541015625
2017-11-24,21.036666870117188,64.45358276367188,228.61720275878906
2017-11-27,21.12066650390625,64.42994689941406,228.5030975341797
2017-11-28,21.170000076293945,64.42994689941406,230.8212432861328
2017-11-29,20.502666473388672,64.27249145507812,230.68077087402344
2017-11-30,20.59000015258789,64.17800903320312,232.70030212402344
2017-12-01,20.435333251953125,64.3499984741211,232.21739196777344
2017-12-04,20.34666633605957,64.35787963867188,231.9364013671875
2017-12-05,20.246667861938477,64.43679809570312,231.10220336914062
2017-12-06,20.884000778198242,64.50782012939453,231.1460723876953
2017-12-07,20.749332427978516,64.4209976196289,231.8748779296875
2017-12-08,21.0086669921875,64.39739227294922,233.1393585205078
2017-12-11,21.92733383178711,64.3499984741211,233.84178161621094
2017-12-12,22.735332489013672,64.34213256835938,234.25454711914062
2017-12-13,22.601999282836914,64.52359771728516,234.22813415527344
2017-12-14,22.525999069213867,64.54729461669922,233.2710418701172
2017-12-15,22.89666748046875,64.55517578125,235.21359252929688
2017-12-18,22.591333389282227,64.45256805419922,236.70516967773438
2017-12-19,22.073333740234375,64.25533294677734,235.79608154296875
2017-12-20,21.93199920654297,64.12907409667969,235.6725311279297
2017-12-21,22.110666275024414,64.16853332519531,236.15794372558594
2017-12-22,21.68000030517578,64.20010375976562,236.09620666503906
2017-12-26,21.152666091918945,64.2641830444336,235.81373596191406
2017-12-27,20.775999069213867,64.46190643310547,235.92852783203125
2017-12-28,21.02400016784668,64.4223861694336,236.41397094726562
2017-12-29,20.75666618347168,64.52518463134766,235.52252197265625
2018-01-02,21.368667602539062,64.34327697753906,237.2082061767578
2018-01-03,21.149999618530273,64.3986587524414,238.7085723876953
2018-01-04,20.974666595458984,64.36702728271484,239.71470642089844
2018-01-05,21.10533332824707,64.27999877929688,241.3122100830078
2018-01-08,22.42733383178711,64.28791809082031,241.75343322753906
2018-01-09,22.246000289916992,64.09806823730469,242.3006591796875
2018-01-10,22.31999969482422,64.10597229003906,241.9300079345703
2018-01-11,22.530000686645508,64.10597229003906,243.69505310058594
2018-01-12,22.4146671295166,64.09806823730469,245.2837677001953
2018-01-16,22.67066764831543,64.14546203613281,244.44534301757812
2018-01-17,23.143999099731445,64.0743408203125,246.7752685546875
2018-01-18,22.971332550048828,63.94773483276367,246.36050415039062
2018-01-19,23.334667205810547,63.81329345703125,247.4813995361328
2018-01-22,23.437332153320312,63.765838623046875,249.4935760498047
2018-01-23,23.519332885742188,63.93196487426758,250.0231475830078
2018-01-24,23.05933380126953,63.86073684692383,249.92605590820312
2018-01-25,22.50933265686035,64.03477478027344,250.03192138671875
2018-01-26,22.856666564941406,63.9161262512207,252.92677307128906
2018-01-29,23.302000045776367,63.829078674316406,251.2499542236328
2018-01-30,23.05466651916504,63.71043395996094,248.6727752685547
2018-01-31,23.62066650390625,63.72624969482422,248.79629516601562
2018-02-01,23.28333282470703,63.54948043823242,248.51393127441406
2018-02-02,22.916667938232422,63.35919189453125,243.1038055419922
2018-02-05,22.208667755126953,63.63669967651367,232.9365692138672
2018-02-06,22.264667510986328,63.43059158325195,237.5260009765625
2018-02-07,23.0,63.287845611572266,236.23744201660156
2018-02-08,21.01533317565918,63.24028396606445,227.3764190673828
2018-02-09,20.69466781616211,63.08174133300781,230.7919158935547
2018-02-12,21.048667907714844,63.09761047363281,234.18096923828125
2018-02-13,21.577333450317383,63.15309524536133,234.76353454589844
2018-02-14,21.487333297729492,62.94696044921875,237.931884765625
2018-02-15,22.271333694458008,63.010414123535156,240.9679412841797
2018-02-16,22.365999221801758,63.145164489746094,241.03857421875
2018-02-20,22.31800079345703,63.08174133300781,239.52938842773438
2018-02-21,22.219999313354492,62.84389114379883,238.3378448486328
2018-02-22,23.077999114990234,62.92318344116211,238.64682006835938
2018-02-23,23.469999313354492,63.08969497680664,242.4506378173828
2018-02-26,23.827999114990234,63.121376037597656,245.26617431640625
2018-02-27,23.39933204650879,62.98659133911133,242.20359802246094
2018-02-28,22.87066650390625,63.06584548950195,239.75
2018-03-01,22.062000274658203,63.17310333251953,236.26388549804688
2018-03-02,22.341333389282227,63.05396270751953,237.48184204101562
2018-03-05,22.22333335876465,63.0142822265625,240.22665405273438
2018-03-06,21.8799991607666,63.038082122802734,240.83558654785156
2018-03-07,22.15333366394043,63.02219772338867,240.74732971191406
2018-03-08,21.940000534057617,63.093666076660156,241.9122772216797
2018-03-09,21.81133270263672,63.0142822265625,246.1221466064453
2018-03-12,23.034000396728516,63.07781219482422,245.8133087158203
2018-03-13,22.78933334350586,63.093666076660156,244.22467041015625
2018-03-14,21.775333404541016,63.22874069213867,242.9713592529297
2018-03-15,21.706666946411133,63.236690521240234,242.70664978027344
2018-03-16,21.42333221435547,63.18104934692383,242.96978759765625
2018-03-19,20.90399932861328,63.13340759277344,239.68235778808594
2018-03-20,20.703332901000977,63.05396270751953,240.0899658203125
2018-03-21,21.101999282836914,63.05396270751953,239.6291961669922
2018-03-22,20.606666564941406,63.15725326538086,233.63914489746094
2018-03-23,20.1026668548584,63.17310333251953,228.65924072265625
2018-03-26,20.278667449951172,63.13340759277344,234.9151153564453
2018-03-27,18.61199951171875,63.34790802001953,230.91876220703125
2018-03-28,17.185333251953125,63.339969635009766,230.23648071289062
2018-03-29,17.742000579833984,63.49885177612305,233.17837524414062
2018-04-02,16.832000732421875,63.490909576416016,228.14523315429688
2018-04-03,17.8353328704834,63.41920852661133,231.0693817138672
2018-04-04,19.12933349609375,63.41920852661133,233.54161071777344
2018-04-05,20.381332397460938,63.33158493041992,235.384765625
2018-04-06,19.953332901000977,63.490909576416016,230.1389923095703
2018-04-09,19.310667037963867,63.55457305908203,231.27325439453125
2018-04-10,20.31333351135254,63.44309616088867,234.9505157470703
2018-04-11,20.062000274658203,63.490909576416016,233.7189178466797
2018-04-12,19.60533332824707,63.371402740478516,235.64169311523438
2018-04-13,20.022666931152344,63.41920852661133,234.9505157470703
2018-04-16,19.413999557495117,63.427188873291016,236.8822021484375
2018-04-17,19.179332733154297,63.45107650756836,239.4165496826172
2018-04-18,19.55666732788086,63.243995666503906,239.59375
2018-04-19,20.005332946777344,63.092647552490234,238.2646484375
2018-04-20,19.349332809448242,62.933387756347656,236.24424743652344
2018-04-23,18.891332626342773,62.901519775390625,236.2088165283203
2018-04-24,18.8973331451416,62.79002380371094,233.02769470214844
2018-04-25,18.71266746520996,62.70241165161133,233.6037139892578
2018-04-26,19.031999588012695,62.829811096191406,235.9784393310547
2018-04-27,19.60533332824707,62.925437927246094,236.199951171875
2018-04-30,19.593332290649414,62.957271575927734,234.3834991455078
2018-05-01,19.994667053222656,62.8598747253418,234.79995727539062
2018-05-02,20.07666778564453,62.86786651611328,233.2227020263672
2018-05-03,18.963333129882812,62.92375564575195,232.7086639404297
2018-05-04,19.606000900268555,62.96364974975586,235.72146606445312
2018-05-07,20.184667587280273,62.931732177734375,236.51895141601562
2018-05-08,20.131332397460938,62.88383483886719,236.51895141601562
2018-05-09,20.456666946411133,62.81198501586914,238.80517578125
2018-05-10,20.334667205810547,62.93971252441406,241.03811645507812
2018-05-11,20.070667266845703,63.00358963012695,241.7735595703125
2018-05-14,19.46466636657715,62.92375564575195,241.8887176513672
2018-05-15,18.94533348083496,62.6284065246582,240.22288513183594
2018-05-16,19.09866714477539,62.58050537109375,241.2330322265625
2018-05-17,18.96933364868164,62.52460479736328,241.029296875
2018-05-18,18.454666137695312,62.692283630371094,240.42665100097656
2018-05-21,18.965999603271484,62.692283630371094,242.23434448242188
2018-05-22,18.333999633789062,62.708221435546875,241.5608367919922
2018-05-23,18.60466766357422,62.899784088134766,242.22549438476562
2018-05-24,18.523332595825195,63.02750778198242,241.72927856445312
2018-05-25,18.59000015258789,63.1632080078125,241.1533203125
2018-05-29,18.917333602905273,63.60226058959961,238.3797607421875
2018-05-30,19.447999954223633,63.41067123413086,241.5608367919922
2018-05-31,18.98200035095215,63.38672637939453,240.0811767578125
2018-06-01,19.454666137695312,63.42599868774414,242.4381866455078
2018-06-04,19.78266716003418,63.28968048095703,243.59007263183594
2018-06-05,19.408666610717773,63.345829010009766,243.767333984375
2018-06-06,21.299999237060547,63.16939926147461,245.8053741455078
2018-06-07,21.07266616821289,63.32976150512695,245.77879333496094
2018-06-08,21.17733383178711,63.24956512451172,246.50538635253906
2018-06-11,22.139999389648438,63.193443298339844,246.83322143554688
2018-06-12,22.851333618164062,63.18540573120117,247.1522979736328
2018-06-13,22.985332489013672,63.14530944824219,246.3635711669922
2018-06-14,23.847999572753906,63.28168869018555,246.98388671875
2018-06-15,23.878000259399414,63.28968048095703,246.6687469482422
2018-06-18,24.722000122070312,63.28968048095703,246.16146850585938
2018-06-19,23.503332138061523,63.3939323425293,245.21792602539062
2018-06-20,24.148000717163086,63.24956512451172,245.63621520996094
2018-06-21,23.167333602905273,63.28168869018555,244.096435546875
2018-06-22,22.242000579833984,63.3217658996582,244.54147338867188
2018-06-25,22.200666427612305,63.31373977661133,241.2125701904297
2018-06-26,22.799999237060547,63.41797637939453,241.7466583251953
2018-06-27,22.96666717529297,63.57039260864258,239.74392700195312
2018-06-28,23.32866668701172,63.52226638793945,241.1147003173828
2018-06-29,22.863332748413086,63.50621032714844,241.46173095703125
2018-07-02,22.33799934387207,63.4668083190918,241.97804260253906
2018-07-03,20.724000930786133,63.59543228149414,241.12356567382812
2018-07-05,20.610666275024414,63.6838264465332,243.09060668945312
2018-07-06,20.593332290649414,63.756195068359375,245.14674377441406
2018-07-09,21.233999252319336,63.699920654296875,247.35409545898438
2018-07-10,21.49799919128418,63.659706115722656,248.2441864013672
2018-07-11,21.263999938964844,63.69187545776367,246.428466796875
2018-07-12,21.11400032043457,63.74009323120117,248.66258239746094
2018-07-13,21.257999420166016,63.796409606933594,248.85836791992188
2018-07-16,20.67333221435547,63.707969665527344,248.63584899902344
2018-07-17,21.512666702270508,63.6838264465332,249.64169311523438
2018-07-18,21.59000015258789,63.65169143676758,250.166748046875
2018-07-19,21.34866714477539,63.77226638793945,249.22332763671875
2018-07-20,20.905332565307617,63.62757873535156,248.93844604492188
2018-07-23,20.213333129882812,63.42662811279297,249.40130615234375
2018-07-24,19.82866668701172,63.52308654785156,250.65635681152344
2018-07-25,20.582666397094727,63.52308654785156,252.79261779785156
2018-07-26,20.44333267211914,63.52308654785156,252.19619750976562
2018-07-27,19.812000274658203,63.50702667236328,250.48728942871094
2018-07-30,19.344667434692383,63.43465805053711,249.1787872314453
2018-07-31,19.875999450683594,63.4829216003418,250.4070587158203
2018-08-01,20.055999755859375,63.44824981689453,249.98876953125
2018-08-02,23.30266761779785,63.48048400878906,251.3505401611328
2018-08-03,23.211332321166992,63.617431640625,252.42767333984375
2018-08-06,22.799333572387695,63.67384338378906,253.35330200195312
2018-08-07,25.30466651916504,63.561073303222656,254.1899871826172
2018-08-08,24.689332962036133,63.544921875,254.08309936523438
2018-08-09,23.496667861938477,63.66580581665039,253.73611450195312
2018-08-10,23.69933319091797,63.794700622558594,252.0360107421875
2018-08-13,23.76066780090332,63.802757263183594,251.09246826171875
2018-08-14,23.176000595092773,63.76247024536133,252.69467163085938
2018-08-15,22.57933235168457,63.83498764038086,250.80767822265625
2018-08-16,22.363332748413086,63.8671989440918,252.83706665039062
2018-08-17,20.366666793823242,63.93974304199219,253.72715759277344
2018-08-20,20.562667846679688,64.02030181884766,254.27008056640625
2018-08-21,21.459999084472656,63.988101959228516,254.86639404296875
2018-08-22,21.44266700744629,64.02835083007812,254.71517944335938
2018-08-23,21.34000015258789,64.02835083007812,254.376953125
2018-08-24,21.521333694458008,64.06060791015625,255.90785217285156
2018-08-27,21.284666061401367,63.98002624511719,257.9283142089844
2018-08-28,20.790666580200195,63.883338928222656,258.052978515625
2018-08-29,20.333999633789062,63.843021392822266,259.4415283203125
2018-08-30,20.209999084472656,63.8913459777832,258.3912048339844
2018-08-31,20.110666275024414,63.90750503540039,258.4001770019531
2018-09-04,19.26333236694336,63.80899429321289,257.9550476074219
2018-09-05,18.715999603271484,63.82514572143555,257.2607116699219
2018-09-06,18.729999542236328,63.922019958496094,256.48638916015625
2018-09-07,17.549333572387695,63.72014236450195,255.9879913330078
2018-09-10,19.03333282470703,63.76050567626953,256.43304443359375
2018-09-11,18.62933349609375,63.62321853637695,257.278564453125
2018-09-12,19.369333267211914,63.671661376953125,257.34088134765625
2018-09-13,19.297332763671875,63.71205139160156,258.8629455566406
2018-09-14,19.68000030517578,63.60706329345703,258.9074401855469
2018-09-17,19.6560001373291,63.5989990234375,257.5367126464844
2018-09-18,18.997333526611328,63.45362854003906,258.93414306640625
2018-09-19,19.934667587280273,63.356719970703125,259.2100524902344
2018-09-20,19.8886661529541,63.437477111816406,261.3106994628906
2018-09-21,19.940000534057617,63.47786331176758,261.0719299316406
2018-09-24,19.978666305541992,63.397098541259766,260.20465087890625
2018-09-25,20.06599998474121,63.348609924316406,259.963134765625
2018-09-26,20.6386661529541,63.510128021240234,259.185302734375
2018-09-27,20.501333236694336,63.55862808227539,259.90960693359375
2018-09-28,17.65133285522461,63.55862808227539,259.9364013671875
2018-10-01,20.713333129882812,63.43961715698242,260.8393859863281
2018-10-02,20.06800079345703,63.552955627441406,260.68743896484375
2018-10-03,19.65333366394043,63.2291259765625,260.8304443359375
2018-10-04,18.788667678833008,63.067237854003906,258.7919616699219
2018-10-05,17.463333129882812,62.95392990112305,257.3435363769531
2018-10-08,16.70400047302246,62.92963409423828,257.3435363769531
2018-10-09,17.520000457763672,63.051090240478516,256.9679260253906
2018-10-10,17.125333786010742,63.002498626708984,248.83154296875
2018-10-11,16.815332412719727,63.18056869506836,243.35067749023438
2018-10-12,17.25200080871582,63.16440963745117,246.7303466796875
2018-10-15,17.305999755859375,63.148223876953125,245.34445190429688
2018-10-16,18.439332962036133,63.19675064086914,250.7091827392578
2018-10-17,18.118667602539062,63.083473205566406,250.7538604736328
2018-10-18,17.5939998626709,63.04294967651367,247.1326446533203
2018-10-19,17.333332061767578,63.01056671142578,246.99850463867188
2018-10-22,17.39666748046875,62.9863166809082,245.88987731933594
2018-10-23,19.609333038330078,63.075340270996094,244.6380615234375
2018-10-24,19.233333587646484,63.24533462524414,237.2259063720703
2018-10-25,20.99066734313965,63.1724967956543,241.48191833496094
2018-10-26,22.059999465942383,63.285823822021484,237.23486328125
2018-10-29,22.323333740234375,63.2291259765625,235.92051696777344
2018-10-30,21.99333381652832,63.140106201171875,239.41648864746094
2018-10-31,22.488000869750977,63.01056671142578,241.97369384765625
2018-11-01,22.95199966430664,63.12742614746094,244.54867553710938
2018-11-02,23.0939998626709,62.89210891723633,243.10025024414062
2018-11-05,22.760000228881836,62.94081497192383,244.44140625
2018-11-06,22.737333297729492,62.932674407958984,245.9882354736328
2018-11-07,23.21066665649414,62.989463806152344,251.25457763671875
2018-11-08,23.426666259765625,62.883968353271484,250.79855346679688
2018-11-09,23.367332458496094,63.038204193115234,248.3487091064453
2018-11-12,22.0853328704834,63.13557815551758,243.708251953125
2018-11-13,22.582000732421875,63.10310363769531,243.25225830078125
2018-11-14,22.933332443237305,63.151790618896484,241.5892333984375
2018-11-15,23.229333877563477,63.1599006652832,244.11056518554688
2018-11-16,23.62066650390625,63.297855377197266,244.74546813964844
2018-11-19,23.564666748046875,63.297855377197266,240.605712890625
2018-11-20,23.166000366210938,63.257293701171875,236.15296936035156
2018-11-21,22.54599952697754,63.322227478027344,236.9577178955078
2018-11-23,21.722000122070312,63.3140869140625,235.3751220703125
2018-11-26,23.066667556762695,63.265403747558594,239.1750946044922
2018-11-27,22.92799949645996,63.30596160888672,239.979736328125
2018-11-28,23.191333770751953,63.33842468261719,245.50546264648438
2018-11-29,22.744667053222656,63.38714599609375,244.96893310546875
2018-11-30,23.365333557128906,63.411460876464844,246.46218872070312
2018-12-03,23.89933204650879,63.51069641113281,249.72561645507812
2018-12-04,23.979999542236328,63.66527557373047,241.63381958007812
2018-12-06,24.20400047302246,63.77914047241211,241.26731872558594
2018-12-07,23.864667892456055,63.909339904785156,235.66123962402344
2018-12-10,24.343332290649414,63.97443389892578,236.1082763671875
2018-12-11,24.450666427612305,63.98257064819336,236.16197204589844
2018-12-12,24.440000534057617,63.91748809814453,237.35110473632812
2018-12-13,25.119333267211914,63.96627426147461,237.27059936523438
2018-12-14,24.380666732788086,64.02320098876953,232.88949584960938
2018-12-17,23.22800064086914,64.14527130126953,228.320556640625
2018-12-18,22.468666076660156,64.24285125732422,228.07022094726562
2018-12-19,22.197999954223633,64.35679626464844,224.65469360351562
2018-12-20,21.025333404541016,64.26731872558594,220.99778747558594
2018-12-21,21.31800079345703,64.26731872558594,216.46963500976562
2018-12-24,19.69266700744629,64.2819595336914,210.7498779296875
2018-12-26,21.73933219909668,64.14334106445312,221.39797973632812
2018-12-27,21.075332641601562,64.2819595336914,223.09774780273438
2018-12-28,22.257999420166016,64.43693542480469,222.80996704101562
2018-12-31,22.18666648864746,64.60002899169922,224.76150512695312
2019-01-02,20.674667358398438,64.73055267333984,224.995361328125
2019-01-03,20.02400016784668,64.98335266113281,219.6262969970703
2019-01-04,21.179332733154297,64.78762817382812,226.98287963867188
2019-01-07,22.33066749572754,64.68972778320312,228.77252197265625
2019-01-08,22.356666564941406,64.60819244384766,230.92190551757812
2019-01-09,22.568666458129883,64.69786071777344,232.0011444091797
2019-01-10,22.99799919128418,64.5673828125,232.8195343017578
2019-01-11,23.150667190551758,64.69786071777344,232.90945434570312
2019-01-14,22.293333053588867,64.64081573486328,231.48851013183594
2019-01-15,22.961999893188477,64.64896392822266,234.1415557861328
2019-01-16,23.06999969482422,64.67345428466797,234.7081756591797
2019-01-17,23.15399932861328,64.60002899169922,236.4888153076172
2019-01-18,20.150667190551758,64.55110168457031,239.63644409179688
2019-01-22,19.92799949645996,64.6652603149414,236.3988800048828
2019-01-23,19.172666549682617,64.73055267333984,236.89346313476562
2019-01-24,19.43400001525879,64.86917114257812,237.01937866210938
2019-01-25,19.80266761779785,64.79578399658203,239.02490234375
2019-01-28,19.7586669921875,64.82026672363281,237.20828247070312
2019-01-29,19.83066749572754,64.95068359375,236.89346313476562
2019-01-30,20.584667205810547,65.01598358154297,240.64369201660156
2019-01-31,20.468000411987305,65.3177261352539,242.75714111328125
2019-02-01,20.81399917602539,65.13626098632812,242.87408447265625
2019-02-04,20.859333038330078,65.07898712158203,244.5828399658203
2019-02-05,21.42333221435547,65.21797180175781,245.60800170898438
2019-02-06,21.148000717163086,65.19347381591797,245.2843017578125
2019-02-07,20.500667572021484,65.24252319335938,242.9460906982422
2019-02-08,20.386667251586914,65.34061431884766,243.24282836914062
2019-02-11,20.856000900268555,65.31607055664062,243.377685546875
2019-02-12,20.78733253479004,65.30791473388672,246.50733947753906
2019-02-13,20.544666290283203,65.20977020263672,247.3077392578125
2019-02-14,20.251333236694336,65.32427978515625,246.75921630859375
2019-02-15,20.525333404541016,65.34876251220703,249.44818115234375
2019-02-19,20.375999450683594,65.406005859375,249.8798828125
2019-02-20,20.17066764831543,65.38146209716797,250.38345336914062
2019-02-21,19.415332794189453,65.25069427490234,249.49317932128906
2019-02-22,19.6473331451416,65.3978500366211,251.0400848388672
2019-02-25,19.917999267578125,65.37330627441406,251.3817596435547
2019-02-26,19.857332229614258,65.46324157714844,251.20188903808594
2019-02-27,20.982667922973633,65.33243560791016,251.09400939941406
2019-02-28,21.325332641601562,65.25885009765625,250.6262969970703
2019-03-01,19.652666091918945,65.0572509765625,252.1912384033203
2019-03-04,19.02400016784668,65.17202758789062,251.2738800048828
2019-03-05,18.43600082397461,65.22118377685547,250.9320831298828
2019-03-06,18.416000366210938,65.3030776977539,249.41217041015625
2019-03-07,18.439332962036133,65.49160766601562,247.32579040527344
2019-03-08,18.94266700744629,65.57350158691406,246.8311767578125
2019-03-11,19.39466667175293,65.54075622558594,250.41049194335938
2019-03-12,18.890666961669922,65.69644165039062,251.3547821044922
2019-03-13,19.263999938964844,65.6636734008789,253.0185546875
2019-03-14,19.33066749572754,65.6063003540039,252.85675048828125
2019-03-15,18.36199951171875,65.72923278808594,254.10595703125
2019-03-18,17.965999603271484,65.68824005126953,255.02728271484375
2019-03-19,17.83133316040039,65.65550231933594,255.0905303955078
2019-03-20,18.239999771118164,65.9422836303711,254.32266235351562
2019-03-21,18.26799964904785,65.95870971679688,257.1951904296875
2019-03-22,17.635332107543945,66.31922912597656,252.24517822265625
2019-03-25,17.3613338470459,66.40119171142578,252.05551147460938
2019-03-26,17.851333618164062,66.41756439208984,253.93426513671875
2019-03-27,18.32200050354004,66.54049682617188,252.60653686523438
2019-03-28,18.57466697692871,66.57324981689453,253.56399536132812
2019-03-29,18.657333374023438,66.52413940429688,255.16282653808594
2019-04-01,19.278667449951172,66.26123809814453,258.1888427734375
2019-04-02,19.058666229248047,66.29407501220703,258.3153381347656
2019-04-03,19.45400047302246,66.20372772216797,258.7216796875
2019-04-04,17.851999282836914,66.26948547363281,259.4083251953125
2019-04-05,18.33066749572754,66.31876373291016,260.663818359375
2019-04-08,18.213333129882812,66.25302124023438,260.86260986328125
2019-04-09,18.15399932861328,66.3515853881836,259.5257568359375
2019-04-10,18.40399932861328,66.44195556640625,260.410888671875
2019-04-11,17.89466667175293,66.32697296142578,260.33880615234375
2019-04-12,17.84666633605957,66.20372772216797,262.10015869140625
2019-04-15,17.7586669921875,66.22013092041016,261.9284973144531
2019-04-16,18.224000930786133,66.10514831542969,262.10015869140625
2019-04-17,18.082000732421875,66.10514831542969,261.4587707519531
2019-04-18,18.21733283996582,66.19554901123047,261.97369384765625
2019-04-22,17.516666412353516,66.12980651855469,262.1994323730469
2019-04-23,17.593332290649414,66.24481964111328,264.5571594238281
2019-04-24,17.243999481201172,66.41732025146484,263.96990966796875
2019-04-25,16.5086669921875,66.40087890625,263.8072509765625
2019-04-26,15.675999641418457,66.54875183105469,265.03582763671875
2019-04-29,16.097999572753906,66.40914916992188,265.4512939453125
2019-04-30,15.912667274475098,66.50764465332031,265.5868225097656
2019-05-01,15.600666999816895,66.51177215576172,263.5904846191406
2019-05-02,16.273332595825195,66.36357116699219,263.0213928222656
2019-05-03,17.00200080871582,66.48709106445312,265.5958557128906
2019-05-06,17.022666931152344,66.56946563720703,264.5029296875
2019-05-07,16.470666885375977,66.66819763183594,260.0857238769531
2019-05-08,16.32266616821289,66.61885833740234,259.724365234375
2019-05-09,16.131999969482422,66.68475341796875,258.93853759765625
2019-05-10,15.968000411987305,66.67648315429688,260.2393493652344
2019-05-13,15.133999824523926,66.81649780273438,253.69943237304688
2019-05-14,15.487333297729492,66.85767364501953,255.99386596679688
2019-05-15,15.463333129882812,66.95648956298828,257.4932861328125
2019-05-16,15.222000122070312,66.85767364501953,259.8780517578125
2019-05-17,14.0686674118042,66.87411499023438,258.1978759765625
2019-05-20,13.690667152404785,66.79176330566406,256.4906311035156
2019-05-21,13.67199993133545,66.75884246826172,258.8030700683594
2019-05-22,12.84866714477539,66.88236999511719,258.0082092285156
2019-05-23,13.03266716003418,67.1211929321289,254.85574340820312
2019-05-24,12.708666801452637,67.1211929321289,255.433837890625
2019-05-28,12.579999923706055,67.26116180419922,253.0581512451172
2019-05-29,12.657333374023438,67.24469757080078,251.35989379882812
2019-05-30,12.54800033569336,67.42583465576172,252.04641723632812
2019-05-31,12.343999862670898,67.72230529785156,248.6500701904297
2019-06-03,11.9313325881958,67.91468048095703,248.0177764892578
2019-06-04,12.90666675567627,67.79901885986328,253.40142822265625
2019-06-05,13.105999946594238,67.79901885986328,255.5963897705078
2019-06-06,13.729999542236328,67.78256225585938,257.25848388671875
2019-06-07,13.633333206176758,67.96416473388672,259.8328857421875
2019-06-10,14.192000389099121,67.82381439208984,261.0252380371094
2019-06-11,14.473333358764648,67.77427673339844,260.9620056152344
2019-06-12,13.950667381286621,67.88987731933594,260.501220703125
2019-06-13,14.260666847229004,68.0053939819336,261.5762634277344
2019-06-14,14.32800006866455,68.01367950439453,261.287109375
2019-06-17,15.001999855041504,68.01367950439453,261.3864440917969
2019-06-18,14.982666969299316,68.17053985595703,264.1234130859375
2019-06-19,15.095333099365234,68.4016342163086,264.71966552734375
2019-06-20,14.641332626342773,68.50892639160156,267.24884033203125
2019-06-21,14.790666580200195,68.31907653808594,266.86041259765625
2019-06-24,14.909333229064941,68.4428939819336,266.5337219238281
2019-06-25,14.650667190551758,68.4676513671875,263.9194030761719
2019-06-26,14.618000030517578,68.31082153320312,263.65625
2019-06-27,14.855999946594238,68.50892639160156,264.5911865234375
2019-06-28,14.897333145141602,68.56671142578125,265.9527282714844
2019-07-01,15.14466667175293,68.56175231933594,268.36724853515625
2019-07-02,14.970000267028809,68.6940689086914,269.0660400390625
2019-07-03,15.65999984741211,68.81819915771484,271.21728515625
2019-07-05,15.539999961853027,68.49552154541016,270.90863037109375
2019-07-08,15.355999946594238,68.48725128173828,269.420166015625
2019-07-09,15.337332725524902,68.39625549316406,269.75592041015625
2019-07-10,15.928000450134277,68.45417785644531,271.04486083984375
2019-07-11,15.90666675567627,68.23078918457031,271.6802673339844
2019-07-12,16.338666915893555,68.28871154785156,272.8966064453125
2019-07-15,16.899999618530273,68.38798522949219,272.9873352050781
2019-07-16,16.825332641601562,68.2970199584961,272.1068420410156
2019-07-17,16.99066734313965,68.50379943847656,270.25518798828125
2019-07-18,16.902666091918945,68.62792205810547,271.2445068359375
2019-07-19,17.211999893188477,68.5534439086914,269.7377624511719
2019-07-22,17.045333862304688,68.62792205810547,270.400390625
2019-07-23,17.344667434692383,68.57000732421875,272.33380126953125
2019-07-24,17.658666610717773,68.63617706298828,273.6136474609375
2019-07-25,15.254667282104492,68.56175231933594,272.3065490722656
2019-07-26,15.202667236328125,68.56175231933594,274.1309814453125
2019-07-29,15.718000411987305,68.60311126708984,273.6317443847656
2019-07-30,16.150667190551758,68.58655548095703,272.9600830078125
2019-07-31,16.107332229614258,68.6692886352539,269.9737548828125
2019-08-01,15.59000015258789,69.16104125976562,267.6228942871094
2019-08-02,15.62266731262207,69.22742462158203,265.6077575683594
2019-08-05,15.221332550048828,69.52593994140625,257.6202392578125
2019-08-06,15.383333206176758,69.70006561279297,261.2328186035156
2019-08-07,15.561332702636719,69.70006561279297,261.3869934082031
2019-08-08,15.886667251586914,69.75813293457031,266.515380859375
2019-08-09,15.667332649230957,69.63372802734375,264.7000732421875
2019-08-12,15.267333030700684,69.94053649902344,261.4779357910156
2019-08-13,15.666666984558105,69.83274841308594,265.5442199707031
2019-08-14,14.641332626342773,70.08151245117188,257.6927490234375
2019-08-15,14.37600040435791,70.42154693603516,258.37353515625
2019-08-16,14.662667274475098,70.34690856933594,262.1858215332031
2019-08-19,15.121999740600586,70.12297821044922,265.3446044921875
2019-08-20,15.057332992553711,70.30545806884766,263.3113708496094
2019-08-21,14.722000122070312,70.27229309082031,265.4535827636719
2019-08-22,14.8100004196167,70.13957977294922,265.3717041015625
2019-08-23,14.09333324432373,70.39663696289062,258.5550842285156
2019-08-26,14.333333015441895,70.35518646240234,261.4142761230469
2019-08-27,14.272000312805176,70.59566497802734,260.3885803222656
2019-08-28,14.37266731262207,70.62055969238281,262.22210693359375
2019-08-29,14.780667304992676,70.57907104492188,265.5714416503906
2019-08-30,15.040666580200195,70.5707778930664,265.4535827636719
2019-09-03,15.000666618347168,70.6355972290039,263.9013977050781
2019-09-04,14.711999893188477,70.76863098144531,266.89666748046875
2019-09-05,15.305333137512207,70.4029312133789,270.3277893066406
2019-09-06,15.16333293914795,70.48604583740234,270.5365295410156
2019-09-09,15.452667236328125,70.16192626953125,270.6726379394531
2019-09-10,15.702667236328125,69.80451202392578,270.60919189453125
2019-09-11,16.47333335876465,69.76297760009766,272.5334167480469
2019-09-12,16.391332626342773,69.62999725341797,273.4774475097656
2019-09-13,16.34666633605957,69.23108673095703,273.2959899902344
2019-09-16,16.187332153320312,69.41390228271484,272.4517517089844
2019-09-17,16.319332122802734,69.57179260253906,273.1416015625
2019-09-18,16.232667922973633,69.62168884277344,273.3049621582031
2019-09-19,16.440000534057617,69.72138214111328,273.2867736816406
2019-09-20,16.041332244873047,69.97071075439453,271.9955749511719
2019-09-23,16.082000732421875,70.02062225341797,271.9317321777344
2019-09-24,14.880666732788086,70.2616195678711,269.7978515625
2019-09-25,15.24666690826416,69.92919921875,271.393798828125
2019-09-26,16.17066764831543,70.0455093383789,270.82843017578125
2019-09-27,16.142000198364258,70.12032318115234,269.3693542480469
2019-09-30,16.058000564575195,70.17020416259766,270.6186218261719
2019-10-01,16.312667846679688,70.2385025024414,267.3997497558594
2019-10-02,16.208667755126953,70.39675903320312,262.67620849609375
2019-10-03,15.535332679748535,70.62998962402344,264.8282165527344
2019-10-04,15.428667068481445,70.7466049194336,268.4118957519531
2019-10-07,15.847999572753906,70.56333923339844,267.2537536621094
2019-10-08,16.003332138061523,70.59666442871094,263.1047668457031
2019-10-09,16.302000045776367,70.51335144042969,265.6033020019531
2019-10-10,16.31599998474121,70.29681396484375,267.3997497558594
2019-10-11,16.525999069213867,70.03861236572266,270.171875
2019-10-14,17.130666732788086,70.15524291992188,269.87091064453125
2019-10-15,17.19266700744629,69.97196197509766,272.542724609375
2019-10-16,17.316667556762695,70.04695129394531,272.1050720214844
2019-10-17,17.46466636657715,70.04695129394531,272.9075622558594
2019-10-18,17.1299991607666,70.08027648925781,271.7129211425781
2019-10-21,16.899999618530273,69.9136734008789,273.55499267578125
2019-10-22,17.038667678833008,70.03861236572266,272.6613464355469
2019-10-23,16.978666305541992,70.0719223022461,273.45465087890625
2019-10-24,19.978666305541992,70.08027648925781,273.9014892578125
2019-10-25,21.875333786010742,69.96366882324219,275.0230407714844
2019-10-28,21.847333908081055,69.8137435913086,276.5732116699219
2019-10-29,21.08133316040039,69.83039093017578,276.4912109375
2019-10-30,21.000667572021484,70.05528259277344,277.3392639160156
2019-10-31,20.994667053222656,70.388427734375,276.6005859375
2019-11-01,20.887332916259766,70.32583618164062,279.1630554199219
2019-11-04,21.1646671295166,70.12548065185547,280.2845764160156
2019-11-05,21.148000717163086,69.88341522216797,279.97454833984375
2019-11-06,21.77199935913086,70.03368377685547,280.0384521484375
2019-11-07,22.369333267211914,69.67475128173828,281.023193359375
2019-11-08,22.47599983215332,69.60794830322266,281.71624755859375
2019-11-11,23.006000518798828,69.64971160888672,281.1782531738281
2019-11-12,23.32866668701172,69.69144439697266,281.77093505859375
2019-11-13,23.073999404907227,69.81665802001953,281.8621826171875
2019-11-14,23.290000915527344,70.01696014404297,282.2724304199219
2019-11-15,23.47800064086914,69.99195098876953,284.3150939941406
2019-11-18,23.332666397094727,70.09213256835938,284.5248718261719
2019-11-19,23.968000411987305,70.1672592163086,284.4427490234375
2019-11-20,23.481332778930664,70.3592300415039,283.3849182128906
2019-11-21,23.655332565307617,70.2423324584961,282.9290466308594
2019-11-22,22.202667236328125,70.28409576416016,283.55828857421875
2019-11-25,22.422666549682617,70.35083770751953,285.75592041015625
2019-11-26,21.92799949645996,70.46773529052734,286.4032897949219
2019-11-27,22.086000442504883,70.3592300415039,287.6799621582031
2019-11-29,21.996000289916992,70.3592300415039,286.6130676269531
2019-12-02,22.32466697692871,70.17518615722656,284.1783447265625
2019-12-03,22.413333892822266,70.5516128540039,282.2724304199219
2019-12-04,22.20199966430664,70.40939331054688,284.0141906738281
2019-12-05,22.024667739868164,70.33413696289062,284.5248718261719
2019-12-06,22.392667770385742,70.24210357666016,287.1237487792969
2019-12-09,22.635332107543945,70.25885009765625,286.220947265625
2019-12-10,23.256000518798828,70.20865631103516,285.9017639160156
2019-12-11,23.51333236694336,70.44288635253906,286.71337890625
2019-12-12,23.978666305541992,70.10824584960938,289.1846008300781
2019-12-13,23.892667770385742,70.42611694335938,289.3578796386719
2019-12-16,25.433332443237305,70.23375701904297,291.345703125
2019-12-17,25.266000747680664,70.24210357666016,291.40948486328125
2019-12-18,26.209999084472656,70.15009307861328,291.4277038574219
2019-12-19,26.93600082397461,70.20026397705078,292.6223449707031
2019-12-20,27.03933334350586,70.21700286865234,293.90521240234375
2019-12-23,27.947999954223633,70.17255401611328,294.3542175292969
2019-12-24,28.350000381469727,70.23966217041016,294.3633117675781
2019-12-26,28.729333877563477,70.30671691894531,295.930419921875
2019-12-27,28.691999435424805,70.40735626220703,295.8570251464844
2019-12-30,27.64666748046875,70.38213348388672,294.2259826660156
2019-12-31,27.8886661529541,70.30671691894531,294.9407043457031
2020-01-02,28.68400001525879,70.39895629882812,297.69903564453125
2020-01-03,29.534000396728516,70.65043640136719,295.44476318359375
2020-01-06,30.1026668548584,70.56658935546875,296.5718688964844
2020-01-07,31.270666122436523,70.50789642333984,295.7379455566406
2020-01-08,32.80933380126953,70.39895629882812,297.31414794921875
2020-01-09,32.089332580566406,70.48274230957031,299.3301086425781
2020-01-10,31.876667022705078,70.60016632080078,298.4687194824219
2020-01-13,34.990665435791016,70.55821228027344,300.5213928222656
2020-01-14,35.861331939697266,70.65880584716797,300.0632019042969
2020-01-15,34.56666564941406,70.76782989501953,300.7413024902344
2020-01-16,34.232666015625,70.72589111328125,303.242919921875
2020-01-17,34.03333282470703,70.717529296875,304.1868591308594
2020-01-21,36.47999954223633,70.89358520507812,303.5911560058594
2020-01-22,37.97066879272461,70.95226287841797,303.6278381347656
2020-01-23,38.14666748046875,71.07803344726562,303.97607421875
2020-01-24,37.654666900634766,71.18701934814453,301.27276611328125
2020-01-27,37.201332092285156,71.42176818847656,296.443603515625
2020-01-28,37.793331146240234,71.2959976196289,299.5500793457031
2020-01-29,38.732666015625,71.49720764160156,299.3026428222656
2020-01-30,42.72066879272461,71.51396942138672,300.27392578125
2020-01-31,43.371334075927734,71.69842529296875,294.8216552734375
2020-02-03,52.0,71.63370513916016,297.01171875
2020-02-04,59.137332916259766,71.41526794433594,301.5386047363281
2020-02-05,48.97999954223633,71.29766845703125,305.0207214355469
2020-02-06,49.930667877197266,71.36490631103516,306.04705810546875
2020-02-07,49.871334075927734,71.58333587646484,304.41607666015625
2020-02-10,51.41866683959961,71.69256591796875,306.68853759765625
2020-02-11,51.62533187866211,71.5749282836914,307.22003173828125
2020-02-12,51.15266799926758,71.49088287353516,309.1993408203125
2020-02-13,53.599998474121094,71.5581283569336,308.8694152832031
2020-02-14,53.33533477783203,71.63370513916016,309.3642578125
2020-02-18,57.22666549682617,71.7429428100586,308.56707763671875
2020-02-19,61.16133117675781,71.73458099365234,310.04241943359375
2020-02-20,59.96066665649414,71.91098022460938,308.7687072753906
2020-02-21,60.06666564941406,72.08744812011719,305.58892822265625
2020-02-24,55.58599853515625,72.31427764892578,295.45391845703125
2020-02-25,53.32733154296875,72.37311553955078,286.5010681152344
2020-02-26,51.91999816894531,72.33110809326172,285.4471130371094
2020-02-27,45.266666412353516,72.41509246826172,272.6272888183594
2020-02-28,44.53266525268555,72.89402770996094,271.4817810058594
2020-03-02,49.574668884277344,72.84603881835938,283.23876953125
2020-03-03,49.70066833496094,73.2837905883789,275.12896728515625
2020-03-04,49.96666717529297,73.2669448852539,286.6934814453125
2020-03-05,48.30266571044922,73.54476928710938,277.16326904296875
2020-03-06,46.89866638183594,74.04988861083984,272.58148193359375
2020-03-09,40.53333282470703,73.88992309570312,251.29428100585938
2020-03-10,43.02199935913086,72.89649963378906,264.29742431640625
2020-03-11,42.28200149536133,71.51586151123047,251.4134521484375
2020-03-12,37.369998931884766,67.62648010253906,227.3589324951172
2020-03-13,36.44133377075195,70.48040008544922,246.7949676513672
2020-03-16,29.67133331298828,71.22125244140625,219.78977966308594
2020-03-17,28.68000030517578,69.74798583984375,231.65667724609375
2020-03-18,24.08133316040039,68.06425476074219,219.92723083496094
2020-03-19,28.50933265686035,68.02216339111328,220.39454650878906
2020-03-20,28.50200080871582,69.175537109375,210.89682006835938
2020-03-23,28.952667236328125,70.70769500732422,205.50457763671875
2020-03-24,33.66666793823242,70.78346252441406,224.1239471435547
2020-03-25,35.95000076293945,71.73475646972656,227.47911071777344
2020-03-26,35.21066665649414,72.06307983398438,240.76161193847656
2020-03-27,34.29066848754883,72.4503402709961,233.5903778076172
2020-03-30,33.47533416748047,72.52613067626953,241.17640686035156
2020-03-31,34.93333435058594,71.85260009765625,237.58155822753906
2020-04-01,32.104000091552734,72.22384643554688,226.88922119140625
2020-04-02,30.29800033569336,72.56136322021484,232.124755859375
2020-04-03,32.000667572021484,72.52759552001953,228.7696075439453
2020-04-06,34.41600036621094,72.75542449951172,244.13519287109375
2020-04-07,36.36333465576172,72.82291412353516,244.38409423828125
2020-04-08,36.589332580566406,73.0085678100586,252.58761596679688
2020-04-09,38.20000076293945,73.81011962890625,256.43133544921875
2020-04-13,43.39666748046875,73.5738525390625,254.09014892578125
2020-04-14,47.32600021362305,73.5738525390625,261.583984375
2020-04-15,48.65533447265625,73.9366683959961,256.0257873535156
2020-04-16,49.680667877197266,73.97883605957031,257.26092529296875
2020-04-17,50.259334564208984,73.87757110595703,264.2109680175781
2020-04-20,49.75733184814453,73.75949096679688,259.5561218261719
2020-04-21,45.781333923339844,73.85228729248047,251.67514038085938
2020-04-22,48.807334899902344,73.7931900024414,257.26092529296875
2020-04-23,47.04199981689453,73.91134643554688,257.2424621582031
2020-04-24,48.34333419799805,73.88601684570312,260.8280944824219
2020-04-27,53.25,73.6244888305664,264.5888671875
2020-04-28,51.27466583251953,73.84383392333984,263.37213134765625
2020-04-29,53.367332458496094,73.8945083618164,270.2668762207031
2020-04-30,52.12533187866211,73.83541870117188,267.75054931640625
2020-05-01,46.75466537475586,73.80496215820312,260.66217041015625
2020-05-04,50.74599838256836,73.8810806274414,261.3812255859375
2020-05-05,51.2140007019043,73.81341552734375,263.7962341308594
2020-05-06,52.172000885009766,73.48371124267578,262.00811767578125
2020-05-07,52.00266647338867,73.72042846679688,265.1695861816406
2020-05-08,54.62799835205078,73.50907897949219,269.5571594238281
2020-05-11,54.08599853515625,73.28085327148438,269.6123962402344
2020-05-12,53.96066665649414,73.51753997802734,264.2386169433594
2020-05-13,52.73066711425781,73.60208129882812,259.5653076171875
2020-05-14,53.55533218383789,73.80496215820312,262.6716003417969
2020-05-15,53.27799987792969,73.84725189208984,263.879150390625
2020-05-18,54.242000579833984,73.71196746826172,271.91680908203125
2020-05-19,53.867332458496094,73.80496215820312,269.1239013671875
2020-05-20,54.37066650390625,73.99944305419922,273.69580078125
2020-05-21,55.17333221435547,74.07549285888672,271.80621337890625
2020-05-22,54.45866775512695,74.10086822509766,272.32232666015625
2020-05-26,54.591331481933594,74.05859375,275.67755126953125
2020-05-27,54.68199920654297,74.09239196777344,279.7794494628906
2020-05-28,53.72066879272461,74.11776733398438,279.26312255859375
2020-05-29,55.66666793823242,74.32913970947266,280.5074462890625
2020-06-01,59.87333297729492,74.26898956298828,281.6412353515625
2020-06-02,58.770668029785156,74.32827758789062,283.9732971191406
2020-06-03,58.86399841308594,74.15887451171875,287.7525329589844
2020-06-04,57.62533187866211,73.98098754882812,286.99658203125
2020-06-05,59.04399871826172,73.97252655029297,294.3522033691406
2020-06-08,63.327999114990234,74.04875183105469,297.91021728515625
2020-06-09,62.711334228515625,74.09960174560547,295.6887512207031
2020-06-10,68.336669921875,74.4129867553711,294.0387878417969
2020-06-11,64.85600280761719,74.27750396728516,277.0876770019531
2020-06-12,62.35200119018555,74.35368347167969,280.4062194824219
2020-06-15,66.05999755859375,74.50616455078125,283.02392578125
2020-06-16,65.47533416748047,74.4129867553711,288.4714660644531
2020-06-17,66.11933135986328,74.42989349365234,287.27325439453125
2020-06-18,66.9306640625,74.51463317871094,287.3838806152344
2020-06-19,66.72666931152344,74.54003143310547,285.74139404296875
2020-06-22,66.28800201416016,74.51463317871094,287.5745544433594
2020-06-23,66.78533172607422,74.48075866699219,288.8984680175781
2020-06-24,64.0566635131836,74.48921966552734,281.52899169921875
2020-06-25,65.73200225830078,74.56547546386719,284.5471496582031
2020-06-26,63.982666015625,74.70098114013672,277.78875732421875
2020-06-29,67.29000091552734,74.75180053710938,281.8715515136719
2020-06-30,71.98733520507812,74.82803344726562,285.4821472167969
2020-07-01,74.64199829101562,74.84671020507812,287.48193359375
2020-07-02,80.57733154296875,74.96550750732422,289.0650939941406
2020-07-06,91.43866729736328,74.94003295898438,293.5275573730469
2020-07-07,92.65733337402344,75.0588607788086,290.5000915527344
2020-07-08,91.05867004394531,75.01640319824219,292.7220458984375
2020-07-09,92.9520034790039,75.2200927734375,291.0555419921875
2020-07-10,102.97666931152344,75.13525390625,294.02740478515625
2020-07-13,99.80400085449219,75.16917419433594,291.4814453125
2020-07-14,101.12000274658203,75.26253509521484,295.25872802734375
2020-07-15,103.06732940673828,75.27100372314453,297.9713134765625
2020-07-16,100.04266357421875,75.32192993164062,296.98992919921875
2020-07-17,100.05599975585938,75.3982925415039,297.8509521484375
2020-07-20,109.53333282470703,75.47467803955078,300.2580261230469
2020-07-21,104.55733489990234,75.5171127319336,300.8969421386719
2020-07-22,106.15533447265625,75.61894226074219,302.6096496582031
2020-07-23,100.87133026123047,75.68685150146484,298.9989013671875
2020-07-24,94.46666717529297,75.66983032226562,297.07330322265625
2020-07-27,102.63999938964844,75.61894226074219,299.2397155761719
2020-07-28,98.43267059326172,75.65288543701172,297.341796875
2020-07-29,99.94066619873047,75.77169799804688,300.9987487792969
2020-07-30,99.16600036621094,75.81412506103516,299.9248352050781
2020-07-31,95.38400268554688,75.9159164428711,302.29486083984375
2020-08-03,99.0,75.88958740234375,304.3963623046875
2020-08-04,99.13333129882812,76.05110168457031,305.5722351074219
2020-08-05,99.00133514404297,75.9491195678711,307.47015380859375
2020-08-06,99.30533599853516,76.06809997558594,309.5254821777344
2020-08-07,96.84733581542969,75.98311614990234,309.7476806640625
2020-08-10,94.57133483886719,75.89806365966797,310.6733703613281
2020-08-11,91.6259994506836,75.6345443725586,308.1089172363281
2020-08-12,103.65066528320312,75.43905639648438,312.4046936035156
2020-08-13,108.06666564941406,75.19252014160156,311.83990478515625
2020-08-14,110.04733276367188,75.10748291015625,311.8492126464844
2020-08-17,122.3759994506836,75.20100402832031,312.8398742675781
2020-08-18,125.80599975585938,75.30298614501953,313.5156555175781
2020-08-19,125.23533630371094,75.17549133300781,312.21026611328125
2020-08-20,133.45533752441406,75.30298614501953,313.1822814941406
2020-08-21,136.6653289794922,75.46456909179688,314.2933654785156
2020-08-24,134.27999877929688,75.37950897216797,317.4781799316406
2020-08-25,134.8893280029297,75.23499298095703,318.5891418457031
2020-08-26,143.54466247558594,75.19252014160156,321.7831115722656
2020-08-27,149.25,74.92044830322266,322.48681640625
2020-08-28,147.55999755859375,74.97998809814453,324.56982421875
2020-08-31,166.10667419433594,75.20100402832031,323.3940124511719
2020-09-01,158.35000610351562,75.40797424316406,326.44000244140625
2020-09-02,149.1233367919922,75.56974029541016,331.16156005859375
2020-09-03,135.6666717529297,75.5782699584961,319.7649841308594
2020-09-04,139.44000244140625,75.13544464111328,317.1540832519531
2020-09-08,110.06999969482422,75.24613189697266,308.48846435546875
2020-09-09,122.09333038330078,75.195068359375,314.58038330078125
2020-09-10,123.77999877929688,75.2120590209961,309.1180725097656
2020-09-11,124.23999786376953,75.2887191772461,309.27545166015625
2020-09-14,139.8733367919922,75.2887191772461,313.34906005859375
2020-09-15,149.9199981689453,75.331298828125,314.9321594238281
2020-09-16,147.25332641601562,75.31425476074219,313.682373046875
2020-09-17,141.14332580566406,75.31425476074219,310.9233703613281
2020-09-18,147.38333129882812,75.22908782958984,307.34381103515625
2020-09-21,149.79666137695312,75.27167510986328,303.9232177734375
2020-09-22,141.41000366210938,75.29721069335938,307.0184631347656
2020-09-23,126.78666687011719,75.1269302368164,299.8984069824219
2020-09-24,129.26333618164062,75.13544464111328,300.6978454589844
2020-09-25,135.77999877929688,75.1269302368164,305.5591735839844
2020-09-28,140.39999389648438,75.195068359375,310.63433837890625
2020-09-29,139.69000244140625,75.24613189697266,308.9425964355469
2020-09-30,143.00332641601562,75.1269302368164,311.2850036621094
2020-10-01,149.3866729736328,75.20369720458984,313.283447265625
2020-10-02,138.3633270263672,75.15251159667969,310.30902099609375
2020-10-05,141.89332580566406,74.87098693847656,315.8117370605469
2020-10-06,137.9933319091797,74.97335815429688,311.3221740722656
2020-10-07,141.76666259765625,74.87098693847656,316.7412414550781
2020-10-08,141.97332763671875,74.99895477294922,319.5483093261719
2020-10-09,144.6666717529297,75.01600646972656,322.40203857421875
2020-10-12,147.43333435058594,75.1269302368164,327.5886535644531
2020-10-13,148.88333129882812,75.1866226196289,325.4508056640625
2020-10-14,153.76666259765625,75.22930145263672,323.4058532714844
2020-10-15,149.6266632080078,75.1866226196289,323.0061950683594
2020-10-16,146.55667114257812,75.1269302368164,322.81097412109375
2020-10-19,143.61000061035156,75.05866241455078,317.90313720703125
2020-10-20,140.64666748046875,74.93070983886719,319.17657470703125
2020-10-21,140.8800048828125,74.84541320800781,318.57244873046875
2020-10-22,141.92999267578125,74.71743774414062,320.31988525390625
2020-10-23,140.2100067138672,74.81128692626953,321.4073791503906
2020-10-26,140.0933380126953,74.92221069335938,315.46783447265625
2020-10-27,141.55999755859375,75.10132598876953,314.3802490234375
2020-10-28,135.33999633789062,74.99895477294922,303.63507080078125
2020-10-29,136.94332885742188,74.83687591552734,306.7210388183594
2020-10-30,129.34666442871094,74.70892333984375,303.5235290527344
2020-11-02,133.50332641601562,74.81228637695312,306.92559814453125
2020-11-03,141.3000030517578,74.79524230957031,312.3446960449219
2020-11-04,140.32666015625,75.30791473388672,319.3253173828125
2020-11-05,146.02999877929688,75.38484191894531,325.55303955078125
2020-11-06,143.31666564941406,75.21392059326172,325.47869873046875
2020-11-09,140.4199981689453,74.86359405517578,329.5685119628906
2020-11-10,136.7866668701172,74.71831512451172,329.0851745605469
2020-11-11,139.0433349609375,74.76958465576172,331.52978515625
2020-11-12,137.25332641601562,75.01741790771484,328.3136291503906
2020-11-13,136.1666717529297,75.04302978515625,332.8590087890625
2020-11-16,136.02999877929688,75.08573150634766,337.0140075683594
2020-11-17,147.20333862304688,75.21392059326172,335.201416015625
2020-11-18,162.2133331298828,75.29940032958984,331.16729736328125
2020-11-19,166.42333984375,75.4532470703125,332.56158447265625
2020-11-20,163.20333862304688,75.52156066894531,330.2842102050781
2020-11-23,173.9499969482422,75.46176147460938,332.26416015625
2020-11-24,185.1266632080078,75.38484191894531,337.6181640625
2020-11-25,191.3333282470703,75.35066223144531,337.09759521484375
2020-11-27,195.25332641601562,75.51303100585938,338.0364685058594
2020-11-30,189.1999969482422,75.61556243896484,336.53985595703125
2020-12-01,194.9199981689453,75.38703918457031,340.22076416015625
2020-12-02,189.60667419433594,75.25863647460938,340.9364929199219
2020-12-03,197.7933349609375,75.4041519165039,340.843505859375
2020-12-04,199.67999267578125,75.20726013183594,343.7808532714844
2020-12-07,213.9199981689453,75.3100357055664,343.0743713378906
2020-12-08,216.6266632080078,75.33566284179688,344.0782165527344
2020-12-09,201.4933319091797,75.20726013183594,340.9921875
2020-12-10,209.02333068847656,75.36135864257812,340.8807678222656
2020-12-11,203.3300018310547,75.48118591308594,340.48101806640625
2020-12-14,213.27667236328125,75.45552062988281,338.9566345214844
2020-12-15,211.0833282470703,75.48976135253906,343.5390930175781
2020-12-16,207.58999633789062,75.41272735595703,344.0782165527344
2020-12-17,218.63333129882812,75.42981719970703,346.00238037109375
2020-12-18,231.6666717529297,75.4041519165039,344.62078857421875
2020-12-21,216.6199951171875,75.41272735595703,343.38861083984375
2020-12-22,213.44667053222656,75.53256225585938,342.80987548828125
2020-12-23,215.32666015625,75.44752502441406,343.11798095703125
2020-12-24,220.58999633789062,75.57635498046875,344.4527282714844
2020-12-28,221.22999572753906,75.55058288574219,347.4118957519531
2020-12-29,221.99667358398438,75.57635498046875,346.7491455078125
2020-12-30,231.5933380126953,75.62787628173828,347.243896484375
2020-12-31,235.22332763671875,75.73091888427734,349.0081481933594
2021-01-04,243.2566680908203,75.62787628173828,344.2567138671875
2021-01-05,245.0366668701172,75.49906921386719,346.6277770996094
2021-01-06,251.9933319091797,75.16414642333984,348.7000732421875
2021-01-07,272.0133361816406,75.00957489013672,353.880859375
2021-01-08,293.3399963378906,74.94086456298828,355.8971862792969
2021-01-11,270.39666748046875,74.86357879638672,353.49810791015625
2021-01-12,283.14666748046875,74.84642791748047,353.5727844238281
2021-01-13,284.8033447265625,75.0439224243164,354.5249938964844
2021-01-14,281.6666564941406,74.94945526123047,353.283447265625
2021-01-15,275.38665771484375,75.00957489013672,350.70703125
2021-01-19,281.51666259765625,75.11264038085938,353.4607849121094
2021-01-20,283.48333740234375,75.10401153564453,358.35223388671875
2021-01-21,281.663330078125,75.00099182128906,358.67889404296875
2021-01-22,282.21331787109375,75.03535461425781,357.4094543457031
2021-01-25,293.6000061035156,75.20706939697266,358.8190002441406
2021-01-26,294.36334228515625,75.19849395751953,358.2588806152344
2021-01-27,288.0533447265625,75.19849395751953,349.5028991699219
2021-01-28,278.4766540527344,75.13836669921875,352.50872802734375
2021-01-29,264.510009765625,75.07826232910156,345.4515380859375
2021-02-01,279.9366760253906,75.10321044921875,351.2017822265625
2021-02-02,290.92999267578125,75.00861358642578,356.1678771972656
2021-02-03,284.89666748046875,74.87959289550781,356.44793701171875
2021-02-04,283.3299865722656,74.89678955078125,360.49920654296875
2021-02-05,284.07666015625,74.79358673095703,361.9180603027344
2021-02-08,287.8066711425781,74.87959289550781,364.53192138671875
2021-02-09,283.1533203125,74.84519958496094,364.28912353515625
2021-02-10,268.2733459472656,74.96562194824219,364.1304016113281
2021-02-11,270.5533447265625,74.8882064819336,364.71856689453125
2021-02-12,272.0400085449219,74.69036102294922,366.5201721191406
2021-02-16,265.40667724609375,74.33772277832031,366.2027282714844
2021-02-17,266.04998779296875,74.49253845214844,366.286865234375
2021-02-18,262.4599914550781,74.44953155517578,364.7279052734375
2021-02-19,260.4333190917969,74.19152069091797,364.0838317871094
2021-02-22,238.1666717529297,73.98509216308594,361.2833251953125
2021-02-23,232.94667053222656,73.96791076660156,361.72210693359375
2021-02-24,247.33999633789062,73.92489624023438,365.7080078125
2021-02-25,227.4066619873047,73.27982330322266,356.89599609375
2021-02-26,225.1666717529297,73.91629791259766,355.0570068359375
2021-03-01,239.47666931152344,73.82067108154297,363.6637268066406
2021-03-02,228.81333923339844,73.81211853027344,360.8259582519531
2021-03-03,217.73333740234375,73.57949829101562,356.0465087890625
2021-03-04,207.14666748046875,73.3469009399414,351.6405029296875
2021-03-05,199.31666564941406,73.30386352539062,358.1095275878906
2021-03-08,187.6666717529297,72.96791076660156,356.32659912109375
2021-03-09,224.52667236328125,73.20909881591797,361.4140319824219
2021-03-10,222.68666076660156,73.3469009399414,363.6637268066406
2021-03-11,233.1999969482422,73.35552215576172,367.3508605957031
2021-03-12,231.2433319091797,72.91619873046875,367.8456726074219
2021-03-15,235.97999572753906,73.00234985351562,370.0393371582031
2021-03-16,225.6266632080078,72.99373626708984,369.5726013183594
2021-03-17,233.93666076660156,72.96791076660156,370.832763671875
2021-03-18,217.72000122070312,72.66641235351562,365.43731689453125
2021-03-19,218.2899932861328,72.72673034667969,364.7611999511719
2021-03-22,223.3333282470703,72.93343353271484,367.67376708984375
2021-03-23,220.72000122070312,73.09711456298828,364.77984619140625
2021-03-24,210.08999633789062,73.20909881591797,362.925537109375
2021-03-25,213.4633331298828,73.15741729736328,364.9671936035156
2021-03-26,206.23666381835938,73.02820587158203,370.8486328125
2021-03-29,203.76333618164062,72.93343353271484,370.6612854003906
2021-03-30,211.8733367919922,73.01099395751953,369.6779479980469
2021-03-31,222.64332580566406,72.97651672363281,371.1763610839844
2021-04-01,220.5833282470703,73.21136474609375,375.18475341796875
2021-04-05,230.35000610351562,73.09910583496094,380.5697937011719
2021-04-06,230.5399932861328,73.3581314086914,380.34503173828125
2021-04-07,223.6566619873047,73.27178192138672,380.78521728515625
2021-04-08,227.93333435058594,73.43580627441406,382.5926818847656
2021-04-09,225.67333984375,73.34085083007812,385.3741760253906
2021-04-12,233.9933319091797,73.32359313964844,385.5146789550781
2021-04-13,254.10667419433594,73.51351928710938,386.6572570800781
2021-04-14,244.07666015625,73.46172332763672,385.33673095703125
2021-04-15,246.28334045410156,73.77253723144531,389.47625732421875
2021-04-16,246.5933380126953,73.57398986816406,390.77801513671875
2021-04-19,238.2100067138672,73.5307846069336,388.8581848144531
2021-04-20,239.663330078125,73.65164184570312,386.01116943359375
2021-04-21,248.0399932861328,73.72933959960938,389.6635437011719
2021-04-22,239.89666748046875,73.76387786865234,386.104736328125
2021-04-23,243.13333129882812,73.77253723144531,390.2909851074219
2021-04-26,246.06666564941406,73.7207260131836,391.1058044433594
2021-04-27,234.913330078125,73.5307846069336,391.02154541015625
2021-04-28,231.46665954589844,73.56531524658203,390.9091796875
2021-04-29,225.6666717529297,73.5048828125,393.4002685546875
2021-04-30,236.47999572753906,73.60848999023438,390.8154296875
2021-05-03,228.3000030517578,73.62665557861328,391.6584777832031
2021-05-04,224.53334045410156,73.72176361083984,389.2421569824219
2021-05-05,223.64666748046875,73.76497650146484,389.36383056640625
2021-05-06,221.17999267578125,73.7995834350586,392.47320556640625
2021-05-07,224.1233367919922,73.80821228027344,395.3296203613281
2021-05-10,209.67999267578125,73.63530731201172,391.4149475097656
2021-05-11,205.73333740234375,73.48828125,387.92156982421875
2021-05-12,196.6300048828125,73.22891998291016,379.6801452636719
2021-05-13,190.56333923339844,73.37588500976562,384.2409973144531
2021-05-14,196.5800018310547,73.5488052368164,390.14117431640625
2021-05-17,192.27667236328125,73.47962951660156,389.14837646484375
2021-05-18,192.6233367919922,73.40182495117188,385.7957458496094
2021-05-19,187.82000732421875,73.32402801513672,384.78424072265625
2021-05-20,195.5933380126953,73.56612396240234,388.9236755371094
2021-05-21,193.6266632080078,73.58343505859375,388.6053161621094
2021-05-24,202.14666748046875,73.66986846923828,392.5667724609375
2021-05-25,201.56333923339844,73.860107421875,391.6959228515625
2021-05-26,206.3766632080078,73.83415985107422,392.47320556640625
2021-05-27,210.28334045410156,73.73041534423828,392.6791687011719
2021-05-28,208.4066619873047,73.72176361083984,393.381591796875
2021-06-01,207.96665954589844,73.716552734375,393.0351257324219
2021-06-02,201.7066650390625,73.79450225830078,393.6531982421875
2021-06-03,190.94667053222656,73.65592193603516,392.19219970703125
2021-06-04,199.68333435058594,73.95038604736328,395.7790832519531
2021-06-07,201.7100067138672,73.8984146118164,395.3951110839844
2021-06-08,201.19667053222656,74.03697967529297,395.4794921875
2021-06-09,199.5933380126953,74.1842041015625,394.889404296875
2021-06-10,203.3733367919922,74.34009552001953,396.7250671386719
2021-06-11,203.29666137695312,74.32275390625,397.3805847167969
2021-06-14,205.89666748046875,74.13224792480469,398.27032470703125
2021-06-15,199.7866668701172,74.13224792480469,397.5398254394531
2021-06-16,201.6233367919922,73.92439270019531,395.32025146484375
2021-06-17,205.53334045410156,74.17555236816406,395.1890869140625
2021-06-18,207.77000427246094,74.40937805175781,389.8578186035156
2021-06-21,206.94332885742188,74.14956665039062,395.4390869140625
2021-06-22,207.90333557128906,74.25350189208984,397.5531005859375
2021-06-23,218.85667419433594,74.20155334472656,397.07391357421875
2021-06-24,226.60667419433594,74.23616790771484,399.4229736328125
2021-06-25,223.9566650390625,74.09760284423828,400.84173583984375
2021-06-28,229.57333374023438,74.29682922363281,401.64984130859375
2021-06-29,226.9199981689453,74.33143615722656,401.86590576171875
2021-06-30,226.56666564941406,74.38339233398438,402.20416259765625
2021-07-01,225.97332763671875,74.37646484375,404.43096923828125
2021-07-02,226.3000030517578,74.5065689086914,407.5223388671875
2021-07-06,219.86000061035156,74.77545928955078,406.7799987792969
2021-07-07,214.88333129882812,74.93158721923828,408.21759033203125
2021-07-08,217.60333251953125,75.0009536743164,404.891357421875
2021-07-09,218.98333740234375,74.76675415039062,409.2135314941406
2021-07-12,228.56666564941406,74.74076080322266,410.67938232421875
2021-07-13,222.84666442871094,74.5065689086914,409.279296875
2021-07-14,217.7933349609375,74.75811004638672,409.89007568359375
2021-07-15,216.86666870117188,74.94025421142578,408.4900207519531
2021-07-16,214.74000549316406,74.87084197998047,405.28607177734375
2021-07-19,215.4066619873047,75.29586029052734,399.30084228515625
2021-07-20,220.1666717529297,75.21782684326172,405.02294921875
2021-07-21,218.42999267578125,74.97493743896484,408.3021240234375
2021-07-22,216.4199981689453,75.1397476196289,409.1571960449219
2021-07-23,214.4600067138672,75.05299377441406,413.36663818359375
2021-07-26,219.2066650390625,75.00962829589844,414.3812561035156
2021-07-27,214.92666625976562,75.20043182373047,412.4927673339844
2021-07-28,215.66000366210938,75.26985168457031,412.3236389160156
2021-07-29,225.78334045410156,75.1397476196289,414.03369140625
2021-07-30,229.06666564941406,75.25250244140625,412.02294921875
2021-08-02,236.55667114257812,75.43145751953125,411.1584777832031
2021-08-03,236.5800018310547,75.44884490966797,414.5035400390625
2021-08-04,236.97332763671875,75.44884490966797,412.464599609375
2021-08-05,238.2100067138672,75.27505493164062,415.07666015625
2021-08-06,233.03334045410156,74.91891479492188,415.76251220703125
2021-08-09,237.9199981689453,74.77991485595703,415.4242858886719
2021-08-10,236.663330078125,74.6669692993164,415.9410705566406
2021-08-11,235.94000244140625,74.71910858154297,416.974609375
2021-08-12,240.75,74.727783203125,418.22430419921875
2021-08-13,239.05667114257812,75.02315521240234,418.98541259765625
2021-08-16,228.72332763671875,75.0926513671875,419.9718933105469
2021-08-17,221.90333557128906,75.01448822021484,417.2189636230469
2021-08-18,229.663330078125,74.99707794189453,412.6524963378906
2021-08-19,224.49000549316406,75.16215515136719,413.2913818359375
2021-08-20,226.75332641601562,75.144775390625,416.5799560546875
2021-08-23,235.43333435058594,75.16215515136719,420.2444152832031
2021-08-24,236.163330078125,75.01448822021484,420.9114990234375
2021-08-25,237.06666564941406,74.89285278320312,421.7947998046875
2021-08-26,233.72000122070312,74.90155792236328,419.3048095703125
2021-08-27,237.30667114257812,75.11870574951172,423.0538024902344
2021-08-30,243.6366729736328,75.20558166503906,424.91424560546875
2021-08-31,245.24000549316406,75.11001586914062,424.28472900390625
2021-09-01,244.69667053222656,75.12309265136719,424.51019287109375
2021-09-02,244.1300048828125,75.22749328613281,425.8162841796875
2021-09-03,244.52333068847656,75.07087707519531,425.712890625
2021-09-07,250.97332763671875,74.85334777832031,424.1907653808594
2021-09-08,251.2899932861328,74.97517395019531,423.6739807128906
2021-09-09,251.6199951171875,75.24486541748047,421.86053466796875
2021-09-10,245.42333984375,75.06217956542969,418.53436279296875
2021-09-13,247.6666717529297,75.17532348632812,419.60546875
2021-09-14,248.163330078125,75.3580093383789,417.341064453125
2021-09-15,251.94332885742188,75.28839111328125,420.8270263671875
2021-09-16,252.3300018310547,75.14918518066406,420.159912109375
2021-09-17,253.163330078125,75.0534896850586,416.06707763671875
2021-09-20,243.38999938964844,75.2623062133789,409.12945556640625
2021-09-21,246.4600067138672,75.24486541748047,408.74298095703125
2021-09-22,250.64666748046875,75.32318115234375,412.730224609375
2021-09-23,251.2133331298828,74.92295837402344,417.744873046875
2021-09-24,258.1300048828125,74.76634979248047,418.4330139160156
2021-09-27,263.78668212890625,74.67935943603516,417.2359313964844
2021-09-28,259.1866760253906,74.35743713378906,408.827880859375
2021-09-29,260.4366760253906,74.36610412597656,409.5159606933594
2021-09-30,258.49334716796875,74.34868621826172,404.5107727050781
2021-10-01,258.40667724609375,74.60140228271484,409.3179931640625
2021-10-04,260.510009765625,74.54912567138672,404.0394592285156
2021-10-05,260.1966552734375,74.36611938476562,408.243408203125
2021-10-06,260.9166564941406,74.40099334716797,409.94012451171875
2021-10-07,264.53668212890625,74.19185638427734,413.48431396484375
2021-10-08,261.8299865722656,74.00885009765625,412.730224609375
2021-10-11,263.9800109863281,73.89556884765625,409.7421569824219
2021-10-12,268.5733337402344,74.16571044921875,408.7334899902344
2021-10-13,270.3599853515625,74.36611938476562,410.2040710449219
2021-10-14,272.7733459472656,74.49685668945312,417.1038818359375
2021-10-15,281.010009765625,74.31385040283203,420.2804870605469
2021-10-18,290.03668212890625,74.27029418945312,421.5248107910156
2021-10-19,288.0899963378906,74.06114196777344,424.7768249511719
2021-10-20,288.6000061035156,73.9740219116211,426.44525146484375
2021-10-21,298.0,73.86942291259766,427.5574645996094
2021-10-22,303.2266540527344,74.02629089355469,427.114501953125
2021-10-25,341.6199951171875,74.06114196777344,429.40496826171875
2021-10-26,339.4766540527344,74.20928955078125,429.7913818359375
2021-10-27,345.9533386230469,74.47940826416016,427.88739013671875
2021-10-28,359.0133361816406,74.3835678100586,432.01605224609375
2021-10-29,371.3333435058594,74.40099334716797,432.8927001953125
2021-11-01,402.86334228515625,74.34336853027344,433.6372985839844
2021-11-02,390.6666564941406,74.48302459716797,435.3905029296875
2021-11-03,404.6199951171875,74.35211944580078,438.0487060546875
2021-11-04,409.9700012207031,74.69249725341797,440.11297607421875
2021-11-05,407.36334228515625,74.91944122314453,441.6400146484375
2021-11-08,387.64666748046875,74.75360107421875,442.0171203613281
2021-11-09,341.1666564941406,74.96305847167969,440.5559997558594
2021-11-10,355.98333740234375,74.45683288574219,437.0118103027344
2021-11-11,354.5033264160156,74.33467102050781,437.1531982421875
2021-11-12,344.47332763671875,74.34336853027344,440.45233154296875
2021-11-15,337.7966613769531,74.03794860839844,440.6031494140625
2021-11-16,351.57666015625,73.98552703857422,442.34698486328125
2021-11-17,363.0033264160156,74.14266967773438,441.2723693847656
2021-11-18,365.4599914550781,74.22993469238281,442.7712097167969
2021-11-19,379.0199890136719,74.38705444335938,441.9794006347656
2021-11-22,385.6233215332031,74.02046203613281,440.7350769042969
2021-11-23,369.6766662597656,73.72370910644531,441.319580078125
2021-11-24,372.0,73.89825439453125,442.4977722167969
2021-11-26,360.6400146484375,74.42196655273438,432.6286315917969
2021-11-29,378.9966735839844,74.41320037841797,437.9356384277344
2021-11-30,381.586669921875,74.5528564453125,429.4144287109375
2021-12-01,365.0,74.60092163085938,424.6448669433594
2021-12-02,361.5333251953125,74.60966491699219,431.1488342285156
2021-12-03,338.3233337402344,74.89813232421875,427.39727783203125
2021-12-06,336.336669921875,74.69708251953125,432.4590759277344
2021-12-07,350.5833435058594,74.5309829711914,441.4043884277344
2021-12-08,356.32000732421875,74.30372619628906,442.5732727050781
2021-12-09,334.6000061035156,74.33867645263672,439.5851135253906
2021-12-10,339.010009765625,74.36490631103516,443.72320556640625
2021-12-13,322.13665771484375,74.6184310913086,439.7926025390625
2021-12-14,319.5033264160156,74.49605560302734,436.7667541503906
2021-12-15,325.3299865722656,74.39988708496094,443.5912780761719
2021-12-16,308.97332763671875,74.49605560302734,439.6794738769531
2021-12-17,310.8566589355469,74.62713623046875,434.9999084472656
2021-12-20,299.9800109863281,74.5047836303711,430.3743896484375
2021-12-21,312.84332275390625,74.42608642578125,438.0174865722656
2021-12-22,336.2900085449219,74.5047836303711,442.39703369140625
2021-12-23,355.6666564941406,74.39163970947266,445.14971923828125
2021-12-27,364.64666748046875,74.42672729492188,451.4495544433594
2021-12-28,362.8233337402344,74.41796112060547,451.0805969238281
2021-12-29,362.0633239746094,74.17243194580078,451.65765380859375
2021-12-30,356.7799987792969,74.33904266357422,450.4089660644531
2021-12-31,352.260009765625,74.32149505615234,449.2737731933594
2022-01-03,399.9266662597656,73.82164001464844,451.8751525878906
2022-01-04,383.1966552734375,73.81283569335938,451.72381591796875
2022-01-05,362.7066650390625,73.55853271484375,443.0497131347656
2022-01-06,354.8999938964844,73.47962188720703,442.6335754394531
2022-01-07,342.32000732421875,73.27790069580078,440.883544921875
2022-01-10,352.7066650390625,73.2165298461914,440.3349304199219
2022-01-11,354.79998779296875,73.3656234741211,444.3456726074219
2022-01-12,368.739990234375,73.33930206298828,445.5469665527344
2022-01-13,343.85333251953125,73.4620590209961,439.4079284667969
2022-01-14,349.8699951171875,73.0586929321289,439.5876770019531
2022-01-18,343.5033264160156,72.60264587402344,431.80279541015625
2022-01-19,331.8833312988281,72.77806091308594,427.319091796875
2022-01-20,332.0899963378906,72.85697174072266,422.5895080566406
2022-01-21,314.6333312988281,73.12882232666016,414.29376220703125
2022-01-24,310.0,73.01482391357422,416.0531921386719
2022-01-25,306.1333312988281,72.91839599609375,410.9736022949219
2022-01-26,312.4700012207031,72.51497650146484,409.9425964355469
2022-01-27,276.3666687011719,72.75175476074219,407.918212890625
2022-01-28,282.1166687011719,72.83946228027344,418.04913330078125
2022-01-31,312.239990234375,72.78684997558594,425.57861328125
2022-02-01,310.4166564941406,72.75785064697266,428.4541931152344
2022-02-02,301.88665771484375,72.86324310302734,432.6162109375
2022-02-03,297.0466613769531,72.55581665039062,422.44757080078125
2022-02-04,307.7733459472656,72.10780334472656,424.43402099609375
2022-02-07,302.4466552734375,72.16929626464844,423.0718994140625
2022-02-08,307.3333435058594,71.9321517944336,426.5528869628906
2022-02-09,310.6666564941406,71.98485565185547,432.7959289550781
2022-02-10,301.51666259765625,71.32606506347656,425.0205078125
2022-02-11,286.6666564941406,71.79161071777344,416.6396179199219
2022-02-14,291.9200134277344,71.3875503540039,415.2774658203125
2022-02-15,307.4766540527344,71.23819732666016,421.97467041015625
2022-02-16,307.7966613769531,71.33482360839844,422.44757080078125
2022-02-17,292.1166687011719,71.49295043945312,413.4235534667969
2022-02-18,285.6600036621094,71.61592102050781,410.7466125488281
2022-02-22,273.84332275390625,71.57201385498047,406.33856201171875
2022-02-23,254.67999267578125,71.21187591552734,399.1307373046875
2022-02-24,266.92333984375,71.36998748779297,405.1372375488281
2022-02-25,269.9566650390625,71.43145751953125,414.0762023925781
2022-02-28,290.1433410644531,71.95848846435547,413.0167236328125
2022-03-01,288.1233215332031,72.3359146118164,406.7264404296875
2022-03-02,293.2966613769531,71.44734954833984,414.2087097167969
2022-03-03,279.7633361816406,71.76405334472656,412.1465148925781
2022-03-04,279.42999267578125,72.01921844482422,408.79803466796875
2022-03-07,268.1933288574219,71.66728973388672,396.7469787597656
2022-03-08,274.79998779296875,71.33297729492188,393.7389221191406
2022-03-09,286.3233337402344,71.1394271850586,404.29541015625
2022-03-10,279.4333190917969,70.7611083984375,402.4697570800781
2022-03-11,265.1166687011719,70.70832824707031,397.3523864746094
2022-03-14,255.4566650390625,70.05726623535156,394.4483947753906
2022-03-15,267.2966613769531,70.17168426513672,403.1224670410156
2022-03-16,280.07666015625,70.27725219726562,412.0614013671875
2022-03-17,290.5333251953125,70.33882904052734,417.2167053222656
2022-03-18,301.7966613769531,70.5411605834961,421.786376953125
2022-03-21,307.0533447265625,69.8197250366211,421.6630554199219
2022-03-22,331.32666015625,69.64379119873047,426.59710693359375
2022-03-23,333.03668212890625,69.96047973632812,421.1031188964844
2022-03-24,337.97332763671875,69.87252807617188,427.4510498046875
2022-03-25,336.8800048828125,69.25667572021484,429.53851318359375
2022-03-28,363.9466552734375,69.45903015136719,432.5938415527344
2022-03-29,366.5233459472656,69.76693725585938,437.94537353515625
2022-03-30,364.663330078125,69.9253158569336,435.24114990234375
2022-03-31,359.20001220703125,69.97811889648438,428.542236328125
2022-04-01,361.5299987792969,69.82640075683594,429.7568054199219
2022-04-04,381.8166809082031,69.87932586669922,433.4383544921875
2022-04-05,363.7533264160156,69.17371368408203,427.9634094238281
2022-04-06,348.586669921875,68.96202850341797,423.68414306640625
2022-04-07,352.4200134277344,68.8209228515625,425.81903076171875
2022-04-08,341.8299865722656,68.45052337646484,424.6803894042969
2022-04-11,325.30999755859375,68.13298797607422,417.42169189453125
2022-04-12,328.98333740234375,68.35348510742188,415.8749694824219
2022-04-13,340.7900085449219,68.43289184570312,420.6382141113281
2022-04-14,328.3333435058594,67.96541595458984,415.4005432128906
2022-04-18,334.7633361816406,67.74491119384766,415.5713806152344
2022-04-19,342.7166748046875,67.32157897949219,422.27978515625
2022-04-20,325.73333740234375,67.74491119384766,421.96661376953125
2022-04-21,336.260009765625,67.3833236694336,415.65667724609375
2022-04-22,335.01666259765625,67.29512786865234,404.2515563964844
2022-04-25,332.67333984375,67.71844482421875,406.5951232910156
2022-04-26,292.1400146484375,67.89485931396484,394.8198547363281
2022-04-27,293.836669921875,67.68319702148438,395.9300231933594
2022-04-28,292.5033264160156,67.65673828125,405.9309997558594
2022-04-29,290.2533264160156,67.19811248779297,390.9294738769531
2022-05-02,300.9800109863281,66.8543472290039,393.28265380859375
2022-05-03,303.0833435058594,67.0134048461914,395.0855407714844
2022-05-04,317.5400085449219,67.4464111328125,407.11700439453125
2022-05-05,291.09332275390625,66.77484130859375,392.64691162109375
2022-05-06,288.54998779296875,66.49208068847656,390.30328369140625
2022-05-09,262.3699951171875,66.79251098632812,377.8067932128906
2022-05-10,266.67999267578125,66.9869155883789,378.6796875
2022-05-11,244.6666717529297,67.21663665771484,372.6639709472656
2022-05-12,242.6666717529297,67.3492202758789,372.2749938964844
2022-05-13,256.5299987792969,67.10177612304688,381.17523193359375
2022-05-16,241.4566650390625,67.20780944824219,379.6285705566406
2022-05-17,253.8699951171875,66.81022644042969,387.4377136230469
2022-05-18,236.60333251953125,67.09294891357422,371.81951904296875
2022-05-19,236.47332763671875,67.23433685302734,369.5422668457031
2022-05-20,221.3000030517578,67.43756866455078,369.7035827636719
2022-05-23,224.96665954589844,67.1989974975586,376.6207275390625
2022-05-24,209.3866729736328,67.74684143066406,373.74566650390625
2022-05-25,219.60000610351562,68.02074432373047,377.0476989746094
2022-05-26,235.91000366210938,67.95005798339844,384.5816345214844
2022-05-27,253.2100067138672,68.14444732666016,394.02276611328125
2022-05-31,252.75332641601562,67.75567626953125,391.8118591308594
2022-06-01,246.7899932861328,67.4529037475586,388.6427001953125
2022-06-02,258.3333435058594,67.51486206054688,396.0437927246094
2022-06-03,234.51666259765625,67.41748809814453,389.5441589355469
2022-06-06,238.27999877929688,67.01907348632812,390.7302551269531
2022-06-07,238.8866729736328,67.24925994873047,394.478271484375
2022-06-08,241.86666870117188,66.97480010986328,390.1893615722656
2022-06-09,239.7066650390625,66.88628387451172,380.9095764160156
2022-06-10,232.22999572753906,66.31966400146484,369.8648376464844
2022-06-13,215.73666381835938,65.24842071533203,355.82177734375
2022-06-14,220.88999938964844,64.89427947998047,354.74957275390625
2022-06-15,233.0,65.6379623413086,359.80694580078125
2022-06-16,213.10000610351562,65.7796401977539,347.8987731933594
2022-06-17,216.75999450683594,65.81501770019531,348.6488037109375
2022-06-21,237.0366668701172,65.51404571533203,357.425537109375
2022-06-22,236.086669921875,66.05409240722656,356.7774963378906
2022-06-23,235.07000732421875,66.37276458740234,360.2748107910156
2022-06-24,245.7066650390625,66.24884033203125,371.7294006347656
2022-06-27,244.9199981689453,65.9301528930664,370.3094482421875
2022-06-28,232.663330078125,65.96553039550781,362.7430725097656
2022-06-29,228.49000549316406,66.34625244140625,362.4476318359375
2022-06-30,224.47332763671875,66.6295166015625,359.5029296875
2022-07-01,227.26333618164062,67.16090393066406,363.3052062988281
2022-07-05,233.06666564941406,67.27619934082031,363.9913330078125
2022-07-06,231.73333740234375,66.86813354492188,365.220703125
2022-07-07,244.5433349609375,66.681884765625,370.69061279296875
2022-07-08,250.76333618164062,66.46009063720703,370.3857421875
2022-07-11,234.3433380126953,66.70845794677734,366.15460205078125
2022-07-12,233.07000732421875,66.82377624511719,362.91455078125
2022-07-13,237.0399932861328,67.03671264648438,361.00860595703125
2022-07-14,238.31333923339844,66.82377624511719,360.1319274902344
2022-07-15,240.06666564941406,67.0633316040039,367.0122375488281
2022-07-18,240.54666137695312,66.85929107666016,363.9818115234375
2022-07-19,245.52999877929688,66.80606079101562,373.81640625
2022-07-20,247.5,66.74397277832031,376.1986999511719
2022-07-21,271.7066650390625,67.2939453125,380.02960205078125
2022-07-22,272.24334716796875,67.84396362304688,376.50372314453125
2022-07-25,268.4333190917969,67.59555053710938,376.9611511230469
2022-07-26,258.8599853515625,67.61331939697266,372.50128173828125
2022-07-27,274.82000732421875,67.79960632324219,382.1737976074219
2022-07-28,280.8999938964844,68.26973724365234,386.9671936035156
2022-07-29,297.1499938964844,68.2165298461914,392.6087341308594
2022-08-01,297.27667236328125,68.51251983642578,391.446044921875
2022-08-02,300.586669921875,67.81920623779297,388.86358642578125
2022-08-03,307.39666748046875,68.156982421875,394.9529113769531
2022-08-04,308.6333312988281,68.32585906982422,394.6861267089844
2022-08-05,288.1700134277344,67.55253601074219,394.0190124511719
2022-08-08,290.42333984375,67.85476684570312,393.5616455078125
2022-08-09,283.3333435058594,67.70366668701172,391.9988098144531
2022-08-10,294.3566589355469,67.89030456542969,400.2323303222656
2022-08-11,286.6300048828125,67.50808715820312,400.2323303222656
2022-08-12,300.0299987792969,67.81920623779297,407.0078430175781
2022-08-15,309.32000732421875,67.89030456542969,408.68499755859375
2022-08-16,306.5633239746094,67.80142211914062,409.4855651855469
2022-08-17,303.9966735839844,67.40145111083984,406.5790710449219
2022-08-18,302.8699951171875,67.52589416503906,407.76068115234375
2022-08-19,296.6666564941406,67.09923553466797,402.28118896484375
2022-08-22,289.913330078125,66.79702758789062,393.9046630859375
2022-08-23,296.4533386230469,66.77037048339844,392.95172119140625
2022-08-24,297.0966796875,66.60148620605469,394.20965576171875
2022-08-25,296.07000732421875,66.96590423583984,399.7749328613281
2022-08-26,288.0899963378906,66.83260345458984,386.24285888671875
2022-08-29,284.82000732421875,66.5303726196289,383.6889953613281
2022-08-30,277.70001220703125,66.5837173461914,379.47698974609375
2022-08-31,275.6099853515625,66.30815887451172,376.5894775390625
2022-09-01,277.1600036621094,65.94832611083984,377.7712097167969
2022-09-02,270.2099914550781,66.11756134033203,373.7877502441406
2022-09-06,274.4200134277344,65.52079010009766,372.3774108886719
2022-09-07,283.70001220703125,65.99286651611328,379.0672302246094
2022-09-08,289.260009765625,65.78799438476562,381.5447998046875
2022-09-09,299.67999267578125,65.7612533569336,387.4721984863281
2022-09-12,304.4200134277344,65.68109893798828,391.63665771484375
2022-09-13,292.1300048828125,65.35151672363281,374.6073303222656
2022-09-14,302.6099853515625,65.43170166015625,376.0367431640625
2022-09-15,303.75,65.23573303222656,371.76751708984375
2022-09-16,303.3500061035156,65.16448974609375,368.9313049316406
2022-09-19,309.07000732421875,65.11994171142578,371.7923583984375
2022-09-20,308.7300109863281,64.79931640625,367.5247497558594
2022-09-21,300.79998779296875,64.97745513916016,361.1136779785156
2022-09-22,288.5899963378906,64.30941772460938,358.0804138183594
2022-09-23,275.3299865722656,64.13127899169922,352.08087158203125
2022-09-26,276.010009765625,63.311832427978516,348.5978698730469
2022-09-27,282.94000244140625,63.035675048828125,347.7078857421875
2022-09-28,287.80999755859375,64.01549530029297,354.549560546875
2022-09-29,268.2099914550781,63.68590545654297,347.1433410644531
2022-09-30,265.25,63.534481048583984,341.7752685546875
2022-10-03,242.39999389648438,64.06651306152344,350.7986755371094
2022-10-04,249.44000244140625,64.22720336914062,361.668701171875
2022-10-05,240.80999755859375,63.88797378540039,360.82666015625
2022-10-06,238.1300048828125,63.6469612121582,357.1044006347656
2022-10-07,223.07000732421875,63.31670379638672,347.1433410644531
2022-10-10,222.9600067138672,63.031028747558594,344.4927978515625
2022-10-11,216.5,63.04887390136719,342.3111267089844
2022-10-12,217.24000549316406,63.12027359008789,341.1820373535156
2022-10-13,221.72000122070312,62.897125244140625,350.1861877441406
2022-10-14,204.99000549316406,62.59361267089844,342.2059020996094
2022-10-17,219.35000610351562,62.72751998901367,350.9995422363281
2022-10-18,220.19000244140625,62.87034606933594,355.1236877441406
2022-10-19,222.0399932861328,62.352603912353516,352.60711669921875
2022-10-20,207.27999877929688,61.93303680419922,349.650390625
2022-10-21,214.44000244140625,62.04015350341797,358.14739990234375
2022-10-24,211.25,61.95089340209961,362.5298767089844
2022-10-25,222.4199981689453,62.540042877197266,368.3189697265625
2022-10-26,224.63999938964844,62.79001235961914,365.5440368652344
2022-10-27,225.08999633789062,63.12027359008789,363.5920104980469
2022-10-28,228.52000427246094,62.99530029296875,372.24212646484375
2022-10-31,227.5399932861328,62.79895782470703,369.55328369140625
2022-11-01,227.82000732421875,62.8642692565918,367.93621826171875
2022-11-02,214.97999572753906,62.76585388183594,358.7023010253906
2022-11-03,215.30999755859375,62.52424240112305,355.0088195800781
2022-11-04,207.47000122070312,62.54216766357422,360.1185607910156
2022-11-07,197.0800018310547,62.30055618286133,363.5632629394531
2022-11-08,191.3000030517578,62.57793426513672,365.5248718261719
2022-11-09,177.58999633789062,62.66743469238281,357.9942932128906
2022-11-10,190.72000122070312,63.96478271484375,377.66754150390625
2022-11-11,195.97000122070312,63.96478271484375,381.3229064941406
2022-11-14,190.9499969482422,63.75899887084961,378.0790100097656
2022-11-15,194.4199981689453,64.20638275146484,381.3037109375
2022-11-16,186.9199981689453,64.57319641113281,378.394775390625
2022-11-17,183.1699981689453,64.30477905273438,377.23699951171875
2022-11-18,180.19000244140625,64.1974105834961,378.9497985839844
2022-11-21,167.8699951171875,64.1974105834961,377.5718994140625
2022-11-22,169.91000366210938,64.52845001220703,382.65289306640625
2022-11-23,183.1999969482422,64.92214965820312,385.0641784667969
2022-11-25,182.86000061035156,64.92214965820312,384.97808837890625
2022-11-28,182.9199981689453,64.84162902832031,378.8349914550781
2022-11-29,180.8300018310547,64.60002899169922,378.18426513671875
2022-11-30,194.6999969482422,65.10107421875,390.0973815917969
2022-12-01,194.6999969482422,65.64364624023438,389.8102722167969
2022-12-02,194.86000061035156,65.91268920898438,389.3605651855469
2022-12-05,182.4499969482422,65.39253997802734,382.35626220703125
2022-12-06,179.82000732421875,65.60779571533203,376.84466552734375
2022-12-07,174.0399932861328,66.18168640136719,376.2035827636719
2022-12-08,173.44000244140625,65.99336242675781,379.15069580078125
2022-12-09,179.0500030517578,65.60779571533203,376.318359375
2022-12-12,167.82000732421875,65.60779571533203,381.74383544921875
2022-12-13,160.9499969482422,66.05613708496094,384.633544921875
2022-12-14,156.8000030517578,66.2175521850586,382.1744384765625
2022-12-15,157.6699981689453,66.25341796875,372.8257751464844
2022-12-16,150.22999572753906,66.08306121826172,368.4241638183594
2022-12-19,149.8699951171875,65.68848419189453,365.300048828125
2022-12-20,137.8000030517578,65.25799560546875,365.79986572265625
2022-12-21,137.57000732421875,65.41048431396484,371.26959228515625
2022-12-22,125.3499984741211,65.40150451660156,365.97296142578125
2022-12-23,123.1500015258789,65.19657135009766,368.0780334472656
2022-12-27,109.0999984741211,64.69318389892578,366.6265869140625
2022-12-28,112.70999908447266,64.6032943725586,362.0701904296875
2022-12-29,121.81999969482422,64.84600830078125,368.58758544921875
2022-12-30,123.18000030517578,64.57630920410156,367.61669921875
2023-01-03,108.0999984741211,64.91790771484375,366.069091796875
2023-01-04,113.63999938964844,65.28645324707031,368.89520263671875
2023-01-05,110.33999633789062,65.21455383300781,364.6849060058594
2023-01-06,113.05999755859375,65.93365478515625,373.0478820800781
2023-01-09,119.7699966430664,66.1134262084961,372.8363952636719
2023-01-10,118.8499984741211,65.85273742675781,375.4510803222656
2023-01-11,123.22000122070312,66.20331573486328,380.1996154785156
2023-01-12,123.55999755859375,66.71569061279297,381.5838928222656
2023-01-13,122.4000015258789,66.49099731445312,383.06427001953125
2023-01-17,131.49000549316406,66.40108489990234,382.3625183105469
2023-01-18,128.77999877929688,67.0123519897461,376.3257751464844
2023-01-19,127.16999816894531,66.87748718261719,373.586181640625
2023-01-20,133.4199981689453,66.58084869384766,380.54571533203125
2023-01-23,143.75,66.4190673828125,385.1117248535156
2023-01-24,143.88999938964844,66.71569061279297,384.6983642578125
2023-01-25,144.42999267578125,66.79658508300781,384.8426208496094
2023-01-26,160.27000427246094,66.67076110839844,389.0721130371094
2023-01-27,177.89999389648438,66.59884643554688,389.96612548828125
2023-01-30,166.66000366210938,66.41006469726562,385.07330322265625
2023-01-31,173.22000122070312,66.71569061279297,390.7351989746094
2023-02-01,181.41000366210938,67.14456176757812,394.8877868652344
2023-02-02,188.27000427246094,67.18963623046875,400.6361999511719
2023-02-03,189.97999572753906,66.59494018554688,396.377685546875
2023-02-06,194.75999450683594,66.18049621582031,393.95538330078125
2023-02-07,196.80999755859375,66.09037780761719,399.1077880859375
2023-02-08,201.2899932861328,66.20750427246094,394.7436218261719
2023-02-09,207.32000732421875,65.93720245361328,391.3215026855469
2023-02-10,196.88999938964844,65.65789031982422,392.23468017578125
2023-02-13,194.63999938964844,65.83808135986328,396.8391418457031
2023-02-14,209.25,65.61282348632812,396.6565856933594
2023-02-15,214.24000549316406,65.46868133544922,397.94464111328125
2023-02-16,202.0399932861328,65.21638488769531,392.4654235839844
2023-02-17,208.30999755859375,65.36053466796875,391.4848937988281
2023-02-21,197.3699951171875,64.79290008544922,383.63140869140625
2023-02-22,200.86000061035156,64.93706512451172,383.10272216796875
2023-02-23,202.07000732421875,65.17132568359375,385.14056396484375
2023-02-24,196.8800048828125,64.81092071533203,381.0263977050781
2023-02-27,207.6300048828125,64.91905212402344,382.3240661621094
2023-02-28,205.7100067138672,64.93706512451172,380.9110107421875
2023-03-01,202.77000427246094,64.55237579345703,379.44989013671875
2023-03-02,190.89999389648438,64.41690063476562,382.4009704589844
2023-03-03,197.7899932861328,64.91358947753906,388.5338439941406
2023-03-06,193.80999755859375,64.76004791259766,388.8030090332031
2023-03-07,187.7100067138672,64.68781280517578,382.8431396484375
2023-03-08,182.0,64.63362121582031,383.46795654296875
2023-03-09,172.9199981689453,64.85035705566406,376.3930358886719
2023-03-10,173.44000244140625,65.62703704833984,370.96197509765625
2023-03-13,174.47999572753906,66.15080261230469,370.4332275390625
2023-03-14,183.25999450683594,65.7353744506836,376.5564270019531
2023-03-15,180.4499969482422,66.41268157958984,374.2013854980469
2023-03-16,184.1300048828125,66.09662628173828,380.7668762207031
2023-03-17,180.1300048828125,66.57525634765625,376.3146057128906
2023-03-20,183.25,66.28626251220703,379.9331359863281
2023-03-21,197.5800018310547,66.10565948486328,384.9218444824219
2023-03-22,191.14999389648438,66.69264221191406,378.3603210449219
2023-03-23,192.22000122070312,66.8461685180664,379.38311767578125
2023-03-24,190.41000366210938,66.98165893554688,381.8725891113281
2023-03-27,191.80999755859375,66.28626251220703,382.5866394042969
2023-03-28,189.19000244140625,66.1688461303711,381.72796630859375
2023-03-29,193.8800048828125,66.24110412597656,387.2762451171875
2023-03-30,195.27999877929688,66.33142852783203,389.54388427734375
2023-03-31,207.4600067138672,66.67460632324219,395.03436279296875
2023-04-03,194.77000427246094,66.95796203613281,396.53961181640625
2023-04-04,192.5800018310547,67.22956085205078,394.33953857421875
2023-04-05,185.52000427246094,67.4106216430664,393.30712890625
2023-04-06,185.05999755859375,67.39251708984375,394.84136962890625
2023-04-10,184.50999450683594,66.93983459472656,395.2466125488281
2023-04-11,186.7899932861328,66.96703338623047,395.3527526855469
2023-04-12,180.5399932861328,67.03943634033203,393.7413330078125
2023-04-13,185.89999389648438,67.00321197509766,398.9711608886719
2023-04-14,185.0,66.70446014404297,397.9966735839844
2023-04-17,187.0399932861328,66.34233093261719,399.4247741699219
2023-04-18,184.30999755859375,66.44192504882812,399.685302734375
2023-04-19,180.58999633789062,66.35137939453125,399.6177978515625
2023-04-20,162.99000549316406,66.64109802246094,397.4370422363281
2023-04-21,165.0800018310547,66.52339935302734,397.745849609375
2023-04-24,162.5500030517578,66.78591918945312,398.1607666015625
2023-04-25,160.6699981689453,67.22051239013672,391.84039306640625
2023-04-26,153.75,66.98512268066406,390.18072509765625
2023-04-27,160.19000244140625,66.69542694091797,397.9484558105469
2023-04-28,164.30999755859375,67.06658935546875,401.3450012207031
2023-05-01,161.8300018310547,66.37686920166016,400.9397277832031
2023-05-02,160.30999755859375,67.03031158447266,396.4335021972656
2023-05-03,160.61000061035156,67.3116226196289,393.7123718261719
2023-05-04,161.1999969482422,67.22087097167969,390.9237365722656
2023-05-05,170.05999755859375,66.97586822509766,398.1607666015625
2023-05-08,171.7899932861328,66.65818786621094,398.2668762207031
2023-05-09,169.14999389648438,66.58557891845703,396.5203552246094
2023-05-10,168.5399932861328,66.99400329589844,398.37298583984375
2023-05-11,172.0800018310547,67.21179962158203,397.6782531738281
2023-05-12,167.97999572753906,66.85787963867188,397.1571960449219
2023-05-15,166.35000610351562,66.68543243408203,398.52740478515625
2023-05-16,166.52000427246094,66.52207946777344,395.8641662597656
2023-05-17,173.86000061035156,66.40411376953125,400.6695556640625
2023-05-18,176.88999938964844,66.13184356689453,404.529296875
2023-05-19,180.13999938964844,65.9503402709961,403.940673828125
2023-05-22,188.8699951171875,65.93220520019531,404.1047668457031
2023-05-23,185.77000427246094,65.97753143310547,399.56951904296875
2023-05-24,182.89999389648438,65.79605865478516,396.6747131347656
2023-05-25,184.47000122070312,65.551025390625,400.10986328125
2023-05-26,193.1699981689453,65.63269805908203,405.2915954589844
2023-05-30,201.16000366210938,66.06829833984375,405.44598388671875
2023-05-31,203.92999267578125,66.2861099243164,403.1976623535156
2023-06-01,207.52000427246094,66.46536254882812,407.0284729003906
2023-06-02,213.97000122070312,66.0923080444336,412.9145812988281
2023-06-05,217.61000061035156,66.1014175415039,412.12335205078125
2023-06-06,221.30999755859375,66.19239044189453,413.02069091796875
2023-06-07,224.57000732421875,65.8193588256836,411.59259033203125
2023-06-08,234.86000061035156,66.14689636230469,414.0821533203125
2023-06-09,244.39999389648438,66.01045227050781,414.8251647949219
2023-06-12,249.8300018310547,66.14689636230469,418.5883483886719
2023-06-13,258.7099914550781,65.85576629638672,421.34808349609375
2023-06-14,256.7900085449219,65.91035461425781,421.8498840332031
2023-06-15,255.89999389648438,66.31979370117188,427.07977294921875
2023-06-16,260.5400085449219,66.17420959472656,425.62506103515625
2023-06-20,274.45001220703125,66.26518249511719,423.4168701171875
2023-06-21,259.4599914550781,66.37439727783203,421.24737548828125
2023-06-22,264.6099853515625,66.05592346191406,422.7679443359375
2023-06-23,256.6000061035156,66.24696350097656,419.57177734375
2023-06-26,241.0500030517578,66.32889556884766,417.85760498046875
2023-06-27,250.2100067138672,66.20149230957031,422.4386901855469
2023-06-28,256.239990234375,66.4107894897461,422.6517333984375
2023-06-29,257.5,65.91035461425781,424.31756591796875
2023-06-30,261.7699890136719,66.13780212402344,429.3248596191406
2023-07-03,279.82000732421875,65.94989013671875,429.8187561035156
2023-07-05,282.4800109863281,65.6762466430664,429.1795654296875
2023-07-06,276.5400085449219,65.25663757324219,425.81878662109375
2023-07-07,274.42999267578125,65.22016143798828,424.7437744140625
2023-07-10,269.6099853515625,65.44822692871094,425.81878662109375
2023-07-11,269.7900085449219,65.58504486083984,428.5306396484375
2023-07-12,271.989990234375,66.10497283935547,431.9785461425781
2023-07-13,277.8999938964844,66.50633239746094,435.4071960449219
2023-07-14,281.3800048828125,66.1961898803711,435.1359558105469
2023-07-17,290.3800048828125,66.26915740966797,436.646728515625
2023-07-18,293.3399963378906,66.35126495361328,439.8913269042969
2023-07-19,291.260009765625,66.50633239746094,440.86956787109375
2023-07-20,262.8999938964844,66.1961898803711,437.9446716308594
2023-07-21,260.0199890136719,66.24180603027344,437.9446716308594
2023-07-24,269.05999755859375,66.13233947753906,439.9010009765625
2023-07-25,265.2799987792969,66.05937194824219,441.1020202636719
2023-07-26,264.3500061035156,66.27828979492188,441.1698303222656
2023-07-27,255.7100067138672,65.7127456665039,438.244873046875
2023-07-28,266.44000244140625,65.94078063964844,442.53546142578125
2023-07-31,267.42999267578125,66.05937194824219,443.3780517578125
2023-08-01,261.07000732421875,65.6505355834961,442.1092834472656
2023-08-02,254.11000061035156,65.44017791748047,435.95916748046875
2023-08-03,259.32000732421875,65.0377426147461,434.7098083496094
2023-08-04,253.86000061035156,65.5773696899414,432.7436828613281
2023-08-07,251.4499969482422,65.47676086425781,436.5209045410156
2023-08-08,249.6999969482422,65.71455383300781,434.62255859375
2023-08-09,242.19000244140625,65.73287200927734,431.717041015625
2023-08-10,245.33999633789062,65.36701202392578,431.8720703125
2023-08-11,242.64999389648438,65.15665435791016,431.6202087402344
2023-08-14,239.75999450683594,65.07433319091797,434.0027770996094
2023-08-15,232.9600067138672,64.92797088623047,428.94708251953125
2023-08-16,225.60000610351562,64.74505615234375,425.7994079589844
2023-08-17,219.22000122070312,64.68103790283203,422.5549011230469
2023-08-18,215.49000549316406,64.8182373046875,422.7582702636719
2023-08-21,231.27999877929688,64.50727081298828,425.50885009765625
2023-08-22,233.19000244140625,64.58958435058594,424.3563232421875
2023-08-23,236.86000061035156,65.1749496459961,429.08270263671875
2023-08-24,230.0399932861328,65.01946258544922,423.1360168457031
2023-08-25,238.58999633789062,65.01946258544922,426.1190185546875
2023-08-28,238.82000732421875,65.13835906982422,428.82122802734375
2023-08-29,257.17999267578125,65.54080200195312,435.01971435546875
2023-08-30,256.8999938964844,65.51334381103516,436.8115234375
2023-08-31,258.0799865722656,65.62310028076172,436.17230224609375
2023-09-01,245.00999450683594,65.30760955810547,436.9858093261719
2023-09-05,256.489990234375,64.94993591308594,435.0971984863281
2023-09-06,251.9199981689453,64.87655639648438,432.1722717285156
2023-09-07,251.49000549316406,65.09666442871094,430.8454284667969
2023-09-08,248.5,65.1150131225586,431.4942626953125
2023-09-11,273.5799865722656,65.01414489746094,434.33209228515625
2023-09-12,267.4800109863281,65.05998229980469,431.94952392578125
2023-09-13,271.29998779296875,65.16087341308594,432.4531555175781
2023-09-14,276.0400085449219,65.05081939697266,436.1819763183594
2023-09-15,274.3900146484375,64.92241668701172,430.92669677734375
2023-09-18,265.2799987792969,64.98662567138672,431.1794128417969
2023-09-19,266.5,64.84904479980469,430.28515625
2023-09-20,262.5899963378906,64.76649475097656,426.3294372558594
2023-09-21,255.6999969482422,64.36296844482422,419.2829284667969
2023-09-22,244.8800048828125,64.62895202636719,418.34014892578125
2023-09-25,246.99000549316406,64.15205383300781,420.09930419921875
2023-09-26,244.1199951171875,64.08786010742188,413.92755126953125
2023-09-27,240.5,63.858577728271484,414.0927429199219
2023-09-28,246.3800048828125,64.02365112304688,416.4934387207031
2023-09-29,250.22000122070312,63.996150970458984,415.482666015625
2023-10-02,251.60000610351562,63.556549072265625,415.3173522949219
2023-10-03,246.52999877929688,63.04153823852539,409.7579345703125
2023-10-04,261.1600036621094,63.45537567138672,412.7417907714844
2023-10-05,260.04998779296875,63.501365661621094,412.5862731933594
2023-10-06,260.5299987792969,63.25306701660156,417.48480224609375
2023-10-09,259.6700134277344,63.89682388305664,420.1576232910156
2023-10-10,263.6199951171875,63.83243942260742,422.344482421875
2023-10-11,262.989990234375,64.12673950195312,424.0745849609375
2023-10-12,258.8699951171875,63.57494354248047,421.48919677734375
2023-10-13,251.1199951171875,63.869232177734375,419.3898010253906
2023-10-16,253.9199981689453,63.53813934326172,423.8023986816406
2023-10-17,254.85000610351562,63.12430953979492,423.7829284667969
2023-10-18,242.67999267578125,62.84843063354492,418.135986328125
2023-10-19,220.11000061035156,62.57253646850586,414.462158203125
2023-10-20,211.99000549316406,62.80246353149414,409.36920166015625
2023-10-23,212.0800018310547,63.04153823852539,408.6596374511719
2023-10-24,216.52000427246094,63.25306701660156,411.74066162109375
2023-10-25,212.4199981689453,62.77484893798828,405.8313293457031
2023-10-26,205.75999450683594,63.19789505004883,400.97161865234375
2023-10-27,207.3000030517578,63.19789505004883,399.1541442871094
2023-10-30,197.36000061035156,63.04153823852539,403.9263610839844
2023-10-31,200.83999633789062,63.023162841796875,406.463134765625
2023-11-01,205.66000366210938,63.63468551635742,410.79791259765625
2023-11-02,218.50999450683594,64.00364685058594,418.6706237792969
2023-11-03,219.9600067138672,64.38182067871094,422.4903259277344
2023-11-06,219.27000427246094,64.1051025390625,423.4622497558594
2023-11-07,222.17999267578125,64.4279556274414,424.6673889160156
2023-11-08,222.11000061035156,64.6308364868164,424.9783935546875
2023-11-09,209.97999572753906,64.15119171142578,421.6641540527344
2023-11-10,214.64999389648438,64.2711181640625,428.244140625
2023-11-13,223.7100067138672,64.25267791748047,427.8359375
2023-11-14,237.41000366210938,65.03670501708984,436.13623046875
2023-11-15,242.83999633789062,64.6769790649414,437.0596008300781
2023-11-16,233.58999633789062,65.06436157226562,437.59417724609375
2023-11-17,234.3000030517578,65.15660095214844,438.1383972167969
2023-11-20,235.60000610351562,65.24884033203125,441.5110778808594
2023-11-21,241.1999969482422,65.34111022949219,440.5488586425781
2023-11-22,234.2100067138672,65.39643096923828,442.24969482421875
2023-11-24,235.4499969482422,65.08283233642578,442.5218505859375
2023-11-27,236.0800018310547,65.47943878173828,441.724853515625
2023-11-28,246.72000122070312,65.75613403320312,442.1622314453125
2023-11-29,244.13999938964844,66.09742736816406,441.8511657714844
2023-11-30,240.0800018310547,65.88526916503906,443.5909729003906
2023-12-01,238.8300018310547,66.42269897460938,446.2152099609375
2023-12-04,235.5800018310547,66.15446472167969,443.8728942871094
2023-12-05,238.72000122070312,66.5799560546875,443.78533935546875
2023-12-06,239.3699951171875,66.7741928100586,441.9970397949219
2023-12-07,242.63999938964844,66.75568389892578,445.3696594238281
2023-12-08,243.83999633789062,66.43193817138672,447.2843933105469
2023-12-11,239.74000549316406,66.44121551513672,449.02410888671875
2023-12-12,237.00999450683594,66.63545989990234,451.0747985839844
2023-12-13,239.2899932861328,67.48641967773438,457.2952575683594
2023-12-14,251.0500030517578,67.99516296386719,458.7628479003906
2023-12-15,253.5,67.89342498779297,458.0075378417969
2023-12-18,252.0800018310547,67.75465393066406,460.5838928222656
2023-12-19,257.2200012207031,67.8841552734375,463.3846130371094
2023-12-20,247.13999938964844,68.10615539550781,456.96337890625
2023-12-21,254.5,68.0969009399414,461.2962646484375
2023-12-22,252.5399932861328,68.05144500732422,462.2232971191406
2023-12-26,256.6099853515625,68.11638641357422,464.175048828125
2023-12-27,261.44000244140625,68.5523910522461,465.0143127441406
2023-12-28,253.17999267578125,68.38541412353516,465.19000244140625
2023-12-29,248.47999572753906,68.22770690917969,463.84326171875
2024-01-02,248.4199981689453,67.94013977050781,461.2474365234375
2024-01-03,238.4499969482422,67.99580383300781,457.4805603027344
2024-01-04,237.92999267578125,67.6896743774414,456.0069580078125
2024-01-05,237.49000549316406,67.48560333251953,456.631591796875
2024-01-08,240.4499969482422,67.78244018554688,463.15045166015625
2024-01-09,234.9600067138672,67.77317810058594,462.44781494140625
2024-01-10,233.94000244140625,67.65257263183594,465.0631103515625
2024-01-11,227.22000122070312,68.00508117675781,464.85821533203125
2024-01-12,218.88999938964844,68.14421844482422,465.18023681640625
2024-01-16,219.91000366210938,67.66184997558594,463.4724426269531
2024-01-17,215.5500030517578,67.504150390625,460.8961486816406
2024-01-18,211.8800048828125,67.41138458251953,464.9947814941406
2024-01-19,212.19000244140625,67.41138458251953,470.79150390625
2024-01-22,208.8000030517578,67.522705078125,471.78692626953125
2024-01-23,209.13999938964844,67.3650131225586,473.16290283203125
2024-01-24,207.8300018310547,67.22586822509766,473.68011474609375
2024-01-25,182.6300048828125,67.541259765625,476.2564392089844
2024-01-26,183.25,67.43920135498047,475.6513366699219
2024-01-29,190.92999267578125,67.7082290649414,479.4182434082031
2024-01-30,191.58999633789062,67.82882690429688,479.0473937988281
2024-01-31,187.2899932861328,68.11638641357422,471.23065185546875
2024-02-01,188.86000061035156,68.52759552001953,477.398193359375
2024-02-02,187.91000366210938,67.91357421875,482.4239501953125
2024-02-05,181.05999755859375,67.37400817871094,480.6673889160156
2024-02-06,185.10000610351562,67.69029998779297,482.0628967285156
2024-02-07,187.5800018310547,67.56005859375,486.0834655761719
2024-02-08,189.55999755859375,67.38329315185547,486.29815673828125
2024-02-09,193.57000732421875,67.32747650146484,489.10870361328125
2024-02-12,188.1300048828125,67.34607696533203,488.89404296875
2024-02-13,184.02000427246094,66.75997924804688,482.16046142578125
2024-02-14,188.7100067138672,67.01116180419922,486.54217529296875
2024-02-15,200.4499969482422,67.1972427368164,489.899169921875
2024-02-16,199.9499969482422,66.98326110839844,487.4595031738281
2024-02-20,193.75999450683594,67.06698608398438,484.77581787109375
2024-02-21,194.77000427246094,66.88092803955078,485.2149658203125
2024-02-22,197.41000366210938,66.90884399414062,495.2566833496094
2024-02-23,191.97000122070312,67.15071105957031,495.5982666015625
2024-02-26,199.39999389648438,67.02979278564453,493.7831115722656
2024-02-27,199.72999572753906,66.92743682861328,494.700439453125
2024-02-28,202.0399932861328,67.07627868652344,494.0466613769531
2024-02-29,201.8800048828125,67.18792724609375,495.8226623535156
2024-03-01,202.63999938964844,67.46965789794922,500.4776611328125
2024-03-04,188.13999938964844,67.31108856201172,499.94091796875
2024-03-05,180.74000549316406,67.67491912841797,494.9444274902344
2024-03-06,176.5399932861328,67.79621124267578,497.452392578125
2024-03-07,178.64999389648438,67.90814971923828,502.3903503417969
2024-03-08,175.33999633789062,67.97346496582031,499.3749084472656
2024-03-11,177.77000427246094,67.94547271728516,498.945556640625
2024-03-12,177.5399932861328,67.74022674560547,504.31280517578125
2024-03-13,169.47999572753906,67.62826538085938,503.5223693847656
2024-03-14,162.5,67.22712707519531,502.5269775390625
2024-03-15,163.57000732421875,67.1897964477539,499.0762939453125
2024-03-18,173.8000030517578,67.10585021972656,502.0424499511719
2024-03-19,171.32000732421875,67.28307342529297,504.83233642578125
2024-03-20,175.66000366210938,67.40438842773438,509.5017395019531
2024-03-21,172.82000732421875,67.46033477783203,511.1853332519531
2024-03-22,170.8300018310547,67.68426513671875,510.21636962890625
2024-03-25,172.6300048828125,67.55364227294922,508.8067321777344
2024-03-26,177.6699981689453,67.60962677001953,507.8669128417969
2024-03-27,179.8300018310547,67.84285736083984,512.1348876953125
2024-03-28,175.7899932861328,67.75887298583984,512.0370483398438
2024-04-01,175.22000122070312,67.29666900634766,511.1462097167969
2024-04-02,166.6300048828125,67.22177124023438,507.89630126953125
2024-04-03,168.3800048828125,67.26856994628906,508.4542541503906
2024-04-04,171.11000061035156,67.40892791748047,502.248046875
2024-04-05,164.89999389648438,67.07206726074219,507.49493408203125
2024-04-08,172.97999572753906,67.01594543457031,507.7787780761719
2024-04-09,176.8800048828125,67.25923156738281,508.3661804199219
2024-04-10,171.75999450683594,66.47322845458984,503.27581787109375
2024-04-11,174.60000610351562,66.47322845458984,507.0740966796875
2024-04-12,171.0500030517578,66.62291717529297,500.0748291015625
2024-04-15,161.47999572753906,66.1831283569336,493.8098449707031
2024-04-16,157.11000061035156,66.01469421386719,492.90924072265625
2024-04-17,155.4499969482422,66.3328628540039,489.9920654296875
2024-04-18,149.92999267578125,66.1550521850586,488.98382568359375
2024-04-19,147.0500030517578,66.23928833007812,484.71575927734375
2024-04-22,142.0500030517578,66.2673568725586,489.17962646484375
2024-04-23,144.67999267578125,66.38899993896484,494.9845275878906
2024-04-24,162.1300048828125,66.2205581665039,494.7496337890625
2024-04-25,170.17999267578125,66.03343200683594,492.8700866699219
2024-04-26,168.2899932861328,66.1831283569336,497.53948974609375
2024-04-29,194.0500030517578,66.379638671875,499.30145263671875
2024-04-30,183.27999877929688,66.12699890136719,491.3919372558594
2024-05-01,179.99000549316406,66.3653793334961,489.79632568359375
2024-05-02,180.00999450683594,66.62818908691406,494.3775939941406
2024-05-03,181.19000244140625,66.96605682373047,500.5055847167969
2024-05-06,184.75999450683594,67.03178405761719,505.6741943359375
2024-05-07,177.80999755859375,67.16316986083984,506.232177734375
2024-05-08,174.72000122070312,67.00359344482422,506.2811279296875
2024-05-09,171.97000122070312,67.18193817138672,509.1982116699219
2024-05-10,168.47000122070312,66.99421691894531,509.85418701171875
2024-05-13,171.88999938964844,67.05054473876953,509.9225769042969
2024-05-14,177.5500030517578,67.24764251708984,512.26220703125
2024-05-15,173.99000549316406,67.67938232421875,518.60546875
2024-05-16,174.83999633789062,67.56674194335938,517.53857421875
2024-05-17,177.4600067138672,67.3978042602539,518.282470703125
2024-05-20,174.9499969482422,67.33210754394531,518.8796997070312
2024-05-21,186.60000610351562,67.47289276123047,520.1522216796875
2024-05-22,180.11000061035156,67.38841247558594,518.654541015625
2024-05-23,173.74000549316406,67.19131469726562,514.8661499023438
2024-05-24,179.24000549316406,67.26639556884766,518.2727661132812
2024-05-28,176.75,66.94731140136719,518.6349487304688
2024-05-29,176.19000244140625,66.70326232910156,515.0031127929688
2024-05-30,178.7899932861328,66.99421691894531,511.5867004394531
2024-05-31,178.0800018310547,67.23824310302734,516.2464599609375
2024-06-03,176.2899932861328,67.61387634277344,516.6672973632812
2024-06-04,174.77000427246094,67.8680648803711,517.2448120117188
2024-06-05,175.0,68.05635070800781,523.392333984375
2024-06-06,177.94000244140625,68.06575775146484,523.3826293945312
2024-06-07,177.47999572753906,67.51972961425781,522.7462158203125
2024-06-10,173.7899932861328,67.4161605834961,524.3614501953125
2024-06-11,170.66000366210938,67.68919372558594,525.6242065429688
2024-06-12,177.2899932861328,67.99988555908203,529.9413452148438
2024-06-13,182.47000122070312,68.30113983154297,531.00830078125
2024-06-14,178.00999450683594,68.4046859741211,531.3313598632812
2024-06-17,187.44000244140625,68.15052032470703,535.5601806640625
2024-06-18,184.86000061035156,68.38587188720703,536.9208374023438
2024-06-20,181.57000732421875,68.25406646728516,535.4623413085938
2024-06-21,183.00999450683594,68.27288055419922,534.744384765625
2024-06-24,182.5800018310547,68.31056213378906,533.0061645507812
2024-06-25,187.35000610351562,68.34819793701172,535.0587158203125
2024-06-26,196.3699951171875,68.0280990600586,535.7265014648438
2024-06-27,197.4199981689453,68.15052032470703,536.571044921875
2024-06-28,197.8800048828125,67.83041381835938,534.4595947265625
2024-07-01,209.86000061035156,67.47251892089844,535.5595703125
2024-07-02,231.25999450683594,67.67082214355469,539.1636962890625
2024-07-03,246.38999938964844,68.05799865722656,541.56982421875
2024-07-05,251.52000427246094,68.36962890625,544.6927490234375
2024-07-08,252.94000244140625,68.36962890625,545.3213500976562
2024-07-09,262.3299865722656,68.34130859375,545.8516845703125
2024-07-10,263.260009765625,68.39795684814453,551.2529907226562
2024-07-11,241.02999877929688,68.73792266845703,546.4996948242188
2024-07-12,248.22999572753906,68.91734313964844,549.9468994140625
2024-07-15,252.63999938964844,68.70014953613281,551.4592895507812
2024-07-16,256.55999755859375,68.96454620361328,554.7294311523438
2024-07-17,248.5,69.03067016601562,546.9515380859375
2024-07-18,249.22999572753906,68.85124206542969,542.7482299804688
2024-07-19,239.1999969482422,68.67182159423828,539.14404296875
2024-07-22,251.50999450683594,68.64348602294922,544.70263671875
2024-07-23,246.3800048828125,68.65293884277344,543.8483276367188
2024-07-24,215.99000549316406,68.45460510253906,531.5233154296875
2024-07-25,220.25,68.60569763183594,528.7537841796875
2024-07-26,219.8000030517578,68.87956237792969,534.67578125
2024-07-29,232.10000610351562,68.96454620361328,534.9899291992188
2024-07-30,222.6199951171875,69.04955291748047,532.2794799804688
2024-07-31,232.07000732421875,69.42726135253906,540.9314575195312
2024-08-01,216.86000061035156,69.68682098388672,533.2713623046875
2024-08-02,207.6699981689453,70.48249053955078,523.3427124023438
2024-08-05,198.8800048828125,70.4161605834961,508.1010437011719
2024-08-06,200.63999938964844,69.98047637939453,512.7855224609375
2024-08-07,191.75999450683594,69.80995178222656,509.3580017089844
2024-08-08,198.83999633789062,69.70574188232422,521.1329956054688
2024-08-09,200.0,69.9520263671875,523.4309692382812
2024-08-12,197.49000549316406,70.0751724243164,523.7060546875
2024-08-13,207.8300018310547,70.34039306640625,532.3186645507812
2024-08-14,201.3800048828125,70.4730224609375,533.9981079101562
2024-08-15,214.13999938964844,70.17935943603516,543.1509399414062
2024-08-16,216.1199951171875,70.33094024658203,544.36865234375
2024-08-19,222.72000122070312,70.4161605834961,549.5736083984375
2024-08-20,221.10000610351562,70.62456512451172,548.6798706054688
2024-08-21,223.27000427246094,70.77611541748047,550.5654907226562
2024-08-22,210.66000366210938,70.49195098876953,546.244384765625
2024-08-23,220.32000732421875,70.80453491210938,552.0484008789062
2024-08-26,213.2100067138672,70.72876739501953,550.7324829101562
2024-08-27,209.2100067138672,70.72876739501953,551.4886474609375
2024-08-28,205.75,70.681396484375,548.2871704101562
2024-08-29,206.27999877929688,70.57718658447266,548.336181640625
2024-08-30,214.11000061035156,70.43512725830078,553.5706787109375
2024-09-03,210.60000610351562,70.73534393310547,542.1787109375
2024-09-04,219.41000366210938,71.04888153076172,541.0689697265625
2024-09-05,230.1699981689453,71.21990966796875,539.7530517578125
2024-09-06,210.72999572753906,71.305419921875,530.6688842773438
2024-09-09,216.27000427246094,71.40042114257812,536.6103515625
2024-09-10,226.1699981689453,71.63795471191406,538.9476318359375
2024-09-11,228.1300048828125,71.59996032714844,544.4767456054688
2024-09-12,229.80999755859375,71.52393341064453,549.06298828125
2024-09-13,230.2899932861328,71.67594146728516,551.9305419921875
2024-09-16,226.77999877929688,71.865966796875,552.7457275390625
2024-09-17,227.8699951171875,71.77098083496094,552.9716186523438
2024-09-18,227.1999969482422,71.55242919921875,551.33154296875
2024-09-19,243.9199981689453,71.55242919921875,560.7396850585938
2024-09-20,238.25,71.54293823242188,559.7703247070312
2024-09-23,250.0,71.49542999267578,561.169189453125
2024-09-24,254.27000427246094,71.5809326171875,562.77490234375
2024-09-25,257.0199890136719,71.31491088867188,561.5336303710938
2024-09-26,254.22000122070312,71.31491088867188,563.7599487304688
2024-09-27,260.4599914550781,71.52393341064453,562.9423828125
2024-09-30,261.6300048828125,71.36241912841797,565.1981811523438
2024-10-01,258.0199890136719,71.57300567626953,560.1348266601562
2024-10-02,249.02000427246094,71.4395980834961,560.371337890625
2024-10-03,240.66000366210938,71.12513732910156,559.3468627929688
2024-10-04,250.0800018310547,70.65821838378906,564.4298095703125
2024-10-07,240.8300018310547,70.44859313964844,559.3270874023438
2024-10-08,244.5,70.55340576171875,564.6170043945312
2024-10-09,241.0500030517578,70.36279296875,568.52783203125
2024-10-10,238.77000427246094,70.33423614501953,567.5328369140625
2024-10-11,217.8000030517578,70.34376525878906,570.9312744140625
2024-10-14,219.16000366210938,70.29611206054688,575.6006469726562
2024-10-15,219.57000732421875,70.57244110107422,571.1283569335938
2024-10-16,221.3300018310547,70.66773986816406,573.6107177734375
2024-10-17,220.88999938964844,70.32469940185547,573.6599731445312
2024-10-18,220.6999969482422,70.36279296875,575.8666381835938
2024-10-21,218.85000610351562,69.8863525390625,574.9208984375
2024-10-22,217.97000122070312,69.91494750976562,574.6155395507812
2024-10-23,213.64999389648438,69.7434310913086,569.364990234375
2024-10-24,260.4800109863281,69.85777282714844,570.596435546875
2024-10-25,269.19000244140625,69.71483612060547,570.3993530273438
2024-10-28,262.510009765625,69.62906646728516,572.1626586914062
2024-10-29,259.5199890136719,69.68624877929688,573.088623046875
2024-10-30,257.54998779296875,69.61954498291016,571.35498046875
2024-10-31,249.85000610351562,69.61001586914062,560.154541015625
2024-11-01,248.97999572753906,69.3404541015625,562.5187377929688
2024-11-04,242.83999633789062,69.61766052246094,561.30712890625
2024-11-05,251.44000244140625,69.78972625732422,568.0942993164062
2024-11-06,288.5299987792969,69.21617126464844,582.2202758789062
2024-11-07,296.9100036621094,69.73236846923828,586.7221069335938
2024-11-08,321.2200012207031,69.86619567871094,589.263671875
2024-11-11,350.0,69.73236846923828,589.8251342773438
2024-11-12,328.489990234375,69.3117904663086,587.9928588867188
2024-11-13,330.239990234375,69.2831039428711,588.2784423828125
2024-11-14,311.17999267578125,69.26397705078125,584.495849609375
2024-11-15,320.7200012207031,69.2831039428711,577.0092163085938
2024-11-18,338.739990234375,69.35003662109375,579.37353515625
2024-11-19,346.0,69.47428131103516,581.4913940429688
2024-11-20,342.0299987792969,69.39779663085938,581.6883544921875
2024-11-21,339.6400146484375,69.35957336425781,584.81103515625
2024-11-22,352.55999755859375,69.38824462890625,586.6235961914062
2024-11-25,338.5899963378906,70.02870178222656,588.613525390625
2024-11-26,338.2300109863281,69.9044418334961,591.6869506835938
2024-11-27,332.8900146484375,70.09561157226562,589.8941040039062
2024-11-29,345.1600036621094,70.35370635986328,593.55859375
2024-12-02,357.0899963378906,70.39492797851562,594.6223754882812
2024-12-03,351.4200134277344,70.23194885253906,594.8982543945312
2024-12-04,357.92999267578125,70.47163391113281,598.5923461914062
2024-12-05,369.489990234375,70.481201171875,597.607177734375
2024-12-06,389.2200012207031,70.67298126220703,598.7400512695312
2024-12-09,389.7900085449219,70.46204376220703,595.6567993164062
2024-12-10,400.989990234375,70.38533020019531,593.8048095703125
2024-12-11,424.7699890136719,70.23194885253906,598.3953247070312
2024-12-12,418.1000061035156,69.9538803100586,595.3120727539062
2024-12-13,436.2300109863281,69.67583465576172,595.1937866210938
2024-12-16,463.0199890136719,69.7525405883789,597.7352905273438
2024-12-17,479.8599853515625,69.76213073730469,595.2726440429688
2024-12-18,440.1300048828125,69.21560668945312,577.5314331054688
2024-12-19,436.1700134277344,69.02385711669922,577.3540649414062
2024-12-20,421.05999755859375,69.23478698730469,584.2886962890625
2024-12-23,430.6000061035156,69.01427459716797,587.7875366210938
2024-12-24,462.2799987792969,69.11331939697266,594.32080078125
2024-12-26,454.1300048828125,69.16142272949219,594.3603515625
2024-12-27,431.6600036621094,69.01716613769531,588.1038208007812
2024-12-30,417.4100036621094,69.28648376464844,581.392578125
2024-12-31,403.8399963378906,69.17105865478516,579.2774658203125
2025-01-02,379.2799987792969,69.19990539550781,577.8541870117188
2025-01-03,410.44000244140625,69.11331939697266,585.079345703125
2025-01-06,411.04998779296875,69.04600524902344,588.4497680664062
2025-01-07,394.3599853515625,68.8055191040039,581.7979125976562
2025-01-08,394.94000244140625,68.88247680664062,582.6478881835938
2025-01-10,394.739990234375,68.52655029296875,573.7522583007812
2025-01-13,403.30999755859375,68.45923614501953,574.6419067382812
2025-01-14,396.3599853515625,68.50733184814453,575.4325561523438
2025-01-15,428.2200012207031,69.05561828613281,585.899658203125
2025-01-16,413.82000732421875,69.19027709960938,584.77294921875
2025-01-17,426.5,69.20953369140625,590.64404296875
2025-01-21,424.07000732421875,69.41152954101562,596.0504150390625
2025-01-22,415.1099853515625,69.2672348022461,599.401123046875
2025-01-23,412.3800048828125,69.16142272949219,602.6727294921875
2025-01-24,406.5799865722656,69.29610443115234,600.913330078125
2025-01-27,397.1499938964844,69.66162872314453,592.4132080078125
2025-01-28,398.0899963378906,69.6231460571289,597.5034790039062
2025-01-29,389.1000061035156,69.58466339111328,594.8248291015625
2025-01-30,400.2799987792969,69.68089294433594,598.017333984375
2025-01-31,404.6000061035156,69.58466339111328,594.8347778320312
2025-02-03,383.67999267578125,69.64740753173828,590.8317260742188
2025-02-04,392.2099914550781,69.74390411376953,594.7952270507812
2025-02-05,378.1700134277344,70.10098266601562,597.2068481445312
2025-02-06,374.32000732421875,70.02377319335938,599.2825927734375
2025-02-07,361.6199951171875,69.81145477294922,593.7970581054688
2025-02-10,350.7300109863281,69.83077239990234,597.82958984375
2025-02-11,328.5,69.71495056152344,598.2842407226562
2025-02-12,336.510009765625,69.35790252685547,596.3568725585938
2025-02-13,355.94000244140625,69.77286529541016,602.6528930664062
2025-02-14,355.8399963378906,69.99481201171875,602.623291015625
2025-02-18,354.1099853515625,69.73426055908203,604.3924560546875
2025-02-19,360.55999755859375,69.83077239990234,605.8158569335938
2025-02-20,354.3999938964844,69.91761016845703,603.29541015625
2025-02-21,337.79998779296875,70.22643280029297,592.9765625
2025-02-24,330.5299987792969,70.32294464111328,590.2783203125
2025-02-25,302.79998779296875,70.76686096191406,587.3427734375
2025-02-26,290.79998779296875,70.87301635742188,587.63916015625
2025-02-27,281.95001220703125,70.78614807128906,578.2593383789062
2025-02-28,292.9800109863281,71.0853271484375,587.2835083007812
2025-03-03,284.6499938964844,71.2489013671875,576.9942626953125
2025-03-04,272.0400085449219,71.04563903808594,570.1644897460938
2025-03-05,279.1000061035156,70.7939682006836,576.29248046875
2025-03-06,263.45001220703125,70.73590850830078,566.0626220703125
2025-03-07,262.6700134277344,70.65848541259766,569.2353515625
2025-03-10,222.14999389648438,70.98756408691406,554.073486328125
2025-03-11,230.5800018310547,70.71654510498047,549.4674682617188
2025-03-12,248.08999633789062,70.57135772705078,552.3832397460938
2025-03-13,240.67999267578125,70.7843017578125,545.0197143554688
2025-03-14,249.97999572753906,70.61007690429688,556.2775268554688
2025-03-17,238.00999450683594,70.70686340332031,560.567138671875
2025-03-18,225.30999755859375,70.7843017578125,554.50830078125
2025-03-19,235.86000061035156,70.99723815917969,560.54736328125
2025-03-20,236.25999450683594,71.02629089355469,558.9264526367188
2025-03-21,248.7100067138672,70.96820831298828,559.1107788085938
2025-03-24,278.3900146484375,70.65848541259766,569.1236572265625
2025-03-25,288.1400146484375,70.74557495117188,570.49169921875
2025-03-26,272.05999755859375,70.59070587158203,563.6810913085938
2025-03-27,273.1300048828125,70.5616683959961,562.1841430664062
2025-03-28,263.54998779296875,70.96820831298828,550.8626708984375
2025-03-31,259.1600036621094,71.09402465820312,554.5604858398438
2025-04-01,268.4599914550781,71.3173828125,556.1268310546875
2025-04-02,282.760009765625,71.25911712646484,559.6461791992188
2025-04-03,267.2799987792969,71.62813568115234,532.06640625
2025-04-04,239.42999267578125,71.6864013671875,500.9176330566406
2025-04-07,233.2899932861328,70.82212829589844,500.0254211425781
2025-04-08,221.86000061035156,70.41426849365234,492.193603515625
2025-04-09,272.20001220703125,70.57935333251953,543.8834838867188
2025-04-10,252.39999389648438,70.01612091064453,520.0509643554688
2025-04-11,252.30999755859375,69.93843841552734,529.3301391601562
2025-04-14,252.35000610351562,70.33658599853516,534.4654541015625
2025-04-15,254.11000061035156,70.5113754272461,532.968505859375
2025-04-16,241.5500030517578,70.70559692382812,521.1216430664062
2025-04-17,241.3699951171875,70.55020141601562,521.8651733398438
2025-04-21,227.5,70.16179656982422,509.44342041015625
2025-04-22,237.97000122070312,70.28800964355469,522.6979370117188
2025-04-23,250.74000549316406,70.43368530273438,530.79736328125
2025-04-24,259.510009765625,70.83184814453125,541.9701538085938
2025-04-25,284.95001220703125,71.06490325927734,545.885986328125
2025-04-28,285.8800048828125,71.23969268798828,546.0941772460938
2025-04-29,292.0299987792969,71.42420959472656,549.5342407226562
2025-04-30,282.1600036621094,71.37566375732422,549.7523193359375
2025-05-01,280.5199890136719,71.17691802978516,553.6483154296875
2025-05-02,287.2099914550781,70.8261947631836,561.8668212890625
2025-05-05,280.260009765625,70.728759765625,558.6448974609375
2025-05-06,275.3500061035156,70.88463592529297,553.9755249023438
2025-05-07,276.2200012207031,71.02103424072266,556.3052978515625
2025-05-08,284.82000732421875,70.6410903930664,560.1815185546875
2025-05-09,298.260009765625,70.69953918457031,559.4677734375
2025-05-12,318.3800048828125,70.45599365234375,577.9567260742188
2025-05-13,334.07000732421875,70.4267578125,581.7734985351562
2025-05-14,347.67999267578125,70.18319702148438,582.5170288085938
2025-05-15,342.82000732421875,70.56315612792969,585.3622436523438
2025-05-16,349.9800109863281,70.61186218261719,589.0699462890625
2025-05-19,342.0899963378906,70.59236907958984,589.7142944335938
2025-05-20,343.82000732421875,70.46574401855469,587.7315673828125
2025-05-21,334.6199951171875,70.02731323242188,577.8278198242188
2025-05-22,341.0400085449219,70.22216796875,578.055908203125
2025-05-23,339.3399963378906,70.32933044433594,574.1101684570312
2025-05-27,362.8900146484375,70.66056823730469,586.0463256835938
2025-05-28,356.8999938964844,70.50469970703125,582.65576171875
2025-05-29,358.42999267578125,70.75799560546875,584.9557495117188
2025-05-30,346.4599914550781,70.89437866210938,584.3014526367188
2025-06-02,342.69000244140625,70.73799896240234,587.5928955078125
2025-06-03,344.2699890136719,70.65979766845703,590.943603515625
2025-06-04,332.04998779296875,71.09963989257812,590.7850341796875
2025-06-05,284.70001220703125,70.9627914428711,587.9298095703125
2025-06-06,295.1400146484375,70.58159637451172,593.96728515625
2025-06-09,308.5799865722656,70.68912506103516,594.5026245117188
2025-06-10,326.0899963378906,70.82595825195312,597.873291015625
2025-06-11,326.42999267578125,71.05078887939453,596.1680908203125
2025-06-12,319.1099853515625,71.3146743774414,598.5374755859375
2025-06-13,325.30999755859375,71.060546875,591.8457641601562
2025-06-16,329.1300048828125,70.9237060546875,597.4767456054688
2025-06-17,316.3500061035156,71.14852142333984,592.3712158203125
2025-06-18,322.04998779296875,71.1876220703125,592.281982421875
2025-06-20,322.1600036621094,71.23649597167969,590.8909912109375
2025-06-23,348.67999267578125,71.41243743896484,596.7274780273438
2025-06-24,340.4700012207031,71.62747955322266,603.3196411132812
2025-06-25,327.54998779296875,71.64702606201172,603.65771484375
2025-06-26,325.7799987792969,71.85227966308594,608.380615234375
2025-06-27,323.6300048828125,71.68611145019531,611.4032592773438
2025-06-30,317.6600036621094,71.96958923339844,614.3264770507812
2025-07-01,300.7099914550781,71.91564178466797,614.127685546875
2025-07-02,315.6499938964844,71.83720397949219,616.9117431640625
2025-07-03,315.3500061035156,71.66069793701172,621.7738647460938
2025-07-07,293.94000244140625,71.42536163330078,617.1403198242188
2025-07-08,297.80999755859375,71.38614654541016,616.8023681640625
2025-07-09,295.8800048828125,71.67050170898438,620.5010986328125
2025-07-10,309.8699951171875,71.68031311035156,622.2510375976562
2025-07-11,313.510009765625,71.38614654541016,620.0636596679688
2025-07-14,316.8999938964844,71.37632751464844,621.246826171875
2025-07-15,310.7799987792969,71.16060638427734,618.592041015625
2025-07-16,321.6700134277344,71.2978744506836,620.66015625
2025-07-17,319.4100036621094,71.31749725341797,624.4583740234375
2025-07-18,329.6499938964844,71.43515014648438,624.0010375976562
2025-07-21,328.489990234375,71.6410903930664,625.1842651367188
2025-07-22,332.1099853515625,71.75875091552734,625.2737426757812
2025-07-23,332.55999755859375,71.6116714477539,630.5932006835938
2025-07-24,305.29998779296875,71.52342224121094,630.802001953125
2025-07-25,316.05999755859375,71.6999282836914,633.4667358398438
2025-07-28,325.5899963378906,71.5822525024414,633.3076782226562
2025-07-29,321.20001220703125,71.95487213134766,631.6372680664062
2025-07-30,319.0400085449219,71.76856994628906,630.841796875
2025-07-31,308.2699890136719,71.77837371826172,628.475341796875
2025-08-01,302.6300048828125,72.40013885498047,618.1743774414062
2025-08-04,309.260009765625,72.44934844970703,627.570556640625
2025-08-05,308.7200012207031,72.4788589477539,624.3887939453125
2025-08-06,319.9100036621094,72.41983795166016,629.17138671875
2025-08-07,322.2699890136719,72.39031219482422,628.6444091796875
2025-08-08,329.6499938964844,72.23290252685547,633.5462646484375
2025-08-11,339.0299987792969,72.28209686279297,632.29345703125
2025-08-12,340.8399963378906,72.29192352294922,639.0248413085938
2025-08-13,339.3800048828125,72.55757141113281,641.2123413085938
2025-08-14,335.5799865722656,72.35095977783203,641.27197265625
2025-08-15,330.55999755859375,72.25257873535156,639.7705688476562
2025-08-18,335.1600036621094,72.17387390136719,639.6314086914062
2025-08-19,329.30999755859375,72.31161499023438,636.1612548828125
2025-08-20,323.8999938964844,72.36080169677734,634.470947265625
2025-08-21,320.1099853515625,72.18370819091797,631.9255981445312
2025-08-22,340.010009765625,72.54772186279297,641.6299438476562
2025-08-25,346.6000061035156,72.44934844970703,638.8060913085938
2025-08-26,351.6700134277344,72.53787994384766,641.4807739257812
2025-08-27,349.6000061035156,72.60675811767578,642.9423828125
2025-08-28,345.9800109863281,72.69529724121094,645.2192993164062
2025-08-29,333.8699951171875,72.60675811767578,641.3713989257812
2025-09-02,329.3599853515625,72.45177459716797,636.6187133789062
2025-09-03,334.0899963378906,72.68868255615234,640.06884765625
2025-09-04,338.5299987792969,72.9650650024414,645.418212890625
2025-09-05,350.8399963378906,73.31053924560547,643.5488891601562
2025-09-08,346.3999938964844,73.54743957519531,645.1298828125
2025-09-09,346.9700012207031,73.40925598144531,646.6212768554688
2025-09-10,347.7900085449219,73.5375747680664,648.4905395507812
2025-09-11,368.80999755859375,73.69551086425781,653.8796997070312
2025-09-12,395.94000244140625,73.6066665649414,653.6608276367188
2025-09-15,410.0400085449219,73.74485778808594,657.1409301757812
2025-09-16,421.6199951171875,73.7547378540039,656.2361450195312
2025-09-17,425.8599853515625,73.62640380859375,655.4208374023438
2025-09-18,416.8500061035156,73.4388656616211,658.4832153320312
2025-09-19,426.07000732421875,73.46847534179688,661.74462890625
2025-09-22,434.2099914550781,73.33028411865234,664.8753662109375
2025-09-23,425.8500061035156,73.47834777832031,661.256103515625
2025-09-24,442.7900085449219,73.33028411865234,659.1522216796875
2025-09-25,423.3900146484375,73.25131225585938,656.1112670898438
2025-09-26,440.3999938964844,73.25131225585938,659.8701782226562
2025-09-29,443.2099914550781,73.4388656616211,661.7246704101562
2025-09-30,444.7200012207031,73.40925598144531,664.21728515625
2025-10-01,459.4599914550781,73.59442138671875,666.4806518554688
2025-10-02,436.0,73.67364501953125,667.248291015625
2025-10-03,429.8299865722656,73.58451843261719,667.2384033203125
2025-10-06,453.25,73.41618347167969,669.6312866210938
2025-10-07,433.0899963378906,73.55481719970703,667.1486206054688
2025-10-08,438.69000244140625,73.55481719970703,671.1268920898438
2025-10-09,435.5400085449219,73.50531005859375,669.1826171875
2025-10-10,413.489990234375,73.79247283935547,651.0960693359375
2025-10-13,435.8999938964844,73.91130065917969,661.0865478515625
2025-10-14,429.239990234375,74.02022552490234,660.2789306640625
2025-10-15,435.1499938964844,73.97071075439453,663.2102661132812
2025-10-16,428.75,74.24798583984375,658.6936645507812
2025-10-17,439.30999755859375,74.14895629882812,662.4326171875
2025-10-20,447.42999267578125,74.24798583984375,669.3222045898438
2025-10-21,442.6000061035156,74.33710479736328,669.3121948242188
2025-10-22,438.9700012207031,74.33710479736328,665.83251953125
2025-10-23,448.9800109863281,74.18856811523438,669.7808837890625
2025-10-24,433.7200012207031,74.28759002685547,675.2546997070312
2025-10-27,452.4200134277344,74.32719421386719,683.2211303710938
2025-10-28,460.54998779296875,74.36681365966797,685.0357666015625
2025-10-29,461.510009765625,74.00042724609375,685.3648071289062
2025-10-30,440.1000061035156,73.87168884277344,677.8270874023438
2025-10-31,456.55999755859375,73.85189056396484,680.050537109375
2025-11-03,468.3699951171875,73.76644897460938,681.3267822265625
2025-11-04,444.260009765625,73.80618286132812,673.2506103515625
2025-11-05,462.07000732421875,73.5975570678711,675.583740234375
2025-11-06,445.9100036621094,73.88566589355469,668.3351440429688
2025-11-07,429.5199890136719,73.84593200683594,668.9931640625
2025-11-10,445.2300109863281,73.8260498046875,679.432373046875
2025-11-11,439.6199951171875,74.03468322753906,680.9877319335938
2025-11-12,430.6000061035156,74.0048828125,681.3666381835938
2025-11-13,401.989990234375,73.78631591796875,670.0599975585938
2025-11-14,404.3500061035156,73.67704010009766,669.9503784179688
2025-11-17,408.9200134277344,73.71676635742188,663.7088012695312
2025-11-18,401.25,73.77638244628906,658.1353149414062
2025-11-19,403.989990234375,73.74657440185547,660.6777954101562
2025-11-20,395.2300109863281,73.8558578491211,650.6075439453125
2025-11-21,391.0899963378906,74.03468322753906,657.08837890625
2025-11-24,417.7799987792969,74.1638412475586,666.759765625
2025-11-25,419.3999938964844,74.33273315429688,673.03125
2025-11-26,426.5799865722656,74.41221618652344,677.6775512695312
2025-11-28,430.1700134277344,74.2929916381836,681.3765869140625
2025-12-01,430.1400146484375,74.00296783447266,678.2658081054688
2025-12-02,429.239990234375,74.0727310180664,679.5220947265625
2025-12-03,446.739990234375,74.18236541748047,681.8751220703125
2025-12-04,454.5299987792969,74.04283142089844,682.3736572265625
2025-12-05,455.0,73.953125,683.6697998046875
2025-12-08,439.5799865722656,73.84349060058594,681.6159057617188
2025-12-09,445.1700134277344,73.79366302490234,681.027587890625
2025-12-10,451.45001220703125,74.01293182373047,685.5443115234375
2025-12-11,446.8900146484375,74.01293182373047,687.1395263671875
2025-12-12,458.9599914550781,73.78369903564453,679.7514038085938
2025-12-15,475.30999755859375,73.87339782714844,678.7244262695312
2025-12-16,489.8800048828125,74.01293182373047,676.8699340820312
2025-12-17,467.260009765625,73.99299621582031,669.4219360351562
2025-12-18,483.3699951171875,74.1500015258789,674.4769287109375
2025-12-19,481.20001220703125,74.04000091552734,680.5900268554688
2025-12-22,488.7300109863281,74.0199966430664,684.8300170898438
2025-12-23,485.55999755859375,74.01000213623047,687.9600219726562
2025-12-24,485.3999938964844,74.19000244140625,690.3800048828125
2025-12-26,475.19000244140625,74.19000244140625,690.3099975585938
2025-12-29,459.6400146484375,74.30000305175781,687.8499755859375
2025-12-30,454.42999267578125,74.2699966430664,687.010009765625
2025-12-31,449.7200012207031,74.06999969482422,681.9199829101562
2026-01-02,438.07000732421875,74.04000091552734,683.1699829101562
2026-01-05,451.6700134277344,74.18000030517578,687.719970703125
2026-01-06,432.9599914550781,74.18000030517578,691.8099975585938
2026-01-07,431.4100036621094,74.26000213623047,689.5800170898438
2026-01-08,435.79998779296875,74.12999725341797,689.510009765625
2026-01-09,445.010009765625,74.29000091552734,694.0700073242188
2026-01-12,448.9599914550781,74.22000122070312,695.1599731445312
2026-01-13,447.20001220703125,74.27999877929688,693.77001953125
2026-01-14,439.20001220703125,74.43000030517578,690.3599853515625
2026-01-15,438.57000732421875,74.31999969482422,692.239990234375
