,TSLA,BND,SPY
2015-01-05,-0.04204102817052724,0.0029038879299387865,-0.01805977784319357
2015-01-06,0.005664237314159992,0.0028955427701820025,-0.009418595997379042
2015-01-07,-0.0015619306272327549,0.0006021951482841903,0.012461307277666478
2015-01-08,-0.0015643062581811584,-0.001562894564341999,0.01774446090729942
2015-01-09,-0.018801629106854012,0.0016854181935641588,-0.008013592094552768
2015-01-12,-0.021532914950603166,0.001322015531423082,-0.007833446178333037
2015-01-13,0.010088497728839352,0.0009603673891025455,-0.0028124484005894734
2015-01-14,-0.05659733676235856,0.0022795138748648025,-0.006037398481030021
2015-01-15,-0.004255528597720826,0.004426954931252114,-0.009160139697390601
2015-01-16,0.006254228739435819,-0.0029786226120542825,0.01311365251687624
2015-01-19,0.0,0.0,0.0
2015-01-20,-0.00590461088227523,-0.0010754253211069376,0.0021329706964183792
2015-01-21,0.024175518017267583,-0.0019143418818995395,0.005047941301324688
2015-01-22,0.02569055090301542,0.00024072159661936432,0.014870873018537178
2015-01-23,-0.0016366947705445112,0.0032347898938027697,-0.005482861255267424
2015-01-26,0.02613147671721605,-0.0011943874639326335,0.002341966773368842
2015-01-27,-0.0027596300325537504,0.0005978454339805594,-0.013190766963981582
2015-01-28,-0.03209052877530916,0.0035853661306286533,-0.012823918573541482
2015-01-29,0.02924214605280495,-0.0010717733786513861,0.009243311253267938
2015-01-30,-0.007797333058199185,0.005483117966545548,-0.0125748768279762
2015-02-02,0.0360511389604945,-0.0011881463660146085,0.01238391376412884
2015-02-03,0.0351758385028933,-0.003091925730818512,0.014460890973689189
2015-02-04,0.0008701251992371262,0.00035763284726852973,-0.0038073498726054478
2015-02-05,0.011164535201252157,-0.002146086370546363,0.010094724942517841
2015-02-06,-0.016426056915829212,-0.006454410100471097,-0.0027654580287074237
2015-02-09,0.0005520394593698796,-0.0003604133056820391,-0.004475836445849035
2015-02-10,-0.005471765552931385,-0.0018059768163792844,0.010653524207179466
2015-02-11,-0.016135698387415576,0.0,0.0005805491511623462
2015-02-12,-0.04661658846022321,0.0004824944529784325,0.009616570593607543
2015-02-13,0.004386864226918918,-0.0022886871285208166,0.0041162948051973736
2015-02-16,0.0,0.0,0.0
2015-02-17,0.0028462803614237586,-0.003985882708016475,0.0015732503469541026
2015-02-18,0.0005383231478952588,0.0027889250466521798,9.523848670323076e-05
2015-02-19,0.035459277020091884,-0.0008468699583010775,-0.0007138271189944811
2015-02-20,0.025506564298148016,0.000242528272105913,0.006000588586411615
2015-02-23,-0.04500019733692018,0.0020565773436302948,-0.0001423979749389792
2015-02-24,-0.015578320500655551,0.004105719670535857,0.0028407961397953763
2015-02-25,-0.001714777553045277,0.0009619246513241642,-0.0008492260669459295
2015-02-26,0.016833573717678796,-0.0027634390738241477,-0.0011817131923907986
2015-02-27,-0.0185820116516362,0.0008428915020115557,-0.003406073959494438
2015-03-02,-0.02955644716492234,-0.003231373410843119,0.006313378345196963
2015-03-03,0.011300918070464405,-0.0012102349355826991,-0.004104010448683915
2015-03-04,0.014431779204036044,0.0,-0.004215444526036394
2015-03-05,-0.008940979178158281,0.0006050947148048547,0.001094136658175593
2015-03-06,-0.03364400833280279,-0.005810370270940557,-0.014064868544136133
2015-03-09,-0.015473474370690798,0.0012174126485526848,0.004144819396391108
2015-03-10,-0.0029337926038629503,0.003891691951152687,-0.016222198803003574
2015-03-11,0.017969786081706296,0.0010903740248788818,-0.002341315331913174
2015-03-12,-0.013781390917263936,0.000727173218274535,0.0127139089687891
2015-03-13,-0.012508496633278132,-0.0009673923010364849,-0.006132479551968828
2015-03-16,0.037205883869277256,0.0019365951581280516,0.013360766495428056
2015-03-17,-0.00495657224609003,0.0008451947205614374,-0.0029727282313773973
2015-03-18,0.030709164308927006,0.006156261246955452,0.01202188303101992
2015-03-19,-0.025210528438961433,-0.002998556969025956,-0.004561574267852753
2015-03-20,0.012420115455768377,0.002647234547008548,0.008826834517179583
2015-03-23,0.007825204316233458,0.00047985166042541216,-0.0019485488171382404
2015-03-24,0.010469325694766773,0.0016792367679547837,-0.0056193306997067705
2015-03-25,-0.036783689389238594,-0.0015562190435446377,-0.014653559438681185
2015-03-26,-0.020020535165919506,-0.003238614914034099,-0.002381374901046507
2015-03-27,-0.028412417028683246,0.0009626193660217108,0.00228965203295739
2015-03-30,0.030108169094502424,0.0012013980381875289,0.012199408337320472
2015-03-31,-0.009445338842494988,0.0010816218270173206,-0.008738987543101762
2015-04-01,-0.0062510704017435526,0.003979169166993701,-0.0035362312162087184
2015-04-02,0.018177920738268627,-0.0013171770385971282,0.0035976047154384627
2015-04-03,0.0,0.0,0.0
2015-04-06,0.06335084074758979,0.0008389414667708817,0.006732814769214723
2015-04-07,0.0007385693434276419,0.0005993543234568133,-0.0026462790046315465
2015-04-08,0.02174665976455148,-0.0007192043910916324,0.003377080194026938
2015-04-09,0.011653015949509848,-0.0021556846320729406,0.004423848974660194
2015-04-10,0.0038555516327911654,-0.0004804774270932288,0.0054566133951186035
2015-04-13,-0.005310595640134919,0.00024004253571185963,-0.004522863191009363
2015-04-14,-0.011059221524362783,0.0018017876540310507,0.0019131677156118965
2015-04-15,0.0017834849910411954,0.000959084096459728,0.004487145117338276
2015-04-16,-0.005437155028403029,-0.0002398830862040402,-0.000285056394482619
2015-04-17,0.0004354513000803806,0.00167728455816607,-0.011503422521684903
2015-04-20,-0.007350472676152187,-0.001076125266417205,0.009136460316156114
2015-04-21,0.02016856020521529,-0.0011980527496071591,-0.0011911486773925617
2015-04-22,0.04789641514821552,-0.003715588372916523,0.00491411127759922
2015-04-23,-0.0038279091473925053,0.0019251550028527298,0.002516258580917752
2015-04-24,-0.0007776197845633659,0.0015614282666431833,0.0023203890324885457
2015-04-27,0.060065042656655576,-0.0007201147554966036,-0.004157851957133474
2015-04-28,-0.004621129472000773,-0.0031190520482432538,0.003179167146563522
2015-04-29,0.00854744301337429,-0.0031304971917267554,-0.004114914086968513
2015-04-30,-0.027532837607318394,0.0010875185213006233,-0.010020208261244279
2015-05-01,-8.840630703377261e-05,-0.003032907522228956,0.010841224013409034
2015-05-04,0.01982033262823535,-0.0014553457734587383,0.0028475091977586686
2015-05-05,0.010585201507501196,-0.0015780371526131765,-0.01145162171359404
2015-05-06,-0.01081772507834955,-0.0027965134750319587,-0.0041169579294940695
2015-05-07,0.027643952080381284,0.0020732130344460753,0.003989591940656734
2015-05-08,-0.000802367109835278,0.002676822849950522,0.013165860200362367
2015-05-11,0.012171892568897835,-0.00521794713406909,-0.004772460943240464
2015-05-12,0.021921607801995036,-0.0012194812268113697,-0.0029915325756625366
2015-05-13,-0.006374116918974937,-0.0004890837803108727,0.00019035775671261135
2015-05-14,0.0037831669775971744,0.0019550144196234243,0.010427703428017354
2015-05-15,0.019418271142708665,0.004024602194215632,0.0010837661961495826
2015-05-18,-0.0003617094762363715,-0.003644212036328698,0.0031069865648944983
2015-05-19,-0.006472295749399448,-0.0021944235253817945,-0.0003287852518095713
2015-05-20,-0.011289082211751178,0.0,-0.000704158165602764
2015-05-21,0.005197378373454464,0.0031767009117331657,0.0029126286176803795
2015-05-22,0.008590523912465953,-0.000608870052221322,-0.002388952604383321
2015-05-25,0.0,0.0,0.0
2015-05-26,-0.0010898750183484518,0.0024376581871476954,-0.01075159470249909
2015-05-27,-0.00012128073379813475,0.0004858802310896415,0.00949222347709755
2015-05-28,0.016246998689338543,0.00012163129909970039,-0.0011282289188344619
2015-05-29,-0.0025849904207780883,0.0003641574448680629,-0.006212956740404119
2015-06-01,-0.005382784466743784,-0.0033338968549205816,0.0020365977640572908
2015-06-02,-0.004409611340134401,-0.002808796085922327,-0.0009925376799433394
2015-06-03,0.0025769365731915794,-0.004407532685351101,0.0026494256231162083
2015-06-04,-0.01232978096437809,0.002460140386587595,-0.008446591616544818
2015-06-05,0.013093670696398219,-0.003926818339380356,-0.0017133897127145081
2015-06-08,0.028698768522178453,0.0012319207058861803,-0.0061496100168606516
2015-06-09,-0.00113150446221999,-0.002952514112814053,-0.0001435542433659842
2015-06-10,-0.020703187995237737,-0.002097557230568925,0.011993063825078032
2015-06-11,0.0028321502750325855,0.004698768335334114,0.00322380322754956
2015-06-12,-0.0028638677326909834,-0.0007382100565362926,-0.007654954546735482
2015-06-15,-0.0012366685227346297,0.00012277584148234766,-0.004285703459459889
2015-06-16,0.010943373157369374,0.002586312944248048,0.005451748075314677
2015-06-17,0.028800573289696096,0.00036764964918090115,0.001616963569682106
2015-06-18,0.005683373161624372,-0.000736425011267472,0.010399826055699224
2015-06-19,0.0023674530537807215,0.0028258896269219846,-0.004439600871808724
2015-06-22,-0.010361630404811084,-0.004777741375858291,0.005123053811236344
2015-06-23,0.030332307745169373,-0.0023392599420615223,0.0007077844953440326
2015-06-24,-0.009339929636816735,0.0018505672966404596,-0.007262409535402581
2015-06-25,0.013651601690611415,-0.0013544571270523997,-0.003040616681827424
2015-06-26,-0.006324607704336294,-0.0018501642334685098,-0.0001905856087652813
2015-06-29,-0.018982328906347767,0.005066378718706188,-0.020970235299660356
2015-06-30,0.02381499635902573,-0.0009835661222975522,0.0020932775834963113
2015-07-01,0.003317596250232091,-0.0024292179813392156,0.008015752571776336
2015-07-02,0.04038639915454456,0.002472175277074218,-0.0009160381424911934
2015-07-03,0.0,0.0,0.0
2015-07-06,-0.001071274437522196,0.0034529935229183906,-0.002846001372023954
2015-07-07,-0.04232804124569667,0.0009826314317074036,0.006288513922364958
2015-07-08,-0.04823057784907436,0.00282343179929323,-0.01677706157079384
2015-07-09,0.011609720385955313,-0.00330512336740596,0.0018091919340266216
2015-07-10,0.004768851945843755,-0.004667615325706476,0.01259145125762573
2015-07-13,0.011614881028806812,-0.0023442429020826827,0.011037567688392258
2015-07-14,0.013312443878506386,0.0018555973113327795,0.004337615985296583
2015-07-15,-0.009448430502932648,0.0028391473121196498,-0.0003320754847412344
2015-07-16,0.013452917723576485,0.0,0.008024236164997589
2015-07-17,0.029923479333326286,0.00012292883017606115,0.0008477353734777093
2015-07-20,0.027670547578698246,-0.0013542095346255056,0.0005179263343393359
2015-07-21,-0.054878507378390284,0.0018486217919946313,-0.003950986800443146
2015-07-22,0.004123425201304931,0.00037027321022864434,-0.001795132868633531
2015-07-23,-0.0025011922264167596,0.00233658361724709,-0.005629869538716026
2015-07-24,-0.0066990980175530845,0.0006133038134068514,-0.010371838351939222
2015-07-27,-0.046720231391331746,0.0019621156037301635,-0.0058173587759267065
2015-07-28,0.04667806507496031,-0.0017144280482448426,0.012282953930603302
2015-07-29,-0.003776200204621105,-0.0008570421561799879,0.006879061611080983
2015-07-30,0.011257673505236987,0.000367438029165168,0.00023709546396211145
2015-07-31,-0.0023988239767867015,0.0034347834613663863,-0.0015175694019875507
2015-08-03,-0.023144884928617437,0.002314360065477139,-0.0033730625127889047
2015-08-04,0.02419330078904558,-0.0034210978372086753,-0.0019542192043863205
2015-08-05,0.014458436896063187,-0.0015940696770532226,0.003295550819457649
2015-08-06,-0.08884613070827718,0.0006145980761220748,-0.008187939389385779
2015-08-07,-0.014707655017798138,0.0020862145324260783,-0.001919843141161115
2015-08-10,-0.005649254943673188,-0.002081871302260563,0.01259919600536219
2015-08-11,-0.015634065274604314,0.0038047306735640163,-0.009023112177012682
2015-08-12,0.0033702625495031224,-0.0003669970290297586,0.0011980182272908202
2015-08-13,0.018222278547613824,-0.0020793219943282537,-0.0012445108245515701
2015-08-14,0.0026389930841606013,-0.0003679598343322432,0.0036423002390655324
2015-08-17,0.04869422505161958,0.0018394665294598767,0.005586840828759376
2015-08-18,0.022471468870960187,-0.0018360891050061001,-0.002896593004261483
2015-08-19,-0.02098032399177252,0.0035557297009212174,-0.007905518716868731
2015-08-20,-0.05120474567775368,0.0008559716126856909,-0.020881519477740085
2015-08-21,-0.047113613026361856,0.0015864348073071355,-0.030102402792409055
2015-08-24,-0.05156653613722739,-0.00024349209193397225,-0.04210671034458202
2015-08-25,0.005299957738899019,-0.0032917404950789653,-0.011767703215590952
2015-08-26,0.021860631008791875,-0.004281294079343856,0.03839381885063897
2015-08-27,0.08072407396744574,0.0013515373753452131,0.024735182800353694
2015-08-28,0.022593474526899193,0.0004904660956075446,4.988159060514974e-05
2015-08-31,0.00233425311787383,-0.001349240872915991,-0.00807904430908668
2015-09-01,-0.04187746789935942,0.0024368698272134726,-0.0298475847048143
2015-09-02,0.0379667326201818,-0.0007364019100046804,0.018981018032655284
2015-09-03,-0.008559158628931418,0.0007369445974136912,0.0007166087969971979
2015-09-04,-0.014822516253377382,0.0024547150654212757,-0.015137341966946716
2015-09-07,0.0,0.0,0.0
2015-09-08,0.0257924872165749,-0.0024487041943446197,0.025131338239223977
2015-09-09,0.002981841490309778,-0.0002456984797335471,-0.013371880672913172
2015-09-10,-0.0017275792568650639,-0.002087531398579867,0.005442142030093855
2015-09-11,0.007083127758706009,0.002091898301967765,0.004544127422218658
2015-09-14,0.011788685834209334,0.000245758862312373,-0.0037103911030562653
2015-09-15,0.0015008533688181114,-0.004173847846251411,0.012499385846314048
2015-09-16,0.03423117949694654,-0.0006154594993017515,0.008666662752806253
2015-09-17,-0.000686427307326376,0.005672416984701112,-0.0022483820570690094
2015-09-18,-0.005532854221774852,0.0028213134745924684,-0.016341080415750886
2015-09-21,0.013736467307306599,-0.0036687524357214008,0.005167670613792641
2015-09-22,-0.012339109416155347,0.0018410678231202127,-0.01298002004485388
2015-09-23,0.000459842504490382,0.0,-0.001598319732874276
2015-09-24,0.007890882645230857,0.00036765018229889534,-0.0036158917004279756
2015-09-25,-0.02360137483948066,-0.0018373236901204626,-0.0002593158661595707
2015-09-28,-0.03300761554870424,0.0025764585178518207,-0.02509724284750081
2015-09-29,-0.00716505256437161,0.0007346793087414927,0.0005850056116420976
2015-09-30,0.007095082009808129,0.0019563036282732593,0.01865849889815996
2015-10-01,-0.03429950833940998,0.0005377904361449914,0.002609399375993471
2015-10-02,0.032057758124643954,0.0037900802110204523,0.014937613286743368
2015-10-05,-0.005735797824596434,-0.003896497490716744,0.017794836397247327
2015-10-06,-0.01905337856419076,0.0013439162955413142,-0.0034262419454067494
2015-10-07,-0.03934404066335062,0.0,0.008190561634457083
2015-10-08,-0.022590068231747584,-0.0015863777291291736,0.009026609643817185
2015-10-09,-0.02659664782558413,-0.00012304747538927074,0.0005962225735591797
2015-10-12,-0.023154721971044956,0.0017121564739619455,0.0009438163879520456
2015-10-13,0.017023869860745666,0.0006107566773936313,-0.0063019336372830415
2015-10-14,-0.010809577491181055,0.0036599265500352196,-0.0047944553189630534
2015-10-15,0.020426012486898237,-0.0019448719262981085,0.015354700190213899
2015-10-16,0.025755735523108614,-0.00036558092150873467,0.004546541185542985
2015-10-19,0.00480158072748571,0.0,0.0004919060911088291
2015-10-20,-0.06606755350432658,-0.0015833475486283222,-0.0012783626414257787
2015-10-21,-0.013800880426347861,0.0018307222253293176,-0.006203737133246401
2015-10-22,0.0077586303749297425,0.0017046066593748854,0.01689396918641517
2015-10-23,-0.01242211222596079,-0.0025536498372105143,0.010961597527062716
2015-10-26,0.02950887527409196,0.0010970625685664537,-0.0024571905202402933
2015-10-27,-0.022809699646425874,0.00024379505682259328,-0.0019328680929515674
2015-10-28,0.012407945034625278,-0.002800182280550345,0.011374567118019652
2015-10-29,-0.006245254663083899,-0.0035408673463191986,-0.0005742239244482805
2015-10-30,-0.022208650663342766,0.0022053988238583955,-0.004309977741133508
2015-11-02,0.03315139413174362,-0.001972594023503249,0.01183121070841553
2015-11-03,-0.025445558566223325,-0.00171913994646955,0.002899415786915327
2015-11-04,0.11173506172895453,0.0006157413508880438,-0.0030331732401299716
2015-11-05,0.0006043683865557536,-0.0018440126610760332,-0.0009985220186674582
2015-11-06,0.0025456895572166793,-0.003939788150490786,-0.0005232010944219434
2015-11-09,-0.030254799225420848,-0.0008650458313043119,-0.009331323014670878
2015-11-10,-0.0391869859962497,0.0011131285564118798,0.002306585322419785
2015-11-11,0.011916854312549408,0.00012384547599553208,-0.003931735751441567
2015-11-12,-0.028026284636262333,0.00012332445304563677,-0.013959894693362118
2015-11-13,-0.02700290247242554,0.0018531148604452596,-0.011228098095774852
2015-11-16,0.03436451812394292,0.0,0.015206939654474727
2015-11-17,-0.0014463979691021756,0.0011103800823262233,-0.0007297343907743947
2015-11-18,0.033037326654939525,-0.0004926608158205559,0.015866059547325895
2015-11-19,0.0033021410176179433,0.001355894845203709,-0.0008625473789353189
2015-11-20,-0.008070393546729338,-0.00024681069581855564,0.00364439316546461
2015-11-23,-0.010272166508136338,0.00036974064246320104,-0.0011464725548747667
2015-11-24,0.0022961761034103745,0.00036903739723759266,0.001339230915894385
2015-11-25,0.052187810783939304,0.00012321881011279068,-0.0001432600431908737
2015-11-26,0.0,0.0,0.0
2015-11-27,0.008578708564050963,0.0004920594380115606,0.0011465041228204687
2015-11-30,-0.005828773569144241,-0.0004918174346010273,-0.004151415167962247
2015-12-01,0.03009640513952827,0.0037835721237380326,0.009535659159739973
2015-12-02,-0.021923391675773063,-0.001227580421624963,-0.01020516319449849
2015-12-03,0.0031036038358105422,-0.007745151301680964,-0.01400254400639489
2015-12-04,-0.010012412396463,0.003964633237427018,0.019502954973158904
2015-12-07,0.003255441103328094,0.00172761049310588,-0.00605884929641598
2015-12-08,-0.01908015011055786,0.00024591762589731836,-0.006719295059892549
2015-12-09,-0.009703589724369799,-0.0003687857479305334,-0.007779461818240407
2015-12-10,0.011357503870956798,-0.0001232884450169669,0.002580969392453003
2015-12-11,-0.044259422857554354,0.002711044571877874,-0.019381203071877295
2015-12-14,0.007188217785247586,-0.004670486106492788,0.005052417973004264
2015-12-15,0.011483228662796385,-0.0011111692427748787,0.010497748913954386
2015-12-16,0.06069926383234869,-0.0011119004777133679,0.014631916916618026
2015-12-17,-0.004775935638145934,0.002103401565797469,-0.015238130559019014
2015-12-18,-0.01255404258485504,0.002222927313031864,-0.017814820181371482
2015-12-21,0.009112170445755297,-0.0011086524711344525,0.008248807894963628
2015-12-22,-0.011222896648004466,-0.001357300255861893,0.00907387177185992
2015-12-23,-0.001087238493853948,0.00012403443730701902,0.012383689477057702
2015-12-24,0.003787586036986701,0.0007429163808931882,-0.0016502332252140706
2015-12-25,0.0,0.0,0.0
2015-12-28,-0.007026053028503343,0.0,-0.0022849446012099817
2015-12-29,0.03599040660703223,-0.003093638462955073,0.010671995675122892
2015-12-30,0.003794452891639599,0.0006206098332153243,-0.007087831171925796
2015-12-31,0.008064193426244648,0.0019850986858684916,-0.010003379892385533
2016-01-01,0.0,0.0,0.0
2016-01-04,-0.06916383417344563,-0.0004949447807530705,-0.013979566776667895
2016-01-05,8.951501876963697e-05,0.0012381008118793613,0.001691369073927751
2016-01-06,-0.019648196488239345,0.004454536155305888,-0.012613913169741142
2016-01-07,-0.015476613580219345,0.00012297063184152357,-0.023991885771276866
2016-01-08,-0.021562746019443524,0.0012320004353916225,-0.010976523623662082
2016-01-11,-0.014928912731952182,-0.004183171288336451,0.0009900508984097556
2016-01-12,0.01019968109607805,0.0025949413735932847,0.008068421942434068
2016-01-13,-0.04600657570629507,0.0024639697040176323,-0.02494081134681836
2016-01-14,0.029304524761110118,-0.0012293634408911958,0.016416762629588133
2016-01-15,-0.005771584676250496,0.0017229015285535887,-0.02146621601086318
2016-01-18,0.0,0.0,0.0
2016-01-19,-0.0013171814898143008,-0.001227758985257732,0.0013312219624495025
2016-01-20,-0.02940598345394596,0.0011062286993681614,-0.012815087917886658
2016-01-21,0.006391513633018819,-0.0006138923942641261,0.005602032003354518
2016-01-22,0.012901930307042342,-0.00036899978714921566,0.020515429727449463
2016-01-25,-0.030461596504509303,0.0,-0.015116755842327967
2016-01-26,-0.014359893464118478,0.0014767318166242216,0.013643594180071217
2016-01-27,-0.028363311180212625,0.0,-0.010883499258130369
2016-01-28,0.00866696594809202,0.0007359330633494032,0.005209030133940695
2016-01-29,0.007907252180474389,0.0029456279791741924,0.024377335900741537
2016-02-01,0.030020838930620908,-0.002036070506625798,-0.00036152292041380374
2016-02-02,-0.07190002137704643,0.0034409012064218203,-0.018021973853648565
2016-02-03,-0.05088083130264043,0.0007350074984200372,0.005995001088777929
2016-02-04,0.010664105137480506,0.0007333488965644008,0.0015684730332468089
2016-02-05,-0.07260598006471042,-0.000978262037464428,-0.019050604442447328
2016-02-08,-0.08985239514773324,0.004283737674734667,-0.013460931486956595
2016-02-09,0.0017568447590106118,-0.00012244526285087876,5.398572427139925e-05
2016-02-10,-0.03089374112383303,0.002072290060678439,-0.0008629482284463474
2016-02-11,0.04733064290572564,0.0006080076729690909,-0.013007975074939115
2016-02-12,0.0037881413094784655,-0.0032819626597326845,0.02061726763853189
2016-02-15,0.0,0.0,0.0
2016-02-16,0.027343852480015807,-0.0014627372154679685,0.016878167496154894
2016-02-17,0.08706565860035376,-0.00024480841446106183,0.01633420119825124
2016-02-18,-0.011323158733693717,0.003420214025868562,-0.004095720705058703
2016-02-19,-0.0011392968371775059,-0.001338784038018348,-0.0004684381589461495
2016-02-22,0.06699479062990088,0.00024337003968666338,0.014479441136480808
2016-02-23,-0.0029818286241705128,0.0006095152858323072,-0.012629731111693632
2016-02-24,0.010101004393246793,0.0007315296648489067,0.004575803882992835
2016-02-25,0.047094914915335684,0.0014605059637327056,0.012111556294587489
2016-02-26,0.015525816600528097,-0.0009726828308793678,-0.0023010503421974082
2016-02-29,0.008353468768718342,0.000608464591575375,-0.00784283326112123
2016-03-01,-0.029073080259574557,-0.0033506962886837854,0.023507068872359538
2016-03-02,0.010678823954507921,-0.0006106347236252141,0.004492598381461432
2016-03-03,0.039290607872446426,0.0004892899083321911,0.0039192774148348875
2016-03-04,0.02707681972740761,-0.0004890506207986256,0.0032538695968524767
2016-03-07,0.021140033080221166,-0.0002449239814866777,0.0007979167035323531
2016-03-08,-0.013103370952345483,0.00330306633738342,-0.010917708226377054
2016-03-09,0.030207303417474796,-0.0017062749277357847,0.0049397535368249645
2016-03-10,-0.01696052509474255,-0.0004888799775195629,0.0008024800217509842
2016-03-11,0.011307091998520313,-0.0013443805481639926,0.016137152578842517
2016-03-14,0.036867487272411736,0.002202168880136579,-0.0012823473722933798
2016-03-15,0.014826854254383681,-0.0009761646830055426,-0.0016295751395594138
2016-03-16,0.01644223390939903,0.003910766588197667,0.005786958291938982
2016-03-17,0.02005139734476491,0.0021910940645366583,0.006344221706173769
2016-03-18,0.028094340456043643,0.0008504173782473146,0.003929781614083971
2016-03-21,0.023975234953553137,-0.0018202383280340184,0.0014190199858168384
2016-03-22,-0.01711979903690175,-0.00024330951238482612,-0.0005378544142042863
2016-03-23,-0.04977800018235601,0.0021890853534880517,-0.00659939839264323
2016-03-24,0.0232275906570083,-0.0012134473816779456,-0.00044300017416798454
2016-03-25,0.0,0.0,0.0
2016-03-28,0.011020873910291051,0.0004859563302110903,0.0005909874675738003
2016-03-29,-0.0005646003647661324,0.004129084246395909,0.009249898035118331
2016-03-30,-0.014078972960765879,-0.000362562283393153,0.004387791375884298
2016-03-31,0.012693337980441255,0.0019355936072904534,-0.002426829111377482
2016-04-01,0.03403399570678456,0.001125955910059373,0.00681207055256694
2016-04-04,0.039563979070301736,0.0,-0.0032380864335708193
2016-04-05,0.03433343457363125,0.0018126385338137485,-0.009987847255089721
2016-04-06,0.038947853163352475,-0.00048270729204813456,0.010921236275209578
2016-04-07,-0.030969800698537053,0.0032596645640519117,-0.011966069757299747
2016-04-08,-0.02772166475041915,-0.0008425215212477521,0.002696922597820839
2016-04-11,-0.0005998457768249255,-0.0001204443023996582,-0.00234729633065911
2016-04-12,-0.008402652353309281,-0.0015657817523972994,0.00931277402550923
2016-04-13,0.0270760454618868,0.0006032385948695485,0.010101273681968337
2016-04-14,-0.010489893292484176,-0.0008439029067048853,4.770597960868095e-05
2016-04-15,0.010521694235412493,0.002292249233470267,-0.0011056237500380872
2016-04-18,-0.002475334060495493,-0.0003608979989954131,0.007027016216695214
2016-04-19,-0.02564203697895895,0.0006022824347611255,0.0031539892335501474
2016-04-20,0.010510619221744344,-0.0027684297330656804,0.0009527364228445467
2016-04-21,-0.006720777009723511,-0.0012064491545483724,-0.005378156819741742
2016-04-22,0.021990432529629622,-0.00036224967193665414,0.0
2016-04-25,-0.007605979610801672,-0.001209506023895246,-0.0017232431255627123
2016-04-26,0.007624509088934195,-0.0014516464585152544,0.0014863246285476972
2016-04-27,-0.008946136908751234,0.0030298351853046412,0.0020583563618505885
2016-04-28,-0.014952135009967504,0.0018121041638357038,-0.009075757796130568
2016-04-29,-0.028056989923414988,0.000723676996718492,-0.005399111438513127
2016-05-02,0.004319697802968259,-0.001763616919527533,0.007948308433361806
2016-05-03,-0.03920601056164674,0.0027832576722068847,-0.008703037149132675
2016-05-04,-0.04201105333661326,0.0003615148636211263,-0.005578073524680649
2016-05-05,-0.04955961442777834,0.001808991361121004,-0.00019500495506541426
2016-05-06,0.016073354609201562,-0.0004811984046604323,0.0036590659031210393
2016-05-09,-0.02796256243720341,0.0007227836034782165,0.0008263459748913959
2016-05-10,-0.0011008885097381071,0.0,0.012433498231186668
2016-05-11,0.0012937597581215154,0.000240510791934323,-0.009354250476760528
2016-05-12,-0.00803978103371572,0.0001199834756935303,0.0002903967662915008
2016-05-13,0.001592002938870074,0.0010831233874408763,-0.008714489834814931
2016-05-16,0.003275341382076302,-0.0021631748635319026,0.009865461594626979
2016-05-17,-0.01742759842604591,-0.0007229052227956112,-0.009333386691225187
2016-05-18,0.03180885470243422,-0.004700092521889632,0.00029291069555092974
2016-05-19,0.01913147353519906,0.0010897775151703648,-0.0034652114812194768
2016-05-20,0.023558406194412074,0.0,0.006317452353552078
2016-05-23,-0.01843105074925866,0.00024154949327748199,-0.0013624561272304048
2016-05-24,0.007816075741021722,-0.00048328762097993305,0.012962257589923754
2016-05-25,0.0076637497781955055,-0.00036293114949903504,0.006782880694661264
2016-05-26,0.02522997924071091,0.0016941917572312892,0.0002867104977122281
2016-05-27,-0.00923954578720032,-0.000362143818193994,0.004299168093391259
2016-05-30,0.0,0.0,0.0
2016-05-31,0.0008518675345341453,0.0008459390106108078,-0.0019025619412470496
2016-06-01,-0.016440468601288782,0.00035080973142420646,0.0020492466193362535
2016-06-02,-0.0027327356754038856,0.0019355736156805303,0.003043903024081196
2016-06-03,0.00013700139934802458,0.0062785682949062505,-0.00298727833517487
2016-06-06,0.007717276207808599,-0.0015593798949788962,0.005088291053280569
2016-06-07,0.05283668197567204,0.00012007908870215189,0.0015618871732707706
2016-06-08,0.013686831518021192,0.0012012521843081103,0.0032592789901861874
2016-06-09,-0.026154878987485475,0.00096021157310755,-0.0013658855184676133
2016-06-10,-0.0460847232525351,0.0009593508676419837,-0.009477067934667405
2016-06-13,-0.00420496739684062,0.00023980401378675964,-0.007712070426166728
2016-06-14,-0.013356605490256634,-0.0001201448085886847,-0.0019668466473127255
2016-06-15,0.012746565418183309,0.00227524035168325,-0.0013935394731722228
2016-06-16,0.0010565546173815221,0.001076389060332028,0.002984349644559403
2016-06-17,-0.011288062840889457,-0.0014331209616406104,-0.0037243443629868533
2016-06-20,0.019631474173017693,-0.0022711299293048937,0.006439962278248723
2016-06-21,-0.0004096198348979563,-0.001318061083365074,0.002838461452733254
2016-06-22,-0.10450341756812143,0.0003598741909329739,-0.0016310647741299977
2016-06-23,-0.001322128315258908,-0.0017982401938138048,0.013022827687776184
2016-06-24,-0.016547827629193046,0.005646174060823572,-0.035909298800910316
2016-06-27,0.027957518513328727,0.005017953987128898,-0.017909965691897622
2016-06-28,0.016318349791359932,0.0011892392001848773,0.01803625677013554
2016-06-29,0.041627392999816326,-0.00035615652723397506,0.017027382432254212
2016-06-30,0.009943412480724279,0.0013059136943065486,0.013645301317427139
2016-07-01,0.019879378262587677,0.002781877427164403,0.0021006711072577566
2016-07-04,0.0,0.0,0.0
2016-07-05,-0.011639738141737244,0.0034370926335327567,-0.007192975025165693
2016-07-06,0.002149711537805965,0.001771823491975022,0.005997589473298204
2016-07-07,0.006994990541306256,-0.0016512830352963803,-0.0006200734501478067
2016-07-08,0.0038899525017721537,0.002598503475817582,0.014890571110664386
2016-07-11,0.036903805062947104,-0.002944367787329649,0.003527020899936728
2016-07-12,-0.0005783013468687592,-0.004017191955967059,0.0072635466731929554
2016-07-13,-0.009436981531152133,0.0017793897888511712,-0.00013976352773759082
2016-07-14,-0.004493707690691684,-0.0015396407929599842,0.005583529210639426
2016-07-15,-0.005100971389125797,-0.0032019399031062434,-0.0013420845579229512
2016-07-18,0.026542674288099866,0.0003572596159138186,0.0026873635461872603
2016-07-19,-0.004375689688323026,0.0015455784142248685,-0.0010165361263897443
2016-07-20,0.013761894071912417,-0.0010688469280772939,0.004163170639637004
2016-07-21,-0.03441934896442955,0.0011890179198612572,-0.0037772921050901465
2016-07-22,0.0080272130645338,0.00011912482484310871,0.004485013196086074
2016-07-25,0.03482249963460071,-0.0005944187920402522,-0.002715935624320265
2016-07-26,-0.002173785411705653,-0.00011834511826092076,0.00046164721615538085
2016-07-27,-0.0044442402825445315,0.0029702106033644426,-0.0010613068724018015
2016-07-28,0.0092782587991731,-0.0005921280330924983,0.001154687656618636
2016-07-29,0.0181258915884297,0.003200339513034889,0.0016145831663634258
2016-08-01,-0.02035866545145193,-0.00313760682734876,-0.0008288872287435245
2016-08-02,-0.012216845667703868,-0.0009501215113685291,-0.0064073568997752295
2016-08-03,-0.006205976906180188,0.0,0.0029226491212377415
2016-08-04,0.02134724289646428,0.0017838656005433329,0.0010640229596190487
2016-08-05,-0.00251507260151429,-0.003323226424494674,0.008179056589263656
2016-08-08,-0.01682385523320451,0.00011926378394466752,-0.0005958592681025721
2016-08-09,0.012911226187923619,0.002857389174230729,0.0005962145280549169
2016-08-10,-0.014972973712197857,0.0013050289905165435,-0.002475151704822265
2016-08-11,-0.003279367580152681,-0.002607489168680588,0.0046407479166659105
2016-08-12,0.003112321193226242,0.002258064554614192,-0.0008688049868965653
2016-08-15,-8.864212814152506e-05,-0.0016604204986047089,0.0028837988756642563
2016-08-16,-0.008776982760304364,-0.0004749649305735293,-0.00515779134490113
2016-08-17,-0.0016546746205348128,0.0015454580645015703,0.0018812711251614544
2016-08-18,0.001209501174802119,0.0010671866660743046,0.002243706674907031
2016-08-19,0.006666333002271596,-0.002014844494267476,-0.0014622235046077847
2016-08-22,-0.009199968973795603,0.00142484456092129,-4.565947942980486e-05
2016-08-23,0.00856766810594789,0.0004745303625621755,0.002013430370680469
2016-08-24,-0.009873672296182856,-0.00011851682617647352,-0.005114723224012185
2016-08-25,-0.007456626175134096,-0.0010668968736172735,-0.0006886971787871676
2016-08-26,-0.004389940220988597,-0.0024925216606470624,-0.0018835180141899555
2016-08-29,-0.021773698929720697,0.0034506204297224397,0.004924576558825278
2016-08-30,-0.017936898094209175,-0.0008302904624072349,-0.001648523281535641
2016-08-31,0.003170288138355737,-0.0007118605182215854,-0.002844111220147938
2016-09-01,-0.05301630375559707,0.0013806294893257132,4.582115192897085e-05
2016-09-02,-0.014892723045455192,-0.0014261040610753506,0.004508299682832062
2016-09-05,0.0,0.0,0.0
2016-09-06,0.0255334510261378,0.002974895836922009,0.0030221538392745106
2016-09-07,-0.0055218884189791595,0.00011885682554346744,-9.119601334306449e-05
2016-09-08,-0.021565611159450437,-0.0037964894817079653,-0.0022831999425925176
2016-09-09,-0.014643244819832146,-0.004405407741342349,-0.023935050256788326
2016-09-12,0.019694523621018867,0.00035875148730890594,0.014347628773924148
2016-09-13,-0.011346487834701269,-0.0028704200127350754,-0.014375552147153359
2016-09-14,0.0018362791436163928,0.0013195765822906491,-0.0003751242719275405
2016-09-15,0.020416452841336197,0.0008386893604259704,0.009992967855777746
2016-09-16,0.02484780383791363,0.0008371474846737836,-0.003865747925590246
2016-09-19,0.00457645297210707,-0.0007178787007761089,0.00018761874176620452
2016-09-20,-0.008238786856348712,0.00024018392047753245,4.677127426311323e-05
2016-09-21,0.0028341798567572685,0.0028698920749952173,0.011245514778117638
2016-09-22,0.005896172409194822,0.002026868553798744,0.0063015279911555755
2016-09-23,0.004941130603694166,-0.00023704692944936934,-0.00547937019814293
2016-09-26,0.007423489184726462,0.0016664008996560842,-0.008102225214412506
2016-09-27,-0.015216031256459872,0.0011887824374541278,0.006208148579813555
2016-09-28,0.002235048163077513,0.0,0.004963427506127438
2016-09-29,-0.027003426930455432,0.00011904630235171076,-0.009047268670563935
2016-09-30,0.016591937232549814,-0.0013062617084927952,0.007546410353477695
2016-10-03,0.047394990482537924,-0.0010598309771413517,-0.002404364149614202
2016-10-04,-0.010715983364832038,-0.0033375814459983832,-0.005097781353861297
2016-10-05,-0.013953932130380098,-0.0016739605197900742,0.004425079131642917
2016-10-06,-0.03578625635704735,-0.00035998327665043295,0.0006957440313146712
2016-10-07,-0.021840779371141483,0.000839224864448429,-0.0034295509951087766
2016-10-10,0.02207415798926582,-0.001077397310793371,0.005208487918451521
2016-10-11,-0.004229886150648454,-0.0015585050721537153,-0.012629737422815701
2016-10-12,0.007046466386483763,0.0005997281024510137,0.001312214518373933
2016-10-13,-0.006302456879140883,0.0011999970964424733,-0.003275532023004346
2016-10-14,-0.018627583354229538,-0.002037424180054037,0.0005164489188738131
2016-10-17,-0.012976444351751049,0.002162266731359219,-0.003472272481716443
2016-10-18,0.02650023191602613,0.001317878501391645,0.006262435089604335
2016-10-19,0.02240090564098618,0.000718413456846756,0.0026670316839116914
2016-10-20,-0.021910099567979402,-0.0005980786864200338,-0.0018663993022224323
2016-10-21,0.00497237481730628,0.0008369617129202478,0.0004674308693037865
2016-10-24,0.013344029700076643,-0.0014339588400194003,0.004252387535311319
2016-10-25,-0.0020714054958987926,0.0,-0.003350527222714006
2016-10-26,-0.0004941818395456377,-0.0017963245265462113,-0.0020075051936363497
2016-10-27,0.008751979915121444,-0.002759065041084363,-0.002666740323444494
2016-10-28,-0.0198029875608402,-0.0004804198107835056,-0.002955562927990818
2016-10-31,-0.011201655407329203,0.0010825922072974503,4.729638987566176e-05
2016-11-01,-0.03509842661102913,-0.00032537600490789576,-0.00724559770258848
2016-11-02,-0.014518503789442305,0.0009635803539023158,-0.006018435159807267
2016-11-03,-0.0031911467456550158,-0.0006017480664211039,-0.004577314184762815
2016-11-04,0.01675382136299608,0.0018073528020698948,-0.0011018033144791772
2016-11-07,0.013906348645120303,-0.001322744974768919,0.0220572270715369
2016-11-08,0.008954005217394645,-0.0018056407351588755,0.00450400357259384
2016-11-09,-0.025033363190080093,-0.009889052502231044,0.010602074873060197
2016-11-10,-0.024781658082167812,-0.0042630001417333085,0.002495570194937624
2016-11-11,0.017318643404319323,-0.0018354061255687615,-0.002304973059881532
2016-11-14,-0.03770682709596174,-0.0037988225564070666,0.0007853637748971298
2016-11-15,0.012785831275339055,0.0013527016158882965,0.007802699737547103
2016-11-16,0.0008706682793555576,0.002088439263589814,-0.001878412526583828
2016-11-17,0.025716307636262092,-0.004045461463511035,0.005140914152771625
2016-11-18,-0.019293934240147914,-0.002461078125303273,-0.0022376059146824723
2016-11-21,-0.0027024465131613162,-0.00012320664599185793,0.007551441441134399
2016-11-22,0.03603947721674805,0.0008631685954176849,0.0019530550066200192
2016-11-23,0.010304965252273535,-0.0025891183443227384,0.0005440565658079155
2016-11-24,0.0,0.0,0.0
2016-11-25,0.018173287121064252,0.0003711690535934675,0.003715792035821286
2016-11-28,-0.0026950938729078944,0.002347850790027861,-0.004695093441675402
2016-11-29,-0.03339797817354062,0.0007395247527628435,0.0019504535270835621
2016-11-30,-0.0008967014020552222,-0.0034494873226899037,-0.0023991323509844342
2016-12-01,-0.03970439621692412,-0.0037161936672156504,-0.0036754922028529036
2016-12-02,-0.002254227571355849,0.0036052309562577545,0.0005009384117053983
2016-12-05,0.029371246552803765,0.0012391320683431406,0.006008654696649796
2016-12-06,-0.0050855909965381585,-0.00012323609861375484,0.003167404080394398
2016-12-07,0.03927898836940713,0.0023510183113821803,0.013080876482299386
2016-12-08,-0.004452545532701246,-0.001975695168341729,0.0024487564442465803
2016-12-09,-0.0005720111783587001,-0.0029685161595872644,0.006040319877336886
2016-12-12,0.0013008438960526725,-0.0011166006110162607,-0.0011479154759763688
2016-12-13,0.02972509618020802,0.0011178488016712063,0.006674274946213421
2016-12-14,0.0027252272268023514,-0.005087415765298364,-0.008254409105521998
2016-12-15,-0.005586619127426196,-0.001495916876007919,0.004117288041725953
2016-12-16,0.02485070240083087,0.0008740291562394642,-0.0019558161121696616
2016-12-19,0.0011852284519540124,0.00262004625270551,0.0021773788809991146
2016-12-20,0.02989199578262669,0.00012507261556149452,0.0038574059435421137
2016-12-21,-0.005220520683151264,0.0014929373485008668,-0.002782504119806295
2016-12-22,0.00361092210958347,-0.0006846841628994627,-0.0017275429949689114
2016-12-23,0.023458878645067793,0.0004983383252823437,0.0014641764744385277
2016-12-26,0.0,0.0,0.0
2016-12-27,0.029014693821664217,-0.0007476302812297053,0.0024812363092758805
2016-12-28,0.0009565849240522617,0.0024937384020540243,-0.008264441565986158
2016-12-29,-0.02302717301331647,0.0027357758622288397,-0.0002230636329070279
2016-12-30,-0.0046115136580925364,0.0021097112706616183,-0.003654817485774342
2017-01-02,0.0,0.0,0.0
2017-01-03,0.015442882835696947,0.0001227833214383356,0.007650031764414811
2017-01-04,0.04608509628379487,0.0007428185954365674,0.005949237885943814
2017-01-05,-0.0010573016932267087,0.005070244784164402,-0.0007946805564630344
2017-01-06,0.009966895409707854,-0.003937219149882876,0.00357781669570989
2017-01-09,0.009912262252654847,0.0024710027347383257,-0.003300618048467374
2017-01-10,-0.006096497424114444,-0.0002467421587900587,0.0
2017-01-11,-0.0006090579683538655,0.0004931775271950212,0.0028261284258692676
2017-01-12,-0.0006094291460314594,0.0002461306330685531,-0.002510286197461631
2017-01-13,0.03554165910672369,-0.0016008626034555995,0.002295792926589435
2017-01-16,0.0,0.0,0.0
2017-01-17,-0.009127294759965876,0.003084300705959997,-0.0035237138653984035
2017-01-18,0.011800718170465796,-0.005164852028553324,0.0022104497756987307
2017-01-19,0.02265484584252664,-0.0017312104226334668,-0.0037051319112307857
2017-01-20,0.003979211340805033,0.0007429088711574661,0.0036741283102692535
2017-01-23,0.017121013222806347,0.0027228170854682876,-0.0026020332611582653
2017-01-24,0.022858758549190616,-0.0014815413301786373,0.0064118525944929505
2017-01-25,-0.0005499330562692695,-0.002966128463187001,0.00865553730743196
2017-01-26,-0.007702287210641479,0.0003716073739956638,-0.0010454411029023891
2017-01-27,0.0017424922931057463,0.0011159468122392546,-0.001569918073286991
2017-01-30,-0.009171674163915622,-0.0002480874822250456,-0.006201639894450661
2017-01-31,0.005186895116227497,0.002105300186852954,-8.806775624892182e-05
2017-02-01,-0.010677646659077555,-0.001758371565784067,0.0003955264456216856
2017-02-02,0.009268250070681772,0.0006201290178207142,0.0006593372727348168
2017-02-03,-0.0008746279419173941,0.0002474186469119122,0.006892982572619832
2017-02-06,0.02562376061798921,0.0030978341389393815,-0.0017881082157835682
2017-02-07,-0.0011251188300628323,0.001606501496554058,4.380694180650124e-05
2017-02-08,0.01786550436031553,0.002713191469797982,0.0013104553582166112
2017-02-09,0.027167272901938322,-0.002705849980711661,0.005932540902940042
2017-02-10,0.00011148636943625334,-0.00024687052784078123,0.003946173369772987
2017-02-13,0.04223151490536248,-0.0011100909610478604,0.005442555041643482
2017-02-14,0.0013542446986194445,-0.0021000258286708595,0.003995402326701258
2017-02-15,-0.004341936732680907,-0.0016086861938013897,0.005220429269820137
2017-02-16,-0.03864027372388368,0.001859649321164003,-0.0008514730581440366
2017-02-17,0.012195542272078752,0.002350974896192959,0.0015762934831393682
2017-02-20,0.0,0.0,0.0
2017-02-21,0.01895455321252637,-0.0001232359710012787,0.005955102704548132
2017-02-22,-0.013987544509128647,0.0006169289690836077,-0.0008877053810850688
2017-02-23,-0.06405612128285887,0.001850746677603654,0.0006770935240185683
2017-02-24,0.003945460066550499,0.003694716530332487,0.0012688870127006702
2017-02-27,-0.04190663914295778,-0.002085882525674987,0.001562768948731641
2017-02-28,0.015270331412970961,-0.0007384568725887775,-0.0026991168236425445
2017-03-01,0.00011993887695105343,-0.004092327505016646,0.013997576734745554
2017-03-02,0.0018399484050042325,-0.0018569967363378792,-0.006297297170152483
2017-03-03,0.004351614767985623,0.000744646960274542,0.0006294227042067391
2017-03-06,-0.0014310232140101187,-0.0006198730186135482,-0.0029779158300218267
2017-03-07,-0.010429562301419115,-0.001860711147616212,-0.00298695859104825
2017-03-08,-0.006918982373962046,-0.002360634746815027,-0.0018565180187999353
2017-03-09,-0.007979851500776736,-0.0031128189870868184,0.0012682433853083985
2017-03-10,-0.0049408426009909245,0.0019985880468020856,0.0035042730209151607
2017-03-13,0.010176830680722393,-0.001994601659766615,0.0005046779104198595
2017-03-14,0.04805628371511106,-0.00012508943678424256,-0.0038266061447597144
2017-03-15,-0.008798421425113223,0.006246848034839436,0.00865337142969369
2017-03-16,0.024713450219121746,-0.0014897297288000155,-0.0019667612625923203
2017-03-17,-0.002098847828182704,0.0019889006669921994,-0.0017563088247792846
2017-03-20,0.0016061116267274134,0.0019856895525236506,-0.0010966998610930645
2017-03-21,-0.04291381746799239,0.0023530193200527183,-0.01283961330479011
2017-03-22,0.017273078068332337,0.0013599837244542279,0.002353132855413831
2017-03-23,-0.00090202828464514,-0.0004938789835323698,-0.0010669518263459743
2017-03-24,0.03289120992821504,-0.0002468171972646038,-0.0007264581408865656
2017-03-27,0.026827796887382016,0.00209916668703114,-0.0010263953495091016
2017-03-28,0.0267559948391054,-0.0018484084385798072,0.007276731143818882
2017-03-29,-0.0002523309678981178,0.001975209438836778,0.000934863588293755
2017-03-30,0.0019467497819007917,-0.001601301571858893,0.0031841057119819105
2017-03-31,0.0013673037946848599,0.0006165395621127168,-0.002327342069450289
2017-04-03,0.07265538500445645,0.003633194250957983,-0.0017391752291064932
2017-04-04,0.017352355705321898,-0.0011069936610508258,0.0006373594185122844
2017-04-05,-0.02864668535390913,0.0008623888188541429,-0.0029725239580422613
2017-04-06,0.012542335863124032,0.00037004124211503786,0.0028107415113423073
2017-04-07,0.012855637977449375,-0.002216569065004559,-0.0010192094977147237
2017-04-10,0.03255773135831275,0.0009875266050047848,0.0005953319824518744
2017-04-11,-0.011780116939354768,0.003204332285003497,-0.0011899555463090739
2017-04-12,-0.03845036378853883,0.002335797812370588,-0.004381607640138063
2017-04-13,0.024120725067491966,0.0014710892882316973,-0.006495006687569083
2017-04-14,0.0,0.0,0.0
2017-04-17,-0.008421007061268249,-0.0006124362700316022,0.008859926396222573
2017-04-18,-0.0039477635540767775,0.003552650088036069,-0.0029844296740828558
2017-04-19,0.017552054419372798,-0.0018308418111937508,-0.0018382485358843237
2017-04-20,-0.00985204376039106,-0.0013455387935913388,0.008138957435839478
2017-04-21,0.010214507204857837,0.0002452643190049564,-0.003186960151253637
2017-04-24,0.007951603024820342,-0.0013470817710909966,0.010997807724595354
2017-04-25,0.018699422064641924,-0.003064859411731735,0.005818778925098966
2017-04-26,-0.011536362728744365,0.000984127088196729,-0.000628903381269752
2017-04-27,-0.004965028404995131,0.0007376577271784868,0.0008388692372458539
2017-04-28,0.017626304762964118,0.0011045498289783406,-0.0021791877967248796
2017-05-01,0.027891854114518555,-0.001867841680637361,0.0025198424881001102
2017-05-02,-0.012204567888302154,0.0017234738201736821,0.0003774748257596716
2017-05-03,-0.02467931806646917,-0.0011068239836847793,-0.0012146810376361117
2017-05-04,-0.05002899014132822,-0.0011068381577863384,0.0011741405910468128
2017-05-05,0.04362697085089429,0.0006157734856480079,0.00393701944879532
2017-05-08,-0.003761964382840155,-0.0017233230286483048,-0.000166702845405986
2017-05-09,0.045802257580723316,-0.0004926552453264899,-0.0009182999361927457
2017-05-10,0.012326461540900224,-0.000123558789734024,0.0017960722846903643
2017-05-11,-0.00651863161783095,0.0007404718049039971,-0.0020431316078319828
2017-05-12,0.005292405210798323,0.0029586630834637084,-0.0016708702336726278
2017-05-15,-0.027492985952879856,-0.0002459944747533749,0.005523496688648377
2017-05-16,0.0035773656379796126,0.0009837354129726972,-0.0009153433052248028
2017-05-17,-0.03438380701321975,0.0054045012739682985,-0.01774406245182536
2017-05-18,0.02270424662501913,-0.0008550593196651191,0.004028519851780876
2017-05-19,-0.007123221570720428,0.0006112707310659271,0.006504263651701203
2017-05-22,-0.0015442325945463908,-0.0008552080666138773,0.005077162606392127
2017-05-23,-0.020911878559512043,-0.0020792022650566455,0.002212799155030476
2017-05-24,0.020930680784285283,0.0020835343544056695,0.0023329959299591696
2017-05-25,0.02130743638162036,0.0,0.004779412220547785
2017-05-26,0.026228617616507632,0.0004892807741336824,-0.00020673003532634127
2017-05-29,0.0,0.0,0.0
2017-05-30,0.030632936854847692,0.0014667631258857838,-0.0008689103401129383
2017-05-31,0.017636485991062267,0.00048790426804679043,-0.0002483721920517601
2017-06-01,-0.0018767257398862869,0.00027001074452814855,0.007952283247785408
2017-06-02,-0.001527722510787366,0.003300008346920791,0.0033281904087774095
2017-06-05,0.021980248714097206,-0.0015839928911386414,-0.0007370406971520804
2017-06-06,0.0159218742715026,0.0018302468676616446,-0.0031969659427359964
2017-06-07,0.019271708483604266,-0.0013397729140599557,0.001850271656504976
2017-06-08,0.028777999979157753,-0.0007319455090043503,0.0004925569452798317
2017-06-09,-0.03427033634338705,-0.0008542918972060942,-0.0015175436424272881
2017-06-12,0.004729671679755576,-0.00024424919856291805,-0.00020554492584123896
2017-06-13,0.04718532194258196,0.00024430887080884034,0.004889744408475671
2017-06-14,0.012528228772248573,0.003665119274624873,-0.0012675627296084846
2017-06-15,-0.013975690849574174,-0.001094838426513034,-0.001924306537964715
2017-06-16,-0.010497150563255842,0.0010960384114828692,0.00021855942415505147
2017-06-19,-0.004308019545855357,-0.0014605624502791459,0.008324963410451858
2017-06-20,0.006598147050542957,0.0014626988132417917,-0.006744131300241207
2017-06-21,0.01117554424882039,0.0004865948562280398,-0.0002467808714498032
2017-06-22,0.016498465012477537,0.00036554615088935094,-0.00045292664579466013
2017-06-23,0.0021954374532506815,0.0002427913072700072,0.0011944961987548908
2017-06-26,-0.015543088109582714,0.0010944773453769319,0.0006580207202184774
2017-06-27,-0.040054017543423526,-0.0034004489072595456,-0.008056296597245827
2017-06-28,0.024477666146892174,0.0,0.008950442872741382
2017-06-29,-0.028256648657213446,-0.0020718059099728015,-0.008788777642039336
2017-06-30,0.0023839082899164143,-0.0007331992726721248,0.0018641650786446196
2017-07-03,-0.024861017541874753,0.00011132523713075493,0.0016956655227171602
2017-07-04,0.0,0.0,0.0
2017-07-05,-0.07240087231100589,0.0006128514013765685,0.002312001360696314
2017-07-06,-0.05582559174516721,-0.0023299544491203195,-0.009144235828891012
2017-07-07,0.014214882525563466,-0.0002457551277613712,0.006484895040530958
2017-07-10,0.0090352135473033,0.0004915708864841051,0.0010740323502294036
2017-07-11,0.03534252795483339,0.0009831400091360187,-0.000742513689488189
2017-07-12,0.007028925342357439,0.0023326491608997024,0.007514659227888298
2017-07-13,-0.018542123378747166,-0.00036726337220926997,0.0016800928570681606
2017-07-14,0.013512209263288222,0.00036739830414944663,0.004664503226190941
2017-07-17,-0.0250472625679502,0.0013470920685803023,-0.00012246464580090155
2017-07-18,0.027130254389051922,0.002323910166731169,0.0005296782334538452
2017-07-19,-0.009078761803985369,0.00012205263497477858,0.00541376275100891
2017-07-20,0.014327017051524393,0.0006101886997353922,0.0004454474947857001
2017-07-21,-0.004607190366594627,0.0010971922885751884,-0.0008902862959163649
2017-07-24,0.04299636569936682,-0.00048660300237635123,-0.00024305386571654708
2017-07-25,-0.008525099770780753,-0.0037780208132409676,0.0024309880433142084
2017-07-26,0.012514701075326817,0.0024462455697096264,4.023234248373697e-05
2017-07-27,-0.027308396738741525,-0.001220765317217376,-0.0009293297222612296
2017-07-28,0.001823831604937487,0.0018330272206785736,-0.0011732159745290183
2017-07-31,-0.034619599719763694,-0.00012197822530457536,-0.0005668917400160067
2017-08-01,-0.01205677008226358,0.004066078583862431,0.002228585610672962
2017-08-02,0.019776573954314758,-0.0006099337125278215,0.0004851017280214087
2017-08-03,0.0650526513735219,0.0020750164567193696,-0.0019397483832136464
2017-08-04,0.028292383368331286,-0.0015836522055570068,0.0018220307461147556
2017-08-07,-0.004875225943531958,0.0003667424656608187,0.001859445067561305
2017-08-08,0.02829631263376431,-0.0013416925827101078,-0.0024610607988615474
2017-08-09,-0.004627365110779436,0.0007320577968441544,-4.039964001945062e-05
2017-08-10,-0.02236403470594972,0.0014651862978309893,-0.014115159164767244
2017-08-11,0.006949935317051015,0.0008531841316543609,0.0014767023199673268
2017-08-14,0.016570221297372845,-0.0007310164535683228,0.009913268291705801
2017-08-15,-0.004040664276399042,-0.0017047353270698284,-0.00012190703402170655
2017-08-16,0.0016007926501722114,0.001464529923022706,0.0017444536871773497
2017-08-17,-0.030283041893870877,0.0018267078881031296,-0.015590778020536877
2017-08-18,-0.012673311114715258,-0.00048605993624284416,-0.0015632452310064826
2017-08-21,-0.027629053784943403,0.00048629630539398505,0.0007828463963990284
2017-08-22,0.010329693388882788,-0.0012166917584137682,0.01045705977353606
2017-08-23,0.03345540420719151,0.002923474857082997,-0.0035853015231537277
2017-08-24,0.00045360154190454693,-0.001457239717768899,-0.0023308443667774403
2017-08-25,-0.013827155730014362,0.0012160398201754852,0.0023362898949181865
2017-08-28,-0.006866784012039551,0.0004861804538403014,4.084565355833014e-05
2017-08-29,0.004918102123601331,0.001091924305875125,0.0011448454819198428
2017-08-30,0.016754972691134018,-0.00012061448111655437,0.00473754832462614
2017-08-31,0.0077014640323460615,0.0008491337652956066,0.006016057680553688
2017-09-01,-0.001404947921586297,-0.0016518064350852235,0.0014140138588740747
2017-09-04,0.0,0.0,0.0
2017-09-05,-0.016347760005731682,0.0041360526375280315,-0.0071817766275948935
2017-09-06,-0.01447411322118497,-0.0016958158716672278,0.0034135256838778716
2017-09-07,0.01764727961577761,0.0031545197524982527,-0.00012151710784757963
2017-09-08,-0.02056417827336232,-0.001088845868105981,-0.0011747845550387215
2017-09-11,0.05908562240162629,-0.0030272534108739535,0.010666093845987934
2017-09-12,-0.00258466740618446,-0.0014574749305921175,0.0033703094482959717
2017-09-13,0.009593398738436676,-0.0012164930321508782,0.00048022467474839736
2017-09-14,0.031155332074128017,0.0006095798603535929,-0.00031985649877619426
2017-09-15,0.005746213391062849,0.000121273231551422,0.0013463828869644257
2017-09-18,0.013664753291859899,-0.0007303931535351804,0.0021270062852021265
2017-09-19,-0.025714352807659213,-0.0007308085145413257,0.0010007394379576429
2017-09-20,-0.0031724481425279283,-0.0008532532488847444,0.00036017297479173926
2017-09-21,-0.019871143403731972,-0.00024355397954978208,-0.0026791641046909342
2017-09-22,-0.041994069357169206,0.0009757591694827816,0.00020039880477029648
2017-09-25,-0.017374506834339942,0.0021946522785529776,-0.002044828646327157
2017-09-26,0.0007536733698372267,-0.0004867508616661631,0.0006025868091150688
2017-09-27,-0.012396827077865047,-0.003041868764278588,0.0038942231921927917
2017-09-28,-0.004017951352455751,0.0002434649263238775,0.0012001231187745987
2017-09-29,0.004416978099188951,0.00012241523961686873,0.0035149798433027346
2017-10-02,0.001260661839917132,-0.00039141963520927803,0.004338718284544241
2017-10-03,0.019354062073632994,0.0004891989062087987,0.0021400839711265274
2017-10-04,0.019733448385671926,0.0,0.0011864423669332158
2017-10-05,0.0009013983077243992,-0.0007332614989516983,0.005925044663667389
2017-10-06,0.004362107763772327,-0.0011009963375359089,-0.0011387514144830524
2017-10-09,-0.03906072378558045,0.0009800724547193163,-0.0016511864803009368
2017-10-10,0.03688687271526536,0.0004892594016991936,0.002638398570008027
2017-10-11,-0.0027841047196057733,0.0004893763995648115,0.0015710112223668027
2017-10-12,0.003045706658163727,0.000855069921313234,-0.0014901844008650134
2017-10-13,-0.00030928456166490204,0.0020760779512363214,0.0012175933988722853
2017-10-16,-0.013977550178338238,-0.0009751765495602527,0.00133348437613523
2017-10-17,0.014689141609866452,0.00012237144246207698,0.0007049941521630743
2017-10-18,0.010962764159067495,-0.0015855408529062975,0.0009786916889227282
2017-10-19,-0.021798981582458632,0.0004890167571878212,0.0002735863397647087
2017-10-20,-0.019072835359806528,-0.0024427029053105676,0.005160440724464532
2017-10-23,-0.023413464914415094,0.0008566829052474301,-0.003889390876348431
2017-10-24,0.0009494297097303317,-0.0017120180220924208,0.0017572836963168914
2017-10-25,-0.034090140970734484,-0.000857893422535505,-0.004950153705103766
2017-10-26,0.0010127374519863785,-0.0012259084081920335,0.0012927048318749357
2017-10-27,-0.0162492452064249,0.0022097727738898953,0.008176130173074725
2017-10-30,-0.002462011664685293,0.0023272462196524124,-0.0037253130663499334
2017-10-31,0.03577226121725574,-0.000610605233806627,0.0015583168120887336
2017-11-01,-0.03152052936995098,0.0006490976462076858,0.001322143487539451
2017-11-02,-0.06795811899941895,0.0009802540519441294,0.0003884594606176073
2017-11-03,0.022822982448676532,0.0008558745849114313,0.003338469180297121
2017-11-06,-0.010813823575954284,0.0007337240368421316,0.0015476628797852499
2017-11-07,0.010799941188298634,0.000366711410667131,-0.0006954325141788065
2017-11-08,-0.005423931052012332,-0.0007331539654091834,0.0017009276266346518
2017-11-09,-0.004599405105758847,-0.0009767953958821352,-0.0036277240960634893
2017-11-10,0.0,-0.004037354358267242,-0.0003100971592892021
2017-11-13,0.040958453553772145,0.00012258036184054077,0.0009301087319595336
2017-11-14,-0.021242868646299873,0.001228271277788906,-0.0023223038642751215
2017-11-15,0.008422362244802972,0.0023302820310380223,-0.005005421635487783
2017-11-16,0.0038547989871628996,-0.0013461613709906395,0.008501003687653386
2017-11-17,0.008160004160156609,0.0009806160035248368,-0.002938881834010587
2017-11-20,-0.02002852395999022,-0.0006124180299283966,0.0017062708537007865
2017-11-21,0.02937742586698744,0.0008578869039670423,0.006542940472999748
2017-11-22,-0.016393380639855182,0.002080264630722306,-0.0008843443249537675
2017-11-23,0.0,0.0,0.0
2017-11-24,0.009436982537875505,-0.0002441384581028938,0.002309384929331637
2017-11-27,0.003993010599430358,-0.00036671141066701995,-0.0004991104047833428
2017-11-28,0.0023357961917807035,0.0,0.010144920471401475
2017-11-29,-0.031522607487023624,-0.002443823903529707,-0.0006085766201997522
2017-11-30,0.004259625415678148,-0.0014700289305111802,0.008754657973216506
2017-12-01,-0.00751174839672486,0.002679881216461455,-0.0020752450763584784
2017-12-04,-0.004338902370729869,0.0001224734224967161,-0.0012100325397890188
2017-12-05,-0.004914735046491203,0.0012262438954535604,-0.0035966669877154356
2017-12-06,0.03147841020585318,0.0011021968159548035,0.0001898251851999433
2017-12-07,-0.006448398065581062,-0.0013459222399930804,0.003153008547641667
2017-12-08,0.01249845338924227,-0.0003664231780305949,0.005453288437757164
2017-12-11,0.04372799282987505,-0.0007359583541403092,0.0030128893729512995
2017-12-12,0.036848923969736935,-0.00012223630067187408,0.0017651486405758643
2017-12-13,-0.0058645813181393835,0.0028203160461457433,-0.00011275326004134278
2017-12-14,-0.003362543847205468,0.0003672594252708272,-0.004086154247046059
2017-12-15,0.016455137466531822,0.0001220990685601997,0.008327440232642758
2017-12-18,-0.013335307046188238,-0.0015894577903168283,0.0063413731000758755
2017-12-19,-0.02292913127888241,-0.003060159018893005,-0.0038405926495113096
2017-12-20,-0.006402953688585233,-0.0019649551921586683,-0.0005239714512242921
2017-12-21,0.008146410493583334,0.0006153094999645781,0.0020596910269221613
2017-12-22,-0.019477747277796942,0.000491992460078805,-0.0002614227561983373
2017-12-25,0.0,0.0,0.0
2017-12-26,-0.02432353347942262,0.0009981180857239202,-0.0011964220311500018
2017-12-27,-0.01780707079988264,0.003076727646800892,0.00048679043079880024
2017-12-28,0.011936903626468931,-0.0006130793496292863,0.0020575854886866196
2017-12-29,-0.012715657450566908,0.0015956947270425736,-0.0037707119043663972
2018-01-01,0.0,0.0,0.0
2018-01-02,0.029484572024129463,-0.0028191729298859824,0.007157210231882871
2018-01-03,-0.010233112708571857,0.0008607235674626956,0.006325102470609689
2018-01-04,-0.008289977599700404,-0.0004911821199282684,0.00421490532635338
2018-01-05,0.006229740634655645,-0.001352066533004903,0.00666418713295136
2018-01-08,0.06263821959024418,0.00012320024383671857,0.001828432736078689
2018-01-09,-0.00808538113492141,-0.0029531187064950615,0.002263570551378269
2018-01-10,0.003326413914539472,0.00012331187119585252,-0.0015297162061879144
2018-01-11,0.009408646715617364,0.0,0.00729568514912371
2018-01-12,-0.005119110235858537,-0.00012329666725297006,0.006519273080827004
2018-01-15,0.0,0.0,0.0
2018-01-16,0.011421116241414841,0.0007393951195637793,-0.0034181825013466227
2018-01-17,0.02087858455510405,-0.0011087489833692121,0.009531478523367998
2018-01-18,-0.007460532163804823,-0.0019759233716328817,-0.0016807373231769729
2018-01-19,0.015816873268893028,-0.0021023633766545924,0.00454981771371088
2018-01-22,0.004399674810198428,-0.000743651227096298,0.008130617159282982
2018-01-23,0.0034987229726255453,0.0026052547070345433,0.002122585846047631
2018-01-24,-0.019558338950656062,-0.0011141222936574824,-0.0003883307435462724
2018-01-25,-0.02385156263182675,0.002725272866280548,0.0004235872011459918
2018-01-26,0.015430662178036458,-0.001852876494996103,0.011577928404161275
2018-01-29,0.019483745784611983,-0.0013619032004874576,-0.006629661333573567
2018-01-30,-0.010614261699658623,-0.0018587878255433843,-0.010257430545775215
2018-01-31,0.024550343604870628,0.00024824402974910065,0.0004967166081109031
2018-02-01,-0.014281293846785892,-0.002773884505024582,-0.0011349200011726568
2018-02-02,-0.015747955382294898,-0.002994336733974201,-0.021769909254897635
2018-02-05,-0.03089455173037159,0.004379913532425839,-0.041822612794799596
2018-02-06,0.002521527021648984,-0.0032388243625052215,0.01970249574029559
2018-02-07,0.03302687941110416,-0.002250427878988548,-0.0054249175023499685
2018-02-08,-0.0862898619278617,-0.0007515131072673986,-0.0375089692538918
2018-02-09,-0.015258637910555595,-0.002506988000587018,0.01502133264382044
2018-02-12,0.017105860055229627,0.00025156472046683476,0.014684454312904327
2018-02-13,0.025116342037434514,0.000879348224315013,0.0024876714342421113
2018-02-14,-0.004171050736881843,-0.00326404898036603,0.013495921442208125
2018-02-15,0.036486630791516594,0.0010080498544102756,0.012760191941258103
2018-02-16,0.004250554934988271,0.002138541193313692,0.00029312170819850714
2018-02-19,0.0,0.0,0.0
2018-02-20,-0.002146044443117834,-0.0010044024312990674,-0.006261179547328299
2018-02-21,-0.004391140631703427,-0.0037705076648625324,-0.004974519356154339
2018-02-22,0.03861385365210501,0.001261734369405021,0.0012963749836825134
2018-02-23,0.016985883239315713,0.0026462668691935587,0.015939109299398346
2018-02-26,0.015253507120131848,0.000502159042021999,0.01161282364265892
2018-02-27,-0.017990057260484416,-0.0021353257319048913,-0.012486745481643302
2018-02-28,-0.022593189478732012,0.0012582701922054795,-0.010130312028780897
2018-03-01,-0.03535822749677753,0.0017007279008958154,-0.014540623574361367
2018-03-02,0.012661277814635996,-0.0018859390898193773,0.005155068623379666
2018-03-05,-0.0052816914935877035,-0.0006293098681376952,0.01155798686808529
2018-03-06,-0.015449266428910424,0.00037769050760050327,0.0025348248616221536
2018-03-07,0.012492436638843696,-0.0002519810070223949,-0.000366460942099911
2018-03-08,-0.009629843215428147,0.0011340187402726354,0.0048388802947871845
2018-03-09,-0.005864531827206032,-0.0012581904814534806,0.017402462715473632
2018-03-12,0.05605653312252623,0.0010081836373745379,-0.0012548155250686754
2018-03-13,-0.010621995702379428,0.0002513384862963264,-0.006462783947555284
2018-03-14,-0.044494497652946774,0.002140858565967685,-0.005131795879268597
2018-03-15,-0.003153405592199232,0.00012573125788262196,-0.0010894678017613346
2018-03-16,-0.01305288982206032,-0.0008798875124199634,0.0010841805019394801
2018-03-19,-0.024241461624452176,-0.00075405132777695,-0.013530199956441114
2018-03-20,-0.00959942757640797,-0.0012583652345576901,0.0017006175839897608
2018-03-21,0.019256145072983122,0.0,-0.001919154146013624
2018-03-22,-0.02347326010471351,0.0016381295231269188,-0.02499716798013596
2018-03-23,-0.024458090225057294,0.0002509619452903955,-0.021314511217674026
2018-03-26,0.00875508689287341,-0.0006283645673880178,0.027358940815240818
2018-03-27,-0.08218823758246674,0.003397574048745744,-0.017011902973336768
2018-03-28,-0.0766530355251378,-0.00012531408309890413,-0.002954638625374817
2018-03-29,0.032392000767142104,0.0025084025462724924,0.012777708042361002
2018-03-30,0.0,0.0,0.0
2018-04-02,-0.05129071230255955,-0.0001250762727967869,-0.021584943649144095
2018-04-03,0.05960860827013281,-0.0011293120587347882,0.012817048680533683
2018-04-04,0.07255264788199489,0.0,0.010699076552546538
2018-04-05,0.06544916484533281,-0.00138165704408999,0.007892190610323091
2018-04-06,-0.020999583742291605,0.0025157217551263766,-0.02228595084096019
2018-04-09,-0.03220844689083846,0.0010027180755600718,0.00492859586104033
2018-04-10,0.05192293313418306,-0.0017540342547770482,0.015900071809712868
2018-04-11,-0.012372820864378187,0.0007536425304037753,-0.005241945932634051
2018-04-12,-0.022762782382571456,-0.0018822668746565352,0.00822687049157067
2018-04-13,0.021286738456213206,0.0007543747505256437,-0.0029331709470703515
2018-04-16,-0.030398916175858104,0.00012583485138173423,0.008221673381839656
2018-04-17,-0.012087505392479714,0.0003766150558093262,0.010698767198185744
2018-04-18,0.019674020987929586,-0.003263630066855594,0.0007401339532195905
2018-04-19,0.02294182395058919,-0.0023930827332883098,-0.005547313160297329
2018-04-20,-0.032791263163394424,-0.002524221162380047,-0.008479650733862587
2018-04-23,-0.023670076256160577,-0.0005063763781542052,-0.00014997575004505048
2018-04-24,0.0003176334310297513,-0.001772548136798946,-0.013467413591611077
2018-04-25,-0.009772049765610302,-0.0013953196191404116,0.002471891969088258
2018-04-26,0.017065024181957433,0.002031810918022403,0.010165614669576994
2018-04-27,0.030124724287798443,0.0015219977489393521,0.0009386952530419101
2018-04-30,-0.0006121312704419068,0.0005058947498854938,-0.007690314995219549
2018-05-01,0.02048323157183285,-0.0015470309965461837,0.0017768235878425909
2018-05-02,0.0041011301765416786,0.00012713660035768015,-0.006717442657681261
2018-05-03,-0.055454155423032336,0.0008889935786884351,-0.002204065391024357
2018-05-04,0.03389002165305066,0.0006340070390664643,0.01294666933756572
2018-05-07,0.029514774071228045,-0.0005069206144868721,0.003383168130069336
2018-05-08,-0.002642361564227369,-0.0007610999603810953,0.0
2018-05-09,0.016160606885176954,-0.001142580174732566,0.009666136060332509
2018-05-10,-0.0059638132116135445,0.0020334894449307583,0.009350470175208958
2018-05-11,-0.012982751883414467,0.0010148935092151312,0.0030511486152084988
2018-05-14,-0.030193360898847388,-0.0012671339021106398,0.00047630552017086103
2018-05-15,-0.02668080078854762,-0.004693761808441721,-0.0068867722963921185
2018-05-16,0.008093479277920368,-0.0007648470753537362,0.004205041056651204
2018-05-17,-0.006771859790704271,-0.0008932585858645314,-0.0008445582666769536
2018-05-18,-0.027131554566867888,0.0026818055636055327,-0.002500301340280564
2018-05-21,0.027707543542699442,0.0,0.007518690103277992
2018-05-22,-0.033322787235185114,0.00025422275681874495,-0.0027803971887997436
2018-05-23,0.014763174167753412,0.0030548251601232312,0.0027515122136532177
2018-05-24,-0.004371756014124761,0.0020305903382544788,-0.0020485697493274335
2018-05-25,0.003599112439287566,0.002153031757172963,-0.0023826582173808175
2018-05-28,0.0,0.0,0.0
2018-05-29,0.017608039140968756,0.006951081106152834,-0.011501229038515248
2018-05-30,0.028051857754248344,-0.003012304180585623,0.013344572709950375
2018-05-31,-0.023961312441811322,-0.0003776155380521562,-0.006125413596964058
2018-06-01,0.024900736382056587,0.0006195667546315953,0.009817553877091267
2018-06-04,0.016859761047419486,-0.002149248093959444,0.004751256401750004
2018-06-05,-0.018905466401010762,0.0008871672068186953,0.0007277035169122037
2018-06-06,0.09744783937389845,-0.002785183354491738,0.008360595851056196
2018-06-07,-0.01067291441269691,0.0025386064380408246,-0.00010813762977834873
2018-06-08,0.004966987221204366,-0.0012663300588735549,0.002956288489006864
2018-06-11,0.045457353862759176,-0.0008873077002410357,0.001329930708041216
2018-06-12,0.03212891816285279,-0.00012718989058291275,0.001292680686295844
2018-06-13,0.005863940944921264,-0.0006345813957349122,-0.00319125823675237
2018-06-14,0.037531198826580514,0.002159768368150017,0.0025178866697679325
2018-06-15,0.001257995940245893,0.00012628915152079756,-0.0012759527542243188
2018-06-18,0.03534633777963303,0.0,-0.0020565168820890767
2018-06-19,-0.04929487816484701,0.001647217378568211,-0.0038330226342726537
2018-06-20,0.027428816276547474,-0.0022773034055930674,0.0017057855082218687
2018-06-21,-0.0406106959223671,0.0005078859532170465,-0.006268536835131511
2018-06-22,-0.039941282796361555,0.0006333144753589703,0.0018232050001050215
2018-06-25,-0.0018583828407574554,-0.00012675140897988602,-0.013612836923376448
2018-06-26,0.02699616299368457,0.0016463504312171917,0.0022141803569522
2018-06-27,0.007309997535504653,0.0024033600242339137,-0.008284421952787224
2018-06-28,0.01576195226568089,-0.0007570540109670398,0.005717656053154219
2018-06-29,-0.019946872439894237,-0.00025276271934249195,0.0014392761585735325
2018-07-02,-0.022977114068266302,-0.0006204433842558199,0.002138275259857547
2018-07-03,-0.07225349003910242,0.002026633539781386,-0.00353121679769286
2018-07-04,0.0,0.0,0.0
2018-07-05,-0.005468763302039603,0.00138994518738067,0.00815781323624698
2018-07-06,-0.0008410200885162755,0.0011363736424809812,0.008458315658357085
2018-07-09,0.031110407612896296,-0.0008826501330915226,0.009004205605935178
2018-07-10,0.012432888210448967,-0.0006313122239580693,0.0035984483730950867
2018-07-11,-0.010884699093960615,0.0005053328707258498,-0.00731424824409177
2018-07-12,-0.007054158152785206,0.0007570474741236399,0.009065980199550072
2018-07-13,0.006820076610119186,0.0008835314301807173,0.0007873541751770574
2018-07-16,-0.027503397391944295,-0.0013862839923304282,-0.0008941588854670668
2018-07-17,0.040599864560402654,-0.00037896701340345285,0.004045450888358726
2018-07-18,0.0035947868010812734,-0.0005046023701575919,0.002103234139652521
2018-07-19,-0.011177999356501767,0.0018942929630025862,-0.0037711663021636754
2018-07-20,-0.020766382110007697,-0.002268817791541644,-0.0011430775541690918
2018-07-23,-0.03310157507722111,-0.0031582314862933503,0.0018593355697993363
2018-07-24,-0.01903033212777827,0.0015207876869485215,0.005032253754168714
2018-07-25,0.03802573929879505,0.0,0.008522668299749014
2018-07-26,-0.006769469139103035,0.0,-0.0023593263651506824
2018-07-27,-0.030882068378310756,-0.0002528195080095941,-0.00677610565872433
2018-07-30,-0.023588372374675926,-0.0011395372389189085,-0.0052238267268968075
2018-07-31,0.027466588287701876,0.0007608388109578978,0.00492927788124331
2018-08-01,0.009056163722604094,-0.0005461592279186744,-0.001670436874724901
2018-08-02,0.1618801307070199,0.0005080391025371611,0.0054473272236839065
2018-08-03,-0.003919521066382159,0.0021573186464201033,0.004285382390745607
2018-08-06,-0.017749896605615545,0.00088673405557671,0.003666906444378615
2018-08-07,0.10988623587715551,-0.001771058170412232,0.003302444349660094
2018-08-08,-0.024316999264261008,-0.0002541088024993199,-0.0004205036499176362
2018-08-09,-0.04830689844604441,0.0019023383471645783,-0.0013656353537410126
2018-08-10,0.008625279557523235,0.0020245531216458446,-0.006700282941995428
2018-08-13,0.0025880310425296926,0.00012629012357412428,-0.0037436812211486536
2018-08-14,-0.024606514038646665,-0.0006314306708734563,0.006380929624183684
2018-08-15,-0.02574509095993638,0.0011373052947993845,-0.007467483964045285
2018-08-16,-0.0095662528859215,0.0005046026466302145,0.008091412679689824
2018-08-17,-0.08928302310985059,0.00113585845472719,0.0035204131821919837
2018-08-20,0.009623619556435647,0.0012599171191940428,0.002139790548176812
2018-08-21,0.043638852919460236,-0.000502963258596556,0.002345197182594738
2018-08-22,-0.0008076457486387856,0.0006290055434876596,-0.0005933092912354665
2018-08-23,-0.004787970396720964,0.0,-0.0013278608644310408
2018-08-24,0.008497354291167936,0.0005037937048189001,0.006018230146420889
2018-08-27,-0.010996885063753514,-0.0012578972892682838,0.007895271751052313
2018-08-28,-0.02320917226401842,-0.0015112109601848056,0.00048332928093963723
2018-08-29,-0.021964997834462707,-0.0006311118998599818,0.005380871062503179
2018-08-30,-0.006098187840544389,0.000756928226557374,-0.0040484015536300655
2018-08-31,-0.004915032852453649,0.00025291465330545826,3.472319413710956e-05
2018-09-03,0.0,0.0,0.0
2018-09-04,-0.04213355721254075,-0.001541458114081129,-0.001722635795748273
2018-09-05,-0.028413192133419196,0.00025312149802014794,-0.0026916935487019122
2018-09-06,0.000748019836589231,0.001517806751015538,-0.003009874709353655
2018-09-07,-0.06303609176210712,-0.0031581854598027315,-0.0019431745629091557
2018-09-10,0.08456157301917577,0.0006334466664668081,0.0017385702285033222
2018-09-11,-0.021225884732538947,-0.0021531689317149105,0.0032972350400426453
2018-09-12,0.039722289113205855,0.0007614019172650366,0.00024221564926607542
2018-09-13,-0.003717242227533002,0.0006343483706090502,0.005914583804227158
2018-09-14,0.019830074248618157,-0.0016478530490131593,0.00017188488993880036
2018-09-17,-0.001219520705005639,-0.00012678261818699355,-0.005294276356369587
2018-09-18,-0.03350969709584439,-0.002285735398836475,0.005426140628890019
2018-09-19,0.049340296066073375,-0.001527234479188011,0.0010655582943241981
2018-09-20,-0.0023076098021079794,0.0012746420766514,0.00810403359158074
2018-09-21,0.0025810871734046614,0.0006366299826203736,-0.0009137380587200816
2018-09-24,0.0019391058399589323,-0.0012723296956475005,-0.0033219927280633277
2018-09-25,0.004371346808820453,-0.0007648396860275852,-0.0009281775420442173
2018-09-26,0.028539129305709343,0.0025496707365291194,-0.0029920859046081993
2018-09-27,-0.006654156583666082,0.0007636586879329332,0.002794541941913531
2018-09-28,-0.13901536785757185,0.0,0.00010309135514408041
2018-10-01,0.17347133498487532,-0.001872459001772575,0.0034738675090952853
2018-10-02,-0.0311554076004682,0.0017865566587282888,-0.0005825309736480211
2018-10-03,-0.0206631011122842,-0.0050954302232181226,0.000548570240521018
2018-10-04,-0.043995894024528526,-0.0025603409830241564,-0.007815355570188531
2018-10-05,-0.07053903829718033,-0.0017966214588810425,-0.005596871261465797
2018-10-08,-0.043481542224090175,-0.0003859299478670142,0.0
2018-10-09,0.04885057241581614,0.001930031025738188,-0.0014595678479070173
2018-10-10,-0.02252663592700077,-0.000770670476659463,-0.031663029633654305
2018-10-11,-0.01810191714594478,0.002826396924579866,-0.022026409566587635
2018-10-12,0.025968466473239804,-0.000255759926682142,0.013888061559182319
2018-10-15,0.003130010700919561,-0.00025624810856228475,-0.005617042224602575
2018-10-16,0.06548787831763603,0.0007684580964710808,0.021866118403417456
2018-10-17,-0.017390290644313078,-0.0017924566398430652,0.00017820541667790124
2018-10-18,-0.028957302566477883,-0.0006423794853634979,-0.014441316330973453
2018-10-19,-0.014815721435600171,-0.0005136651323273123,-0.0005427854941487675
2018-10-22,0.0036539667315824698,-0.000384856569036085,-0.004488396887089352
2018-10-23,0.12718904700256473,0.0014133798383366702,-0.00509096108203233
2018-10-24,-0.019174515010206283,0.002695100074255441,-0.03029845439916168
2018-10-25,0.09136917152114976,-0.0011516711868383434,0.017940755408961895
2018-10-26,0.05094321706509364,0.0017939298288900396,-0.0175874661051012
2018-10-29,0.011937184073759655,-0.0008959011992707433,-0.005540274710460036
2018-10-30,-0.01478273485251358,-0.0014078919171462978,0.01481843005695449
2018-10-31,0.022491681222557736,-0.0020516197634093958,0.01068099033045633
2018-11-01,0.020633172207841666,0.0018546006191366704,0.010641576976852196
2018-11-02,0.006186833410645631,-0.003727654437786332,-0.00592285069541898
2018-11-05,-0.014462615214999586,0.0007744382487093748,0.005516884513744769
2018-11-06,-0.0009959108490508184,-0.00012933680583060436,0.006328016383815083
2018-11-07,0.020817452625894184,0.0009023833601162767,0.02140891881656848
2018-11-08,0.00930604908804078,-0.0016748110954796225,-0.0018149885037367364
2018-11-09,-0.0025327462564075365,0.002452705258314536,-0.009768175798812506
2018-11-12,-0.05486289846261738,0.0015446817314790362,-0.018685247730969134
2018-11-13,0.022488583932654294,-0.0005143616130713902,-0.0018710636537307979
2018-11-14,0.015558041777538723,0.0007715465388311582,-0.006836626775679977
2018-11-15,0.012907039788430774,0.00012842147953739946,0.010436441026952181
2018-11-16,0.016846485069498707,0.0021842135668508345,0.002600882733686527
2018-11-19,-0.0023707949075066903,0.0,-0.016914532802140947
2018-11-20,-0.01691797240752324,-0.0006408064820471182,-0.018506391543153367
2018-11-21,-0.026763395900558984,0.0010265026063589477,0.0034077426057186333
2018-11-22,0.0,0.0,0.0
2018-11-23,-0.03654747725516738,-0.00012855776382258988,-0.006678811052245215
2018-11-26,0.061903481591741416,-0.0007689152426691992,0.01614432528279064
2018-11-27,-0.00601162087941387,0.0006410748833589608,0.003364237087324584
2018-11-28,0.011485270415007243,0.0005127964713818045,0.023025803773715436
2018-11-29,-0.019260070246266525,0.0007692220594481824,-0.0021854077511431758
2018-11-30,0.027288440954263526,0.0003835932347007187,0.006095693834742288
2018-12-03,0.022854306277042546,0.0015649463566420607,0.013241088831168257
2018-12-04,0.00337530335871139,0.0024339075357795448,-0.03240275062632825
2018-12-05,0.0,0.0,0.0
2018-12-06,0.009341156591416766,0.0017884929838993813,-0.0015167614166308185
2018-12-07,-0.014019689883274622,0.002041410897178242,-0.023235965530577163
2018-12-10,0.020057450635827756,0.0010185364805457287,0.0018969464128988367
2018-12-11,0.004409180127082246,0.00012718751494444902,0.0002274197225828889
2018-12-12,-0.00043622097525497505,-0.0010171918600564434,0.005035242042264798
2018-12-13,0.027795937737711274,0.0007632678439297713,-0.00033918262644361263
2018-12-14,-0.029406295404663663,0.000889949085704389,-0.018464586541045103
2018-12-17,-0.04727787408573181,0.001906657440033488,-0.01961848554962231
2018-12-18,-0.03269048317800338,0.0015212338193471009,-0.0010964220525855328
2018-12-19,-0.012046381459097089,0.0017736604944231793,-0.01497577074974521
2018-12-20,-0.052827576903363926,-0.0013903355085381763,-0.016277897733949054
2018-12-21,0.013919750202525005,0.0,-0.02048958280326918
2018-12-24,-0.07624231754928879,0.0002278110927262933,-0.026422907211998026
2018-12-25,0.0,0.0,0.0
2018-12-26,0.10393032040182759,-0.0021564132494378274,0.05052483024542087
2018-12-27,-0.030543696163891743,0.0021610734167867296,0.00767743259640663
2018-12-28,0.05611616189772173,0.0024108768966828453,-0.0012899312725165313
2018-12-31,-0.0032048222381534375,0.002531057161848649,0.008758755776747895
2019-01-01,0.0,0.0,0.0
2019-01-02,-0.06814899980682931,0.002020489521102231,0.001040463761976529
2019-01-03,-0.03147171266518323,0.0039054198883285984,-0.023863000105253884
2019-01-04,0.0576973909120706,-0.0030119173494376206,0.033495909834966975
2019-01-07,0.05436123871697496,-0.001511097000839845,0.007884481582193681
2019-01-08,0.0011642764023440666,-0.0012604062831849117,0.009395287189161605
2019-01-09,0.009482625353500751,0.001387877768035617,0.004673609847374971
2019-01-10,0.019023398389568458,-0.002016726732938068,0.00352752523985278
2019-01-11,0.0066383165769237085,0.002020802138632982,0.000386222076317555
2019-01-14,-0.03703280470952408,-0.0008817135880118121,-0.006100843857364868
2019-01-15,0.029994027272290946,0.00012605338077409378,0.01146080923319226
2019-01-16,0.004703414429845898,0.00037882055577109774,0.0024199885028715062
2019-01-17,0.0036410765019605495,-0.0011353235076259072,0.007586611090289352
2019-01-18,-0.1297111611448507,-0.0007573883153395577,0.013309842074710199
2019-01-21,0.0,0.0,0.0
2019-01-22,-0.011050140026936717,0.0017685001090907981,-0.013510316008836565
2019-01-23,-0.03790309945117787,0.001009697603944426,0.002092155131498963
2019-01-24,0.013630522645296628,0.002141468958836379,0.0005315280788145138
2019-01-25,0.018970237843449533,-0.0011313100615204519,0.008461433377140226
2019-01-28,-0.0022219544588429896,0.00037784444512745097,-0.007600128083869451
2019-01-29,0.0036439960027925267,0.0020119767583375303,-0.0013271852595466704
2019-01-30,0.038021902704256094,0.0010053779911141092,0.015830866889317674
2019-01-31,-0.005667655087972956,0.004641051893531589,0.008782482844112538
2019-02-01,0.01690437546773982,-0.0027781914598499213,0.00048172984258543217
2019-02-04,0.002178046704109926,-0.0008792930984803382,0.007035561232785481
2019-02-05,0.027038217137097087,0.0021356306593420804,0.004191470437203693
2019-02-06,-0.012851945460094494,-0.0003756324393882071,-0.0013179536046037388
2019-02-07,-0.030609661584522496,0.0007523663730499841,-0.009532656769363879
2019-02-08,-0.005560810155770368,0.0015034845479162673,0.0012214136479644644
2019-02-11,0.02302159754165345,-0.00037562796834544887,0.0005544137874013977
2019-02-12,-0.003292499161602569,-0.000124867014877017,0.012859247648902894
2019-02-13,-0.011673755836671518,-0.00150279689146271,0.003246961254662173
2019-02-14,-0.014277820308407851,0.0017560188015337541,-0.0022179772896104843
2019-02-15,0.013529981687833148,0.00037478755420350396,0.010897120212876699
2019-02-18,0.0,0.0,0.0
2019-02-19,-0.007275592114103446,0.0008759668120306152,0.0017306266101519974
2019-02-20,-0.010077140160173803,-0.00037525242345182175,0.002015250491447018
2019-02-21,-0.03744719150082565,-0.0020000749152914166,-0.0035556424990234037
2019-02-22,0.011949336815981981,0.0022552367197623546,0.0062001916115954625
2019-02-25,0.013776227055194656,-0.0003752992215078077,0.0013610368436052234
2019-02-26,-0.0030458399535449043,0.0013757190489471771,-0.0007155276728263438
2019-02-27,0.05667104122280353,-0.001998159059754534,-0.00042945393080029426
2019-02-28,0.016330846005180755,-0.001126324306895965,-0.001862698371269178
2019-03-01,-0.07843566043230532,-0.003089222699941385,0.006244122923255269
2019-03-04,-0.03198883658491347,0.0017642401055260049,-0.003637550631201525
2019-03-05,-0.03090829156245878,0.000754252871733252,-0.001360256286858652
2019-03-06,-0.0010848588017886573,0.0012556337704421328,-0.006057068114880493
2019-03-07,0.0012669741182240735,0.002886999738883622,-0.008365189242577009
2019-03-08,0.02729675994497449,0.0012504490852640604,-0.001999846625984514
2019-03-11,0.023861458586003748,-0.0004993688080653369,0.014501066002123641
2019-03-12,-0.025986510550194186,0.0023753986644405867,0.003770968835229205
2019-03-13,0.019762826693860758,-0.0004987827146879509,0.006619219929208109
2019-03-14,0.0034607328163371864,-0.0008737410489469966,-0.0006394953896506905
2019-03-15,-0.05011042604829263,0.0018737900692267218,0.004940372525378267
2019-03-18,-0.021566273770704303,-0.0006236606617419094,0.00362575397427789
2019-03-19,-0.007495627621330492,-0.000498380408853083,0.0002480035860898955
2019-03-20,0.02291845522943481,0.00436797070929873,-0.003010178546422826
2019-03-21,0.0015350810461096653,0.00024909793112204426,0.01129481757382278
2019-03-22,-0.03463255713040714,0.005465834773415557,-0.01924613053129587
2019-03-25,-0.015536892576059724,0.0012358796465128385,-0.0007519142660458167
2019-03-26,0.028223624718877183,0.0002465720906819069,0.007453729740397375
2019-03-27,0.026365922874079573,0.0018509024714654654,-0.005228629821853792
2019-03-28,0.013790332193247767,0.0004922264227786854,0.003790315595057381
2019-03-29,0.004450491478388496,-0.000737689878933856,0.006305434549094713
2019-04-01,0.03330240519756256,-0.0039519685411422145,0.011859157842100121
2019-04-02,-0.011411640419352831,0.0004955674690814149,0.0004899334919716836
2019-04-03,0.020743017324461155,-0.0013628260145785998,0.0015730446192954162
2019-04-04,-0.08234816239503528,0.0009932635778577836,0.0026539929264601803
2019-04-05,0.02681314318395822,0.0007436040724497772,0.004839833737476207
2019-04-08,-0.0064009870820075365,-0.0009913105880644535,0.0007626355861640732
2019-04-09,-0.003257712404775681,0.0014876928795717337,-0.0051247399082773315
2019-04-10,0.013771070245990558,0.0013619897353462918,0.003410574143887457
2019-04-11,-0.027675107337592375,-0.0017305722566450799,-0.00027680301656696216
2019-04-12,-0.00268238221889483,-0.0018581465994157442,0.006765616563639831
2019-04-15,-0.004930856117047799,0.0002477684989434792,-0.0006549457192631669
2019-04-16,0.026203202008537207,-0.001736369339388144,0.000655374954283916
2019-04-17,-0.007791933226055425,0.0,-0.0024471100767561316
2019-04-18,0.007484354720840525,0.001367528824977704,0.001969423684744731
2019-04-19,0.0,0.0,0.0
2019-04-22,-0.03846152638080802,-0.000993155788535427,0.0008616839426704992
2019-04-23,0.004376739071872082,0.0017392024657796323,0.008992113481873565
2019-04-24,-0.019855977462206353,0.002603986414124071,-0.0022197462247415256
2019-04-25,-0.0426428039397303,-0.00024754604902144095,-0.0006162016405992787
2019-04-26,-0.05043819414148287,0.0022269724021795057,0.0046570996650330265
2019-04-29,0.026920128922461872,-0.0020977502551395855,0.0015675854555152746
2019-04-30,-0.011512753335668258,0.0014831613509520558,0.0005105590650502645
2019-05-01,-0.019607038171323476,6.206057157664979e-05,-0.007516705353676212
2019-05-02,0.043117745928183515,-0.002228191851849415,-0.0021589997745832257
2019-05-03,0.044776827893111326,0.0018612605573939955,0.009788036109916964
2019-05-06,0.0012155112018303882,0.0012389558850463,-0.004114996532822657
2019-05-07,-0.03242735395158203,0.0014831423639027896,-0.01670002602907128
2019-05-08,-0.008985714919320764,-0.0007400724211273912,-0.0013893828434392574
2019-05-09,-0.011681069548660883,0.0009891355422615433,-0.0030256215507914463
2019-05-10,-0.010166102021160528,-0.00012402030821101473,0.005023631397808259
2019-05-13,-0.052229494360313766,0.0020999105203778345,-0.02513039249498361
2019-05-14,0.02334699863237777,0.0006162526268096435,0.009043905113576223
2019-05-15,-0.00154966432150061,0.0014780041329798266,0.00585725036946827
2019-05-16,-0.01560679096708617,-0.0014758228606921442,0.00926146720489629
2019-05-17,-0.07576748791335908,0.0002459156042751154,-0.00646524694904127
2019-05-20,-0.02686823480397693,-0.0012314433556591675,-0.006612156922630286
2019-05-21,-0.0013634997375607805,-0.0004928876821485018,0.009015685894236292
2019-05-22,-0.06022036210467108,0.0018503545341457261,-0.0030712960230100395
2019-05-23,0.014320552722358215,0.003570790583963479,-0.012218470992604646
2019-05-24,-0.02486063325357668,0.0,0.002268320402322388
2019-05-27,0.0,0.0,0.0
2019-05-28,-0.010124341109633561,0.0020853156202369494,-0.00930059488251933
2019-05-29,0.006147333130873456,-0.00024478068705335865,-0.006710937537214856
2019-05-30,-0.008637920413351985,0.0026937006411580366,0.002731236981065255
2019-05-31,-0.016257608189742534,0.004396988833782478,-0.013475085593912195
2019-06-03,-0.03343059616543187,0.0028406472913078407,-0.0025429057819594814
2019-06-04,0.08174561896341825,-0.0017030429985779305,0.02170671719424755
2019-06-05,0.01544420373527533,0.0,0.008661993593512385
2019-06-06,0.0476117502048552,-0.00024272628543375863,0.006502807483717898
2019-06-07,-0.007040519976872828,0.0026791916974435726,0.010007062999727312
2019-06-10,0.0409780333593881,-0.0020650638810381095,0.004588919880237796
2019-06-11,0.01982334850283829,-0.0007303873887869461,-0.0002422463910022321
2019-06-12,-0.03611234292213106,0.001705670521461089,-0.0017657164728752672
2019-06-13,0.022221120858935794,0.0017015299947338303,0.004126824134288887
2019-06-14,0.004721603986466594,0.00012183625409378784,-0.0011054292501363472
2019-06-17,0.04704074421740101,0.0,0.0003801745789697719
2019-06-18,-0.0012886872369679558,0.0023063059182435452,0.010470967626689198
2019-06-19,0.007519764691878983,0.003389944701037484,0.002257476663805935
2019-06-20,-0.030075551830091918,0.0015685615778371353,0.009554162890200057
2019-06-21,0.010199478262568729,-0.0027711695908125833,-0.0014534309443304805
2019-06-24,0.008023076459826362,0.0018123407124601698,-0.0012242005872961093
2019-06-25,-0.01734926938308201,0.00036172323836036746,-0.0098085856783382
2019-06-26,-0.002229738728571129,-0.0022905683319456305,-0.0009970963601184657
2019-06-27,0.016281291255971775,0.0029000508843557427,0.003546043469242699
2019-06-28,0.002782256239630465,0.000843467227166661,0.005145831824319824
2019-07-01,0.016602537125377292,-7.232527770684172e-05,0.009078757263986992
2019-07-02,-0.011533195712382427,0.0019298892586523397,0.0026038628324451807
2019-07-03,0.0460921555160565,0.0018070009681394605,0.007995230898983685
2019-07-04,0.0,0.0,0.0
2019-07-05,-0.0076628280158580475,-0.004688841269519184,-0.0011380350812759676
2019-07-08,-0.011840412851381266,-0.00012074167018927273,-0.005494340853703483
2019-07-09,-0.0012156304463569745,-0.0013286529517717582,0.0012462110743105548
2019-07-10,0.038511763106394925,0.0008468645375920847,0.0047781729043341326
2019-07-11,-0.0013393830898483783,-0.0032633314557288795,0.0023442853414441522
2019-07-12,0.027158434061185455,0.0008489182665696315,0.004477097741636182
2019-07-15,0.034356089485530594,0.0014537348763867808,0.0003324656944161397
2019-07-16,-0.004418164415035952,-0.0013301352670478384,-0.0032253993153237293
2019-07-17,0.009826533897421275,0.0030276501098602804,-0.006804878697079131
2019-07-18,-0.00517938756868408,0.0018119085458958573,0.0036606840187620726
2019-07-19,0.01830088813133579,-0.0010852455848947562,-0.005554930502894906
2019-07-22,-0.009683129904604848,0.0010864246224195906,0.0024565643601646148
2019-07-23,0.017561027246856264,-0.0008438946153387361,0.007150176965581956
2019-07-24,0.018103499372800647,0.0009649953580530557,0.004699549543391246
2019-07-25,-0.13613708110635003,-0.0010843369610175069,-0.004777168101084861
2019-07-26,-0.003408795800965758,0.0,0.0066999210237970175
2019-07-29,0.03389755018959728,0.0006032364453183447,-0.0018211624892404688
2019-07-30,0.02752683338998274,-0.00024132704518831094,-0.002454617896996192
2019-07-31,-0.002683168467668695,0.001206259065158033,-0.010940530542388971
2019-08-01,-0.032117800120570084,0.007161172545760985,-0.00870773752331433
2019-08-02,0.002095391899579857,0.0009598375126695924,-0.007529762071058599
2019-08-05,-0.025689260005491543,0.004312096274792676,-0.030072609262894456
2019-08-06,0.010643000906475075,0.0025044705836909653,0.01402288638544369
2019-08-07,0.011570931609834023,0.0,0.0005901816070112975
2019-08-08,0.020906599400388748,0.0008331028280508246,0.019619902981029336
2019-08-09,-0.013806206102418894,-0.001783374955623418,-0.006811267744976202
2019-08-12,-0.025530805242072074,0.004406032541575344,-0.012172786398225832
2019-08-13,0.02615610421639536,-0.0015411389636538209,0.015551156036880398
2019-08-14,-0.06544687260065951,0.0035622833661710374,-0.029567470714037203
2019-08-15,-0.018122136062087457,0.004851985537558168,0.0026418521102842263
2019-08-16,0.01994065540164347,-0.0010598796809592193,0.014754941424816037
2019-08-19,0.03132666502806747,-0.003183229561054657,0.01204787864009016
2019-08-20,-0.00427633574634001,0.002602283346420098,-0.0076626153618962745
2019-08-21,-0.022270402776456533,-0.0004717269318530448,0.008135660481164875
2019-08-22,0.00597746887764683,-0.0018885582358836306,-0.00030844813340591415
2019-08-23,-0.048390759958635954,0.003664937696711723,-0.025687063721149483
2019-08-26,0.017029312154725806,-0.0005888136461708049,0.011058347210856745
2019-08-27,-0.004279025860254748,0.0034180637948206805,-0.00392364111093324
2019-08-28,0.007053461155446694,0.0003526380035263621,0.007041501624452495
2019-08-29,0.028387214669075345,-0.0005874868117961007,0.01277289224758249
2019-08-30,0.01759049641281729,-0.00011750157281309459,-0.00044379352684276174
2019-09-02,0.0,0.0,0.0
2019-09-03,-0.0026594540634046204,0.0009185010832064577,-0.005847293686654154
2019-09-04,-0.01924359313509616,0.0018833811514342713,0.01134995798217786
2019-09-05,0.04032988367532808,-0.005167540518938196,0.012855618837664728
2019-09-06,-0.009277824735237306,0.0011805563005826691,0.0007721745326678686
2019-09-09,0.019081180789296548,-0.004598350836969578,0.0005031054352195863
2019-09-10,0.016178436782244843,-0.005094133878714269,-0.00023440139869645993
2019-09-11,0.04907867630625118,-0.0005950105891993074,0.007110715050158367
2019-09-12,-0.004977786258313466,-0.0019061736074680313,0.0034639082905252305
2019-09-13,-0.0027249944407460314,-0.005729003851732251,-0.0006635191354298353
2019-09-16,-0.009747197346762881,0.002640656970592792,-0.00308909867751872
2019-09-17,0.008154522822672039,0.0022746210000001987,0.002532007407507697
2019-09-18,-0.005310523689140867,0.0007171906654674931,0.0005980802439782273
2019-09-19,0.012772552981913154,0.0014319287566404437,-6.655011463707616e-05
2019-09-20,-0.024249895148037104,0.003576071007551418,-0.004724702601132447
2019-09-23,0.002535231296753704,0.000713319880351504,-0.0002347198973695619
2019-09-24,-0.0747005313345035,0.003441804809744653,-0.007847118827013833
2019-09-25,0.02459568391983602,-0.004731179713271194,0.005915344604793038
2019-09-26,0.060603458159791845,0.001663255420172538,-0.0020832040186069545
2019-09-27,-0.0017728055869207227,0.0010680747913762723,-0.005387454805935166
2019-09-30,-0.005203793381044264,0.0007113626860566491,0.004637749463417551
2019-10-01,0.015859214917846032,0.0009733239436711116,-0.011894495835471752
2019-10-02,-0.006375418940066435,0.0022531307633761877,-0.017664718325571704
2019-10-03,-0.041541666813759925,0.0033130870514976873,0.008192626461914987
2019-10-04,-0.006866001099940178,0.001651073375926071,0.013532089766972177
2019-10-07,0.027178790132110553,-0.002590452025844292,-0.004314794195686589
2019-10-08,0.009801398882838708,0.0004722735017155255,-0.01552452214254707
2019-10-09,0.018662857531057897,-0.0011801264118559418,0.009496350773892548
2019-10-10,0.0008587865860343324,-0.0030708719861212153,0.006763649925907389
2019-10-11,0.012870745566869735,-0.0036730199358711024,0.010366970225931915
2019-10-14,0.036588871936986234,0.0016652322234798067,-0.0011139736712740822
2019-10-15,0.0036192563678525413,-0.002612505312445723,0.009900340716465728
2019-10-16,0.007212409177860479,0.0010717052478010913,-0.0016058127712559322
2019-10-17,0.008546610329575488,0.0,0.002949192488082897
2019-10-18,-0.019162530722660276,0.00047575511420405725,-0.004377456979961725
2019-10-21,-0.01342671065408474,-0.0023773177950352498,0.006779477124080335
2019-10-22,0.00820521085401027,0.00178704620664627,-0.003266788266202525
2019-10-23,-0.0035214826899614415,0.00047559389597129353,0.0029094862683327616
2019-10-24,0.1766923235319593,0.00011922303166866932,0.0016340492928903494
2019-10-25,0.09493463935290936,-0.0016639156101716512,0.004094725869183691
2019-10-28,-0.0012799748887760698,-0.002142901229384764,0.00563651283212141
2019-10-29,-0.03506152059118439,0.00023845360541963068,-0.0002964883400194962
2019-10-30,-0.0038263988223681267,0.003220541366043994,0.003067196876313405
2019-10-31,-0.0002857299073112385,0.004755460677221324,-0.002663445370430173
2019-11-01,-0.005112447684490151,-0.0008892307265417898,0.009264150593668141
2019-11-04,0.013277626893232641,-0.0028489605053207967,0.004017440611569167
2019-11-05,-0.0007874639488315571,-0.0034518897758327727,-0.0011061189314667264
2019-11-06,0.029506271080336877,0.0021502749144381994,0.00022824863535864104
2019-11-07,0.027435877533706687,-0.0051251408716530555,0.003516449985288217
2019-11-08,0.004768428440276917,-0.0009587831644422007,0.0024661814953204075
2019-11-11,0.02358073903734903,0.0005999789777186848,-0.0019097030768654433
2019-11-12,0.014025304743831235,0.000599181060795928,0.002107851080500156
2019-11-13,-0.010916495379750035,0.0017966857213296272,0.0003238359505559618
2019-11-14,0.009361251460125342,0.002868973246556772,0.001455490761212097
2019-11-15,0.008072121852793046,-0.0003571871046955666,0.0072364969231319964
2019-11-18,-0.006190230846208622,0.0014313300054447087,0.0007378357198144503
2019-11-19,0.02722937893509192,0.0010718271109235733,-0.0002886313671184304
2019-11-20,-0.020304890883314552,0.0027359031454188276,-0.003718958610049561
2019-11-21,0.00741013246629163,-0.0016614392019193014,-0.0016086656442626523
2019-11-22,-0.06140963459164972,0.0005945603484727169,0.002224027369591264
2019-11-25,0.009908688492819007,0.0009496023621522465,0.007750194314500858
2019-11-26,-0.022061027047189374,0.0016616373993130207,0.0022654627201998956
2019-11-27,0.0072054427979364455,-0.0015397862380007732,0.00445760369650583
2019-11-28,0.0,0.0,0.0
2019-11-29,-0.0040749864522633406,0.0,-0.0037086160719921324
2019-12-02,0.014942111414791182,-0.0026157745638885066,-0.008494807723001596
2019-12-03,0.003971701615311352,0.005364099725135851,-0.0067067541985808
2019-12-04,-0.009428951066637326,-0.002015822710550008,0.006170493701121105
2019-12-05,-0.007987205077007897,-0.0010688395982099141,0.001798083226518088
2019-12-06,0.016708539482365836,-0.0013085166066518772,0.009134094100261114
2019-12-09,0.010836776557687555,0.00023841143905678486,-0.003144294115377533
2019-12-10,0.027420335973247223,-0.0007144122989677371,-0.001115164185775508
2019-12-11,0.011065180701923305,0.0033361988935698417,0.0028387897266446416
2019-12-12,0.019790216517877823,-0.004750522306183558,0.008619137109176167
2019-12-13,-0.0035864603168681564,0.004534004379910916,0.0005991979105954837
2019-12-16,0.06448273954410277,-0.0027313720060856417,0.00686977485738538
2019-12-17,-0.006579228102730705,0.00011883968580694848,0.00021892115654065236
2019-12-18,0.03736239645598238,-0.0013099052186906768,6.25202510109446e-05
2019-12-19,0.02769941872802484,0.0007151936118070523,0.004099270925408405
2019-12-20,0.003836223506470837,0.00023844485267221494,0.004384037834735732
2019-12-23,0.0336053629419828,-0.0006330212159896265,0.0015277208705588574
2019-12-24,0.014383871042812801,0.0009563305089546059,3.0895559634203096e-05
2019-12-25,0.0,0.0,0.0
2019-12-26,0.013380370052541224,0.0009546564784503886,0.005323721033327011
2019-12-27,-0.0012995234173469594,0.001431432837032398,-0.0002480136222899887
2019-12-30,-0.03643287242176041,-0.0003582406677277161,-0.005512941528636017
2019-12-31,0.008753267375039453,-0.00107152996376092,0.0024291589519434
2020-01-01,0.0,0.0,0.0
2020-01-02,0.0285181750157113,0.0013119568645076907,0.009352155393224537
2020-01-03,0.02963325829792085,0.003572213506569444,-0.007572320333711913
2020-01-06,0.01925463704513497,-0.0011867873741373547,0.003814945645830292
2020-01-07,0.03880052465815398,-0.0008317382583598043,-0.002811876065476837
2020-01-08,0.04920482578812169,-0.001545076935179357,0.005329726591599027
2020-01-09,-0.021945011900097344,0.0011901598425201332,0.006780574376513471
2020-01-10,-0.006627297633174267,0.0016659966309870988,-0.0028777230732401904
2020-01-13,0.09768895885093332,-0.0005942484658847391,0.006877348297682051
2020-01-14,0.024882822120200876,0.0014256819106321927,-0.0015246532490275078
2020-01-15,-0.03610201351305786,0.001542964766307886,0.002259859195109737
2020-01-16,-0.009662477636014799,-0.0005926249512030468,0.00831817050377337
2020-01-17,-0.005822894156913949,-0.00011822850549680908,0.0031128153271560155
2020-01-20,0.0,0.0,0.0
2020-01-21,0.07189030619278935,0.0024895653164582754,-0.0019583460202786673
2020-01-22,0.04086264444061727,0.0008276866400549476,0.0001208273962549633
2020-01-23,0.004635122144013071,0.0017726082826021727,0.0011469175096843198
2020-01-24,-0.012897603180825445,0.0015333274655069395,-0.008893160793712274
2020-01-27,-0.012039272835579595,0.00329763547457973,-0.01602920390036333
2020-01-28,0.015913383222044608,-0.0017609556867278497,0.010479146094695135
2020-01-29,0.024854513769903885,0.0028221783647117693,-0.0008260272338367347
2020-01-30,0.10296225866535558,0.00023443964230285275,0.0032451532997694876
2020-01-31,0.015230690473505337,0.002579298465382962,-0.018157655526122807
2020-02-03,0.19894859376394902,-0.0009026719003121242,0.00742843491103562
2020-02-04,0.13725640223576474,-0.003049363346484313,0.01524143897547181
2020-02-05,-0.1717583947927872,-0.0016466995180407507,0.011547830508347623
2020-02-06,0.01940931694254422,0.0009430582438250124,0.003364809659788248
2020-02-07,-0.001188323805631053,0.003060741990996041,-0.005329185176321638
2020-02-10,0.031026496329857656,0.0015259143789052576,0.0074649833295004075
2020-02-11,0.004019260937028868,-0.0016408623791195343,0.0017330094720471312
2020-02-12,-0.009155657933695438,-0.0011742297501595722,0.006442643309526819
2020-02-13,0.047843652551780025,0.0009406162114040661,-0.00106703182559853
2020-02-14,-0.004937755668348531,0.001056159292618597,0.0016021091918185792
2020-02-17,0.0,0.0,0.0
2020-02-18,0.0729597130158357,0.0015249479373742325,-0.0025768334759098677
2020-02-19,0.06875580895325561,-0.00011655245908137601,0.004781267684726753
2020-02-20,-0.019631105097986157,0.0024590543154163758,-0.004108186745962139
2020-02-21,0.0017678087791648256,0.0024539770554736773,-0.010298255547957269
2020-02-24,-0.07459490327646512,0.0031465884106569586,-0.033165500545361715
2020-02-25,-0.040633739641448896,0.0008136414071733267,-0.03030201930829668
2020-02-26,-0.026390470576789893,-0.0005804288785399292,-0.0036787125613824134
2020-02-27,-0.1281458395846271,0.001161110028782053,-0.04491138159482233
2020-02-28,-0.016215047800994142,0.006613748948937959,-0.004201735701018561
2020-03-02,0.11322034293215233,-0.0006583377693506476,0.043306731235629004
2020-03-03,0.0025416095259802596,0.006009273491329514,-0.028632387647761548
2020-03-04,0.0053520173720666975,-0.00022986942937519572,0.04203306643524107
2020-03-05,-0.033302230445070524,0.0037919474094434413,-0.03324181754778288
2020-03-06,-0.029066704869448956,0.006868188297097566,-0.016531004000622795
2020-03-09,-0.13572525720249962,-0.0021602397807429785,-0.07809481692127695
2020-03-10,0.061398023823663106,-0.013444640626129378,0.05174468459249848
2020-03-11,-0.017200452670558586,-0.01893970395690492,-0.048748005022344
2020-03-12,-0.11617242301113506,-0.054384878074644205,-0.09567713838604885
2020-03-13,-0.0248505535904755,0.04220122027026818,0.08548612954394219
2020-03-16,-0.18577806455584012,0.010511466380140222,-0.10942357636088396
2020-03-17,-0.03341046380880208,-0.020685772168561045,0.05399203548590159
2020-03-18,-0.1603440409986845,-0.02414021077207551,-0.05063288721296977
2020-03-19,0.1838768421567878,-0.000618406383451453,0.0021248649930885044
2020-03-20,-0.0002571736151377735,0.016955851751289552,-0.04309419897579425
2020-03-23,0.015811747064244486,0.022148839921932062,-0.025568154275122823
2020-03-24,0.16281749323562988,0.0010715597090529272,0.09060318617208796
2020-03-25,0.06782176450892674,0.013439494359072768,0.01497012531226627
2020-03-26,-0.020565621439638027,0.0045769077698949445,0.0583899821781102
2020-03-27,-0.026128393930185068,0.0053739090516791155,-0.02978562102621196
2020-03-30,-0.02377714859552571,0.001046101439826863,0.03247577714430583
2020-03-31,0.04355446239344318,-0.009286729794254156,-0.014905473879516018
2020-04-01,-0.08099239055277141,0.005166776670378681,-0.0450049116434047
2020-04-02,-0.05625466454987249,0.0046732042299793,0.023075290401530335
2020-04-03,0.05619734693587186,-0.00046536749995762516,-0.014454073642460985
2020-04-06,0.0754775752334993,0.0031412730266138222,0.06716620049364197
2020-04-07,0.05658223700690801,0.0009276232595398781,0.001019522684379659
2020-04-08,0.006214994497730331,0.0025493855712570568,0.03356814916324691
2020-04-09,0.04402015748241661,0.010978873341728868,0.015217371080168629
2020-04-10,0.0,0.0,0.0
2020-04-13,0.13603839302984921,-0.0032010121516077295,-0.009129876890186517
2020-04-14,0.09054457315006381,0.0,0.029492821665461966
2020-04-15,0.028088878270565276,0.0049313151943615186,-0.021248231365404546
2020-04-16,0.021073401625000487,0.0005703213911176785,0.004824271618185438
2020-04-17,0.011647723586206471,-0.0013688368053228483,0.027015539638189034
2020-04-20,-0.009988248360573104,-0.0015983218911028718,-0.017617914299063342
2020-04-21,-0.07990777996173748,0.0012580933581194387,-0.030363304051023277
2020-04-22,0.06609682849410836,-0.0008002093395566012,0.022194424541321034
2020-04-23,-0.03616946277907396,0.0016011834303619743,-7.17681270274717e-05
2020-04-24,0.02766324531628772,-0.00034270231926891714,0.013938726500034804
2020-04-27,0.10149622245552825,-0.003539614480543296,0.014418587508914227
2020-04-28,-0.037095477323576875,0.0029792409598690117,-0.004598590457630669
2020-04-29,0.040812876924676944,0.00068623791296063,0.026178718445899918
2020-04-30,-0.023272674923369818,-0.0007996488772238353,-0.009310526467335212
2020-05-01,-0.1030337133662409,-0.000412492317433899,-0.026473816484587354
2020-05-04,0.08536758793631605,0.0010313462267634854,0.002758571275033095
2020-05-05,0.009222447764407393,-0.0009158650566966076,0.009239410900718559
2020-05-06,0.018705825945557253,-0.004466725761333112,-0.006778400233686033
2020-05-07,-0.003245695176505081,0.003221356408352083,0.012066299830341576
2020-05-08,0.05048456274844226,-0.0028669053029158897,0.01654629139550723
2020-05-11,-0.0099216488475673,-0.003104728166591242,0.00020491689600943275
2020-05-12,-0.002317270311292141,0.0032298574044451467,-0.019931499336873104
2020-05-13,-0.02279437261341355,0.0011499476291787492,-0.017685943789107927
2020-05-14,0.01563919280204029,0.002756455466949248,0.011967287743979371
2020-05-15,-0.005178425650618879,0.0005729930976194897,0.00459718541043963
2020-05-18,0.018093785504579962,-0.0018319493327363379,0.030459620168959756
2020-05-19,-0.006907343337870575,0.0012615955473098683,-0.010271184500407982
2020-05-20,0.00934395713390801,0.00263506531687141,0.01698808389309381
2020-05-21,0.01476284478490908,0.0010277077981761806,-0.006903969286156442
2020-05-22,-0.012953077701596039,0.0003425608825753379,0.001898828120351137
2020-05-25,0.0,0.0,0.0
2020-05-26,0.0024360442933191173,-0.0005704990523085485,0.012320784162372922
2020-05-27,0.0016608447192643094,0.00045637131441522705,0.01487933338956915
2020-05-28,-0.017580381620416863,0.0003424827507523265,-0.0018454783054584478
2020-05-29,0.03622440280883765,0.002851844882695964,0.004455739515723867
2020-06-01,0.07556883131087,-0.0008092404502390016,0.004041921444508212
2020-06-02,-0.018416628784101885,0.000798287754434357,0.008280256847571055
2020-06-03,0.0015880436011630472,-0.0022791201635415925,0.013308419764053392
2020-06-04,-0.021042854169221026,-0.002398727921127164,-0.002627086962400882
2020-06-05,0.024618805538279664,-0.00011436720183777283,0.025629647871868055
2020-06-08,0.0725560681818036,0.0010304539308914062,0.012087607550719026
2020-06-09,-0.009737634144336038,0.0006867085979624932,-0.007456830734767217
2020-06-10,0.08970205725269786,0.004229240136020218,-0.005580068136155525
2020-06-11,-0.0509341048991272,-0.0018206874094616188,-0.05764923384517573
2020-06-12,-0.03860863311078977,0.0010256066820457654,0.011976506917863894
2020-06-15,0.059468762792361796,0.002050753533409555,0.009335407408794127
2020-06-16,-0.008850490655781473,-0.0012506051810874386,0.01924763169108723
2020-06-17,0.009835722116904755,0.00022720144719934332,-0.004153657504739727
2020-06-18,0.012270733625858066,0.0011385168120094935,0.00038509056799007624
2020-06-19,-0.0030478518902198326,0.0003408492172753963,-0.005715305147767413
2020-06-22,-0.0065740925163715325,-0.0003407330786723284,0.006415452708664837
2020-06-23,0.0075025599927995845,-0.0004546021401931055,0.004603722943364641
2020-06-24,-0.040857298187609414,0.0001135997898864538,-0.02550887988063333
2020-06-25,0.02615401198303724,0.0010237158971762028,0.01072059378598178
2020-06-26,-0.026613159231048233,0.0018172710014461302,-0.02375139706056628
2020-06-29,0.05169110801188981,0.0006803042770926471,0.014697478144113374
2020-06-30,0.0698073149894527,0.001019813698245331,0.01280936541391231
2020-07-01,0.03687680726581788,0.00024959573240246336,0.007004943729228996
2020-07-02,0.0795173412803385,0.001587208067269641,0.005506990928438205
2020-07-03,0.0,0.0,0.0
2020-07-06,0.1347939370342961,-0.00033981692630247196,0.015437572614688255
2020-07-07,0.013327688522591696,0.0015856387451718135,-0.010314076972557817
2020-07-08,-0.01725350030984496,-0.0005656571406209565,0.0076487216710559025
2020-07-09,0.020792456491456113,0.002715267148399869,-0.0056931274210491045
2020-07-10,0.10784776505418647,-0.0011278750671450677,0.010210638054260146
2020-07-13,-0.030809585105470272,0.0004514563580002573,-0.00865891896885107
2020-07-14,0.013185863099901995,0.0012420104634585094,0.01295891308207997
2020-07-15,0.019257581163604875,0.00011252116234161669,0.00918714737864601
2020-07-16,-0.029346504366899673,0.0006765714016967461,-0.0032935528789449497
2020-07-17,0.00013330494375263235,0.0010138164268040928,0.0028991654752077434
2020-07-20,0.09472028755869433,0.0010130932077119237,0.008081471478425195
2020-07-21,-0.045429074387502544,0.0005622374746743208,0.0021278898814953706
2020-07-22,0.015283476518254346,0.0013484298475507916,0.005692007061812943
2020-07-23,-0.04977615338574293,0.0008980453665763388,-0.011932032884919397
2020-07-24,-0.06349339370613127,-0.00022488951332433338,-0.006440151237099401
2020-07-27,0.08652080631985237,-0.0006725013298789495,0.007292517806259724
2020-07-28,-0.040991122577997974,0.00044887134433180265,-0.006342469272561324
2020-07-29,0.015320072049045619,0.0015704960934250778,0.012298815513764438
2020-07-30,-0.007751257440881121,0.0005599328523608893,-0.0035678340145067766
2020-07-31,-0.03813804798718812,0.0013426440225219327,0.007902065306279349
2020-08-03,0.03790989277703116,-0.0003468184507415817,0.006951826633788238
2020-08-04,0.0013467807962437295,0.002128279883381934,0.003862966015202751
2020-08-05,-0.001331501252462397,-0.0013409683021056162,0.006211031249304
2020-08-06,0.003070674289896047,0.0015665804737672318,0.0066846435131395765
2020-08-07,-0.024751944680411975,-0.0011172071566249997,0.0007178681534225628
2020-08-10,-0.02350091468597615,-0.0011193603861492374,0.0029885282604249497
2020-08-11,-0.031144060652225414,-0.0034720159435294162,-0.008254499321964426
2020-08-12,0.1312363947417745,-0.002584638774463799,0.013942395454567436
2020-08-13,0.042604650478076156,-0.00326801880430605,-0.0018078755854935569
2020-08-14,0.01832819678811437,-0.0011309267369303821,2.984820475271377e-05
2020-08-17,0.11203058154519474,0.0012451637911488067,0.003176732795592274
2020-08-18,0.028028374195693928,0.0013561270626230026,0.002160150625242885
2020-08-19,-0.004536059116861502,-0.0016930910517437558,-0.004163713617879261
2020-08-20,0.06563643667445929,0.0016959624706269771,0.0031133357431196718
2020-08-21,0.024052926729070556,0.0021457707728371744,0.003547723003594516
2020-08-24,-0.017453806448256226,-0.0011271530554349818,0.010133253841601464
2020-08-25,0.004537751185374361,-0.0019171787290932496,0.003499333133073046
2020-08-26,0.06416619165356252,-0.0005645356990492401,0.010025356507942007
2020-08-27,0.039746079206424145,-0.0036183364763748838,0.0021868917562080092
2020-08-28,-0.011323299439907841,0.0007947068693570092,0.006459203001576208
2020-08-31,0.1256890549105465,0.002947665580934622,-0.003622677402030039
2020-09-01,-0.04669690804684601,0.0027522267490711627,0.009418819993441518
2020-09-02,-0.05826756524083643,0.0021452114828659496,0.014463783794496754
2020-09-03,-0.09023849203316048,0.00011287140927840333,-0.034413945645496824
2020-09-04,0.027813247275265907,-0.005859161867901808,-0.008165061868806056
2020-09-07,0.0,0.0,0.0
2020-09-08,-0.21062824320390794,0.0014731696390175575,-0.02732305637572463
2020-09-09,0.10923349433825735,-0.0006786201005996029,0.019747639374588788
2020-09-10,0.013814582587770685,0.00022595446738460367,-0.017363799782114553
2020-09-11,0.003716263443279244,0.0010192535246056345,0.0005091230969216376
2020-09-14,0.12583177074233998,0.0,0.013171457277229237
2020-09-15,0.07182685140266343,0.0005655515373912401,0.005052191204717005
2020-09-16,-0.01778729846250804,-0.00022625479246951574,-0.003968430468452744
2020-09-17,-0.04149312452942333,0.0,-0.008795529881861053
2020-09-18,0.04421041843491591,-0.001130820870801963,-0.011512673756276404
2020-09-21,0.016374511668703073,0.0005661012449054148,-0.011129533567628802
2020-09-22,-0.055986946823462835,0.0003392455855251164,0.010184300442737104
2020-09-23,-0.10341090738483938,-0.002261444414407565,-0.023190970600417637
2020-09-24,0.0195341463945935,0.00011333358450871245,0.0026656976427665846
2020-09-25,0.05041385121376596,-0.00011332074146286342,0.01616682060883967
2020-09-28,0.034025594039789775,0.0009069733362432331,0.01660943356860778
2020-09-29,-0.005056919415549199,0.0006790809385743835,-0.005446088002337368
2020-09-30,0.02371912031427703,-0.001584156649001689,0.007582014437595319
2020-10-01,0.04463774876849502,0.0010218302216189468,0.006419980339576137
2020-10-02,-0.0737906918190171,-0.0006806262166992871,-0.00949436140176696
2020-10-05,0.025512531789757986,-0.0037460445728544345,0.01773301996438703
2020-10-06,-0.02748539351192436,0.001367301541042032,-0.014215947228777392
2020-10-07,0.027344297266189477,-0.0013654345802361911,0.017406621930998734
2020-10-08,0.0014577830589765917,0.0017091778765760957,0.008862337781459617
2020-10-09,0.01897077543397918,0.00022735912559013194,0.008930509612347759
2020-10-12,0.01912439516394837,0.0014786679844736028,0.016087413755730307
2020-10-13,0.009834932884270176,0.000794553732254677,-0.006526013270389375
2020-10-14,0.032799718116372834,0.0005676386506110465,-0.006283445476208072
2020-10-15,-0.02692390743031925,-0.0005673166197706081,-0.0012357791273168717
2020-10-16,-0.02051768046956881,-0.0007939229178371976,-0.0006043876255200642
2020-10-19,-0.020106014344170586,-0.000908699743892516,-0.015203438877581243
2020-10-20,-0.020634587544658856,-0.0017047009841036909,0.004005740588746365
2020-10-21,0.0016590325709362475,-0.0011383400883669959,-0.0018927641451037536
2020-10-22,0.007453064711647084,-0.001709863816390711,0.005485209189938223
2020-10-23,-0.012118551755604834,0.0012560546100399694,0.0033950246192875344
2020-10-26,-0.0008320996760948773,0.0014827143289108946,-0.018479801843489074
2020-10-27,0.010469159823756513,0.002390683533661786,-0.0034475319838448426
2020-10-28,-0.043938975190562446,-0.0013631079674362168,-0.034178922677344126
2020-10-29,0.011846701366300838,-0.0021610815499035763,0.010163410996758326
2020-10-30,-0.05547305218949494,-0.0017097530344267753,-0.010424813954541201
2020-11-02,0.03213582666134873,0.0013835433906494998,0.011208584396782628
2020-11-03,0.05840061701119437,-0.00022782444178937045,0.01765606366217387
2020-11-04,-0.006888484603579825,0.006854345389971428,0.022349095170441702
2020-11-05,0.040643300543862226,0.0010215019939197045,0.019502751047148825
2020-11-06,-0.01858065570474754,-0.002267316894653315,-0.0002283524073837251
2020-11-09,-0.02021165833954497,-0.004657735367637805,0.012565532701138915
2020-11-10,-0.02587474253102262,-0.0019405818341687864,-0.0014665764015652227
2020-11-11,0.0164977197153513,0.0006861708694121393,0.00742850418274732
2020-11-12,-0.012873745767280065,0.0033146265703380973,-0.00970095644451252
2020-11-13,-0.007917146283160204,0.000341412410020725,0.013844626707804952
2020-11-16,-0.0010037182511209997,0.0005690298128109283,0.012482758974776464
2020-11-17,0.08213879250177958,0.0017072363063177498,-0.0053783863935290555
2020-11-18,0.10196775866118779,0.0011364882411910582,-0.012034909339868949
2020-11-19,0.025953518324515645,0.002043133677682052,0.0042102197906501715
2020-11-20,-0.019348255020757876,0.0009053765250042201,-0.006847977559372498
2020-11-23,0.06584827501609536,-0.0007918161887314756,0.00599468545572468
2020-11-24,0.06425217853318599,-0.0010193183164687314,0.0161136967156863
2020-11-25,0.03352658623835669,-0.0004534026553607573,-0.0015418863765869206
2020-11-26,0.0,0.0,0.0
2020-11-27,0.020487795852708768,0.0021548420359642773,0.0027851675726646707
2020-11-30,-0.031002439645386293,0.0013577978759389264,-0.004427370086556803
2020-12-01,0.030232565079099327,-0.0030221722489862657,0.010937510484924529
2020-12-02,-0.027258998689319136,-0.0017032464910390344,0.0021037186296739563
2020-12-03,0.04317707064578702,0.0019335381121823314,-0.0002727401216293668
2020-12-04,0.00953853028069096,-0.0026111530952034334,0.008617877006937169
2020-12-07,0.07131413268972531,0.0013665645251577097,-0.002055035720781806
2020-12-08,0.01265269756091203,0.00034028846209377406,0.002926027994831104
2020-12-09,-0.06985904262531573,-0.0017044080468314737,-0.008968975379065935
2020-12-10,0.03737095767859411,0.002048984505911511,-0.0003267514090316004
2020-12-11,-0.027237767375868138,0.0015900359636047412,-0.0011726967127339005
2020-12-14,0.048918853305726984,-0.0003400222571049438,-0.004477146930477516
2020-12-15,-0.010284031966116491,0.00045378684515617884,0.01351930609814711
2020-12-16,-0.016549539644792777,-0.0010204562208413481,0.0015693222288639674
2020-12-17,0.053197818564255206,0.0002266175001115478,0.005592227946416672
2020-12-18,0.059612778969587055,-0.00034025381680524713,-0.003993012404692742
2020-12-21,-0.06494968189377415,0.00011372635637640904,-0.003575459679820314
2020-12-22,-0.01464926902636221,0.0015890540510052897,-0.0016853655983145588
2020-12-23,0.008807772074100217,-0.0011258353868264237,0.0008987648570832896
2020-12-24,0.02444349518922251,0.0017075438327898151,0.0038900535341523934
2020-12-25,0.0,0.0,0.0
2020-12-28,0.002901307404113318,-0.00034100737900399913,0.008590924784710907
2020-12-29,0.003465523985226371,0.0003411237047044047,-0.001907678615051811
2020-12-30,0.0432288658824449,0.0006817119095363644,0.0014268268082908708
2020-12-31,0.01567398119122254,0.001362494990011287,0.005080727773320914
2021-01-01,0.0,0.0,0.0
2021-01-04,0.03415197180829077,-0.0013606411232975901,-0.013614107151273314
2021-01-05,0.007317368906131216,-0.001703169177873609,0.006887485811929883
2021-01-06,0.028390302267496503,-0.0044361181404581895,0.005978448005286685
2021-01-07,0.07944656360858104,-0.0020564529840138013,0.014857427716151506
2021-01-08,0.07840299470467449,-0.0009160207513384533,0.005697756323577385
2021-01-11,-0.07821411721500826,-0.0010312900318437679,-0.006740930981280369
2021-01-12,0.047152947996006445,-0.00022909509780311144,0.00021125010856026805
2021-01-13,0.005850950889994211,0.002638663090958504,0.0026931073730913635
2021-01-14,-0.011013523157297866,-0.001258824965888583,-0.0035020002883686674
2021-01-15,-0.02229585445953386,0.0008021356352319042,-0.00729277308508558
2021-01-18,0.0,0.0,0.0
2021-01-19,0.022259629183487784,0.0013740311270076244,0.007852005853131505
2021-01-20,0.00698599786790699,-0.00011487873640292356,0.013838731716237396
2021-01-21,-0.006420156263490129,-0.001371693898222448,0.0009115616573867058
2021-01-22,0.0019526425140830028,0.0004581645140191437,-0.003539209355077233
2021-01-25,0.040347806114603646,0.002288451671849767,0.003943784590191957
2021-01-26,0.0025999188207492807,-0.00011402437991381298,-0.0015610088332144167
2021-01-27,-0.02143608477064074,0.0,-0.024440375156300265
2021-01-28,-0.033246240146660666,-0.0007995806183930254,0.008600297349637964
2021-01-29,-0.05015373491403896,-0.0007999158453602107,-0.02001990129690867
2021-02-01,0.058321672867634566,0.0003322948526409686,0.016645588473815254
2021-02-02,0.039270726531715816,-0.0012595581763702457,0.014140289776489512
2021-02-03,-0.020738065332563282,-0.0017200783316613233,0.0007863140737367491
2021-02-04,-0.005499119810906672,0.0002296574354703207,0.011365669739075601
2021-02-05,0.0026353496607176563,-0.0013779338265793584,0.003935802725814064
2021-02-08,0.0131302972383458,0.0011499136264203624,0.007222245504404867
2021-02-09,-0.016168321643152184,-0.00045931487094041934,-0.0006660537454137305
2021-02-10,-0.052550944303998315,0.001608952397067931,-0.0004357031642554521
2021-02-11,0.008498789811735685,-0.0010326795709377778,0.0016152600293752872
2021-02-12,0.005494900903412869,-0.002641877383351421,0.00493971348908695
2021-02-15,0.0,0.0,0.0
2021-02-16,-0.024383660823671716,-0.004721335387849468,-0.0008661019823843485
2021-02-17,0.0024238672272682837,0.002082599090233117,0.00022975515034451277
2021-02-18,-0.013493691045324274,-0.0005773316075177171,-0.0042561175649582506
2021-02-19,-0.007721833533733569,-0.0034655807614665246,-0.0017659013116785305
2021-02-22,-0.08549845855559934,-0.0027823735908044656,-0.007691927922342967
2021-02-23,-0.021917429429917368,-0.00023222781755138922,0.0012145086907735525
2021-02-24,0.06178807266392261,-0.0005815295568224466,0.011019234938930644
2021-02-25,-0.08059082496045267,-0.008726058064598696,-0.024095758174559778
2021-02-26,-0.009850152211020369,0.008685536900673752,-0.005152731546277822
2021-03-01,0.06355291148192554,-0.0012937178099444724,0.024240389022036846
2021-03-02,-0.044527636486599076,-0.00011585577784956058,-0.00780327633884792
2021-03-03,-0.048423758283395624,-0.003151518258650232,-0.0132458581584457
2021-03-04,-0.04862218183112754,-0.0031611706586291977,-0.012374804275879892
2021-03-05,-0.037799313531283074,-0.0005867652756865738,0.01839669948230238
2021-03-08,-0.05844967282854319,-0.0045830157188467835,-0.004978723908313998
2021-03-09,0.1964120760817838,0.003305398863452158,0.014277443429361325
2021-03-10,-0.00819506910832657,0.0018823087055057641,0.006224702488386358
2021-03-11,0.04721134236531421,0.00011754028745358802,0.010138854984079737
2021-03-12,-0.008390501992574073,-0.005988961872019916,0.001346973873741275
2021-03-15,0.020483461206222797,0.0011815086982980283,0.005963545894754674
2021-03-16,-0.04387377195940434,-0.00011799053651107005,-0.0012613141171101683
2021-03-17,0.03683074261011732,-0.0003538043373171318,0.003409782946626194
2021-03-18,-0.06932072763951169,-0.004131931556192181,-0.014549541750086048
2021-03-19,0.0026180050626212203,0.0008300670311149894,-0.0018501584597462317
2021-03-22,0.023103830299388672,0.0028421900042781,0.007984860064781385
2021-03-23,-0.01170146456365928,0.0022442523592423047,-0.00787089305104094
2021-03-24,-0.04816058727810224,0.0015319927961476854,-0.0050833649429696814
2021-03-25,0.016056627401557888,-0.0007059439248752186,0.005625552035830816
2021-03-26,-0.03385438241576755,-0.001766210871770424,0.016114980502531795
2021-03-29,-0.01199266702111268,-0.0012977497904554935,-0.0005051856621084427
2021-03-30,0.039801078851212424,0.0010634412922558845,-0.0026529271900666007
2021-03-31,0.05083220558444013,-0.00047221975784605963,0.004053293127307178
2021-04-01,-0.009252455923119962,0.0032181314346686474,0.010799158443921986
2021-04-02,0.0,0.0,0.0
2021-04-05,0.04427659122771899,-0.0015333536196482367,0.014353036028636357
2021-04-06,0.0008247761127986308,0.0035434848452904344,-0.0005905932804196601
2021-04-07,-0.029857428208930892,-0.001177094967476977,0.0011573321856295227
2021-04-08,0.01912159613436426,0.002238574642600133,0.0047466774379947285
2021-04-09,-0.009915155733034697,-0.0012930401278785641,0.007270118515917634
2021-04-12,0.03686741230129442,-0.0002353080204874347,0.00036458833629327003
2021-04-13,0.0859569036478478,0.0025902460494429125,0.0029637733330853955
2021-04-14,-0.03947166704647498,-0.0007045773345494277,-0.0034152368767602637
2021-04-15,0.009040931223980753,0.004230963959589884,0.01074262076419874
2021-04-16,0.0012587029151958085,-0.0026913451906682706,0.0033423290586269694
2021-04-19,-0.03399658468630862,-0.0005872355340235114,-0.004912841172996729
2021-04-20,0.006101017267521991,0.0016436277596598714,-0.007321474748481549
2021-04-21,0.034951793439894185,0.0010549358026399336,0.009461835710446787
2021-04-22,-0.03283069676699324,0.00046844674359669547,-0.009133026249373954
2021-04-23,0.013491908213451476,0.00011739299835067385,0.010842262177636952
2021-04-26,0.012064715006025573,-0.00070231037464763,0.002087722665982783
2021-04-27,-0.04532647907368281,-0.0025764993987719143,-0.00021543795117806575
2021-04-28,-0.014672094304228334,0.0004696079313313284,-0.00028736453010125285
2021-04-29,-0.02505755171974844,-0.0008214799852276355,0.006372551468806442
2021-04-30,0.04791723957558203,0.0014095278268611011,-0.006570506107390184
2021-05-03,-0.034590632711300695,0.00024678659189070196,0.0021571515136371566
2021-05-04,-0.01649874089928205,0.0012917608640394818,-0.006169458693854102
2021-05-05,-0.003948959080373515,0.000586161921642514,0.0003125909714600805
2021-05-06,-0.011029338520784915,0.00046915128608571166,0.007985782848593859
2021-05-07,0.013307460953421169,0.00011692268185270471,0.0072779867629424455
2021-05-10,-0.06444373139784076,-0.0023426250673183047,-0.009902300890038296
2021-05-11,-0.018822278764288325,-0.001996678867499435,-0.008924998158021835
2021-05-12,-0.044248212926854213,-0.003529287427576633,-0.02124507942232079
2021-05-13,-0.030853203980896415,0.0020069260462911576,0.012012353312849555
2021-05-14,0.03157303299711356,0.0023566356579927117,0.015355407265728482
2021-05-17,-0.02189098294684022,-0.0009405417258935289,-0.002544714367310852
2021-05-18,0.0018029458511532592,-0.0010588589782166702,-0.008615301561041622
2021-05-19,-0.02493638386588848,-0.0010598774088642626,-0.0026218669797033467
2021-05-20,0.04138712802336375,0.003301727330304871,0.010757807561658339
2021-05-21,-0.010054917128925145,0.00023531341953342277,-0.0008185651710720387
2021-05-24,0.0440022264046771,0.0011746313633729244,0.010194035269387669
2021-05-25,-0.002885668382965889,0.0025823169850798244,-0.0022183477320706357
2021-05-26,0.023879957500782645,-0.00035130697350027607,0.001984403384097222
2021-05-27,0.018929840154243482,-0.0014051017448454273,0.0005247826650187637
2021-05-28,-0.008924522802159385,-0.00011734280022757115,0.001788796431515527
2021-05-31,0.0,0.0,0.0
2021-06-01,-0.002111268599623961,-7.068301420931622e-05,-0.0008807378679580591
2021-06-02,-0.030100952337768105,0.0010574222618175977,0.0015725630339371577
2021-06-03,-0.05334476431283097,-0.0018779220405953367,-0.0037113848983830744
2021-06-04,0.045754470575515294,0.003997833488308622,0.009145728924749852
2021-06-07,0.010149431698305955,-0.0007027878869163562,-0.0009701679149232145
2021-06-08,-0.002544921741878703,0.001875074914724939,0.0002134095772814426
2021-06-09,-0.007968981371759054,0.0019885255572988925,-0.0014920821490921332
2021-06-10,0.018938501740255687,0.0021014098667635484,0.004648549243972289
2021-06-11,-0.0003770180312155924,-0.0002332740313046866,0.0016523220547994821
2021-06-14,0.012789221849023313,-0.002563225545781256,0.002239012232740256
2021-06-15,-0.029675082579620482,0.0,-0.0018341795063829824
2021-06-16,0.009193155632698069,-0.0028038435421546826,-0.005583274511316683
2021-06-17,0.019392614586788648,0.0033975208830911985,-0.00033179314820130923
2021-06-18,0.010882243306208794,0.0031523281745604592,-0.013490423918781413
2021-06-21,-0.003978800587379316,-0.003491648608949127,0.014316163596613585
2021-06-22,0.004638983624974058,0.0014016972235220138,0.005345990676774992
2021-06-23,0.05268476618207507,-0.0006996107394203754,-0.0012053408991465897
2021-06-24,0.035411302984154513,0.00046649377847218787,0.0059159264265158384
2021-06-25,-0.011694312026312215,-0.0018665438610572238,0.0035520295543527425
2021-06-28,0.025079265670401973,0.0026887020868047173,0.0020160212784650078
2021-06-29,-0.011557681931348984,0.0004657928737386019,0.0005379423341014267
2021-06-30,-0.0015570796861552605,0.0006989798589107643,0.0008417156844802154
2021-07-01,-0.0026188230779431443,-9.313221697759833e-05,0.005536508190872702
2021-07-02,0.0014456370513082906,0.001749263899739395,0.007643751008308275
2021-07-05,0.0,0.0,0.0
2021-07-06,-0.028457809785947474,0.0036089486443657837,-0.0018215936087188078
2021-07-07,-0.02263562857139878,0.0020879568132496917,0.003534076299347211
2021-07-08,0.012658037290573132,0.0009257304916705511,-0.008148186136346491
2021-07-09,0.006341837079579804,-0.00312262061283608,0.010674898322816428
2021-07-12,0.0437628194032984,-0.00034765916299750454,0.0035821172010757074
2021-07-13,-0.0250255268170938,-0.0031333892244933548,-0.0034091934230908727
2021-07-14,-0.022676262535623493,0.003376093428803184,0.0014923276433900234
2021-07-15,-0.004254796226577984,0.0024364468942037476,-0.003415683898434718
2021-07-16,-0.009806316575730722,-0.000926234267226822,-0.007843395950558385
2021-07-19,0.003104482057777691,0.005676686668763864,-0.014767913108732933
2021-07-20,0.02209778342837665,-0.001036357735532012,0.014330315210072442
2021-07-21,-0.007888019850240235,-0.0032291467925948947,0.00809626913984185
2021-07-22,-0.009202007847976312,0.002198203643694052,0.0020942139929580605
2021-07-23,-0.009056424875986235,-0.0011545666303539592,0.010288080423275003
2021-07-26,0.022133069927244398,-0.000577798117500361,0.0024545229977444016
2021-07-27,-0.01952494819687245,0.002543720481847256,-0.004557370155419127
2021-07-28,0.0034120354402995545,0.0009231311464084069,-0.00041001547508789926
2021-07-29,0.04694118807422987,-0.0017285016780240747,0.004147354963033534
2021-07-30,0.014541928508582602,0.0015006015504355208,-0.004856469966660448
2021-08-02,0.032697928666004517,0.0023780614905708486,-0.002098114770514692
2021-08-03,9.862621233169833e-05,0.00023050582221895155,0.008135700554916303
2021-08-04,0.001662548831768751,0.0,-0.004918994007856559
2021-08-05,0.005218642492307302,-0.0023034146942264577,0.0063328114687872805
2021-08-06,-0.021731523084098314,-0.0047311840163009045,0.0016523503165006836
2021-08-09,0.020969779282747014,-0.0018553383927855105,-0.0008135084535735304
2021-08-10,-0.005281893495678203,-0.0015103728970297103,0.0012439924326119733
2021-08-11,-0.0030563570472872392,0.0006982911281365745,0.0024848203063385643
2021-08-12,0.020386528392057013,0.00011609642763010797,0.0029970525689606564
2021-08-13,-0.007033557040173943,0.003952639789601031,0.0018198569303493617
2021-08-16,-0.0432254973537064,0.000926329405746884,0.0023544512129303197
2021-08-17,-0.02981764971635026,-0.001040889428586711,-0.006555033161384283
2021-08-18,0.03497015710402862,-0.00023209220956355026,-0.010945013729725894
2021-08-19,-0.02252568828990298,0.002201115216789562,0.0015482409623512883
2021-08-20,0.010082056516856674,-0.00023123020763826663,0.007957035552353942
2021-08-23,0.03827951753459802,0.00023128368741320848,0.008796532755009911
2021-08-24,0.0031006472789958384,-0.0019646447185416305,0.0015873708631792827
2021-08-25,0.0038250458739306215,-0.0016214925929327606,0.0020985427656392552
2021-08-26,-0.01411697599720807,0.00011623457828946471,-0.005903321320054222
2021-08-27,0.015346011908018431,0.002899109620303486,0.008940972854004858
2021-08-30,0.02667435264494311,0.0011565150738490626,0.0043976513253944916
2021-08-31,0.00658083407543808,-0.0012707274351534403,-0.0014815144657376322
2021-09-01,-0.0022155233598404322,0.00017410171034115685,0.0005313975539888993
2021-09-02,-0.002315788147756681,0.0013897275934862119,0.003076701880254662
2021-09-03,0.0016111325842673718,-0.0020819012317983,-0.0002428125896750677
2021-09-06,0.0,0.0,0.0
2021-09-07,0.02637783858939624,-0.00289765226343508,-0.003575473699905962
2021-09-08,0.0012617502122473923,0.0016275313728890684,-0.001218283635912587
2021-09-09,0.001313231087076927,0.003597076913276709,-0.004280286558713153
2021-09-10,-0.024627038366134335,-0.002427884627571375,-0.007884529605543422
2021-09-13,0.00914066245943812,0.0015073359387307583,0.0025591828347941714
2021-09-14,0.0020053498586631857,0.002430130574483158,-0.005396508066543126
2021-09-15,0.015231899000174076,-0.0009238331228343943,0.008352789147721307
2021-09-16,0.0015347617076681974,-0.0018489694169149251,-0.0015852457566031264
2021-09-17,0.0033025333532406,-0.0012734069621035404,-0.00974113511236363
2021-09-20,-0.03860484330594227,0.0027822360985019223,-0.016674287496426077
2021-09-21,0.012613531089680885,-0.00023173347690130797,-0.0009446267046208101
2021-09-22,0.0169871810945057,0.001040811681019882,0.009754892042446839
2021-09-23,0.00226081461648886,-0.005313407800858094,0.012149942355799359
2021-09-24,0.027533059916662994,-0.0020902615825867388,0.0016472754390055577
2021-09-27,0.02191406322043732,-0.0011634961006757871,-0.002860870150584005
2021-09-28,-0.01743835612317879,-0.004310726614116578,-0.02015178920225713
2021-09-29,0.004822778775393388,0.00011655851144931617,0.0016830550610638095
2021-09-30,-0.0074618094773734045,-0.00023421837031212256,-0.012222204916767732
2021-10-01,-0.0003352887910832436,0.003399065636630505,0.011884035687942607
2021-10-04,0.008139621398127295,-0.0007007456928224132,-0.012895924498073863
2021-10-05,-0.001202850103416031,-0.0024548414883869274,0.010404798042835894
2021-10-06,0.0027671424905384434,0.0004689496062300069,0.004156138897776218
2021-10-07,0.013874260399496352,-0.0028109431538737573,0.008645627107974674
2021-10-08,-0.010231834522373306,-0.0024666627247229567,-0.0018237435617276532
2021-10-11,0.008211528565575943,-0.0015306446438571042,-0.007239759651188948
2021-10-12,0.01740026730336086,0.003655721253319255,-0.002461711530041044
2021-10-13,0.006652379022320076,0.0027021777898843524,0.0035978971400720816
2021-10-14,0.008926471099504285,0.0017580224135547162,0.01682043470080541
2021-10-15,0.030195999501915205,-0.002456563870660622,0.007615861091071929
2021-10-18,0.03212224493643445,-0.0005861116486738371,0.0029606983164305323
2021-10-19,-0.006711860640270406,-0.0028160952364907343,0.007714881964014486
2021-10-20,0.0017703140411262641,-0.0011763261251123147,0.003927771986768969
2021-10-21,0.03257101073349511,-0.0014139963776527154,0.0026081029884730267
2021-10-22,0.01753910755951127,0.0021235847631115856,-0.0010360306699338517
2021-10-25,0.12661598362581983,0.0004707931979039959,0.005362651696722676
2021-10-26,-0.006274050392506725,0.0020003415971128202,0.0008998814703589098
2021-10-27,0.019078438805710585,0.0036399582183583856,-0.004430036942773219
2021-10-28,0.03775074872979922,-0.0012868047200594868,0.009648945504226791
2021-10-29,0.03431629436179362,0.0002342659490852661,0.002029202259177465
2021-11-01,0.0849102277797451,-0.0007745167678829823,0.0017200530023626648
2021-11-02,-0.03027499529203259,0.0018785275627868359,0.00404302017245306
2021-11-03,0.03571673801973452,-0.0017575165895205025,0.006105330977853818
2021-11-04,0.013222297879683653,0.004577916677483751,0.004712421223939334
2021-11-05,-0.006358169933862068,0.0030383770535424848,0.0034696513332550527
2021-11-08,-0.04840070953386311,-0.0022135796292425125,0.0008538757820457654
2021-11-09,-0.11990303254359846,0.00280197066697796,-0.0033055746896734073
2021-11-10,0.043429451929624774,-0.006753000694718847,-0.008044810319435158
2021-11-11,-0.004157528824601631,-0.0016407072460608019,0.0003235334517737165
2021-11-12,-0.02829310201599211,0.00011700475224030171,0.007546858433261416
2021-11-15,-0.01938224449936754,-0.004108233564243613,0.0003424158763456475
2021-11-16,0.04079376842602822,-0.0007080364976275177,0.003957837004882503
2021-11-17,0.032501208284666294,0.0021239645840223087,-0.0024293496175807894
2021-11-18,0.006767610267700563,0.0011769877592449074,0.003396633091079293
2021-11-19,0.03710391800920432,0.002116662928880242,-0.0017883029986021093
2021-11-22,0.017422122080461122,-0.0049281748009756265,-0.0028153432686719437
2021-11-23,-0.041352932727292124,-0.004009066162578678,0.001326200714346637
2021-11-24,0.006284772484400847,0.002367559774209438,0.0026697028454147897
2021-11-25,0.0,0.0,0.0
2021-11-26,-0.030537595031082,0.007086935442440989,-0.022303254941958728
2021-11-29,0.050900227900227524,-0.00011779014614177186,0.012266887691670059
2021-11-30,0.006833823403773698,0.0018767646893875778,-0.019457675898197024
2021-12-01,-0.04346763456194869,0.0006447128633111365,-0.011107129729888032
2021-12-02,-0.00949773919092467,0.00011720077904775472,0.015316250804990439
2021-12-03,-0.06419876077133224,0.003866354413298856,-0.00870130242424827
2021-12-06,-0.005872086315763081,-0.0026843099880942134,0.011843309160458615
2021-12-07,0.04235837141187604,-0.0022236417104565254,0.020684760704374305
2021-12-08,0.016363195584229162,-0.0030491584283839357,0.002648102982182099
2021-12-09,-0.06095644581905246,0.0004703701703374641,-0.006751784086335366
2021-12-10,0.013179927022311633,0.00035284268768420723,0.009413630975418918
2021-12-13,-0.04977243020772948,0.003409199215730352,-0.008858231839207975
2021-12-14,-0.008174578197676419,-0.001640016903216579,-0.006880171178875405
2021-12-15,0.018236618133556703,-0.001290920939208684,0.015625099348636207
2021-12-16,-0.050277132790258694,0.0012925895701505485,-0.008818487631641503
2021-12-17,0.006095449446181567,0.0017595646693013833,-0.010643129160487264
2021-12-20,-0.03498927121736173,-0.0016395188972520014,-0.01063337878699544
2021-12-21,0.04288056302579579,-0.0010562704937212564,0.017759181558343995
2021-12-22,0.07494705523716627,0.0010573873808119583,0.009998566845842216
2021-12-23,0.05761886305530961,-0.0015186128377978614,0.006222206157004084
2021-12-24,0.0,0.0,0.0
2021-12-27,0.025248391499066658,0.00047166033154066866,0.014152171579166817
2021-12-28,-0.005000275342793459,-0.00011778261163719606,-0.0008172729730261397
2021-12-29,-0.0020947102761840197,-0.003299326817174819,0.0012792766718427995
2021-12-30,-0.014592268383646134,0.0022462620329772864,-0.0027646774799697793
2021-12-31,-0.012668840823859995,-0.00023604833736279307,-0.0025203602872578834
2022-01-03,0.1353166841897706,-0.006725578395943899,0.005790187519830292
2022-01-04,-0.041832696836128,-0.00011926477503498845,-0.00033490814676395697
2022-01-05,-0.05347121367683638,-0.0034452406024891857,-0.01920222595653076
2022-01-06,-0.02152337383085412,-0.0010727623937609732,-0.0009392573405998528
2022-01-07,-0.035446567451716815,-0.0027452671397234507,-0.003953677747650874
2022-01-10,0.03034195341380186,-0.0008375082941328715,-0.0012443524106809933
2022-01-11,0.005935024657598653,0.0020363383547798986,0.009108389797001015
2022-01-12,0.039289748931841784,-0.00035877035982789796,0.002703512196401636
2022-01-13,-0.06749107331435766,0.001673822282933335,-0.013778655331078027
2022-01-14,0.017497758575059086,-0.005490808374318812,0.0004090698494754186
2022-01-17,0.0,0.0,0.0
2022-01-18,-0.01819724123253097,-0.006242201164605166,-0.017709508248481387
2022-01-19,-0.0338278969185718,0.0024160970574940155,-0.010383683618866657
2022-01-20,0.0006227038828787723,0.00108426669585171,-0.011068037518161211
2022-01-21,-0.05256606712507206,0.003731291315605789,-0.019630742579859528
2022-01-24,-0.014726129872195681,-0.0015588711736217453,0.004246817336248876
2022-01-25,-0.012473124842489969,-0.0013206621931267648,-0.012208991397563818
2022-01-26,0.02069905258271132,-0.005532479000916579,-0.0025086911996725636
2022-01-27,-0.11554175561970448,0.0032652325174864494,-0.004938212233917438
2022-01-28,0.020805692766870276,0.0012055725641215709,0.024835665802626528
2022-01-31,0.10677611383930952,-0.0007223049572366858,0.018010992920900026
2022-02-01,-0.0058395266373975074,-0.0003984143924762318,0.0067568711026462225
2022-02-02,-0.02747919159891432,0.0014485372384906992,0.009714032186274535
2022-02-03,-0.016032495024879134,-0.0042192254907186255,-0.023504990981920937
2022-02-04,0.03611110968421327,-0.006174740032529824,0.004702240781139011
2022-02-07,-0.01730718642133755,0.0008527914742859632,-0.003209265786080273
2022-02-08,0.0161571905234128,-0.0032859468290395988,0.008227886450622668
2022-02-09,0.010845920427172029,0.0007326884585976412,0.014636032677304733
2022-02-10,-0.029452771017468238,-0.009151794254683931,-0.01796555979939718
2022-02-11,-0.04925102969626416,0.006527005995389912,-0.019718789419628235
2022-02-14,0.01832566437213501,-0.005628239284921066,-0.0032693772772016683
2022-02-15,0.053290764282768466,-0.0020921438906801315,0.016127059956442702
2022-02-16,0.0010407532409399955,0.001356383027144803,0.0011206843059212712
2022-02-17,-0.05094269900666093,0.002216684966135807,-0.021361271688410177
2022-02-18,-0.022103035296720752,0.0017200378540653816,-0.006475056622974318
2022-02-21,0.0,0.0,0.0
2022-02-22,-0.04136624223452856,-0.0006130922412457274,-0.01073180009874175
2022-02-23,-0.06997917599526948,-0.005031826269173312,-0.017738470775075954
2022-02-24,0.04807345500262783,0.0022202978117467076,0.015048954346894572
2022-02-25,0.011364031324829549,0.0008612868504256355,0.022064041552518843
2022-02-28,0.07477746853358713,0.007378135111972384,-0.0025586564831396874
2022-03-01,-0.006962143345558558,0.005245053856959503,-0.0152300932218844
2022-03-02,0.01795529711451649,-0.01228387127258923,0.018396318860423033
2022-03-03,-0.04614210448825773,0.004432687823814119,-0.004978637039353195
2022-03-04,-0.0011915196265851469,0.003555611593898389,-0.008124489965618431
2022-03-07,-0.04021280504200253,-0.0048865944193371424,-0.029479241303082993
2022-03-08,0.02463394210323222,-0.004664784174289394,-0.007581801000799526
2022-03-09,0.04193357517885765,-0.0027133328399158163,0.026810882653646173
2022-03-10,-0.024063755330148706,-0.005317990340812706,-0.004515641361019451
2022-03-11,-0.0512345859010529,-0.0007458920947082115,-0.012714919606867658
2022-03-14,-0.036436802368687404,-0.009207713261778716,-0.007308353486897512
2022-03-15,0.046348355546253384,0.001633207173696638,0.021990385511808874
2022-03-16,0.047812040425278646,0.0015044235183243604,0.022174239981673782
2022-03-17,0.037335010469022656,0.0008761987888894485,0.012511009131098483
2022-03-18,0.03876779427650434,0.0028765270296462475,0.010952753263629988
2022-03-21,0.017417963888751054,-0.010227157320739977,-0.00029237912825441636
2022-03-22,0.07905243778179138,-0.002519830002171264,0.011701408151013393
2022-03-23,0.005161136057840299,0.004547261602889652,-0.012878634073729467
2022-03-24,0.014823128420135223,-0.0012571620504565617,0.015074528359794837
2022-03-25,-0.003234937980317265,-0.008813941228599242,0.004883514451210491
2022-03-28,0.0803450783611821,0.002921803985652227,0.007113048714760373
2022-03-29,0.007079858095940583,0.004432931237611459,0.0123708002019014
2022-03-30,-0.00507475414515135,0.0022701097010091598,-0.006174796666953308
2022-03-31,-0.014981813142339484,0.0007551348020911064,-0.015391268899371813
2022-04-01,0.006486599368272561,-0.0021680797089282944,0.002834187598878657
2022-04-04,0.05611341298759176,0.0007579527125791685,0.008566587022789118
2022-04-05,-0.047308971544201106,-0.010097581421480872,-0.012631427310519805
2022-04-06,-0.041694894294368345,-0.0030601968492082188,-0.009999140728369937
2022-04-07,0.010996816105212748,-0.0020461354591457814,0.005038866170117506
2022-04-08,-0.03004944796541842,-0.0053820765510012025,-0.0026740029805267795
2022-04-11,-0.048328086073804455,-0.004638903907925429,-0.017092141975162733
2022-04-12,0.011291813566499442,0.00323627567053264,-0.0037054193448580186
2022-04-13,0.03588835603591267,0.0011617072363823144,0.011453549692674203
2022-04-14,-0.03655231880843268,-0.006831157919897746,-0.012451723887005883
2022-04-15,0.0,0.0,0.0
2022-04-18,0.019583733431163042,-0.0032443671188522316,0.000411259458214408
2022-04-19,0.023758093445249484,-0.006248915333937455,0.0161426047459865
2022-04-20,-0.04955503671370076,0.0062882098247343254,-0.0007416205978291179
2022-04-21,0.03231684066245499,-0.005337486137953595,-0.014953639263232898
2022-04-22,-0.003697576672395231,-0.0013088668824636773,-0.0274388009959885
2022-04-25,-0.006994645387893739,0.006290454732364115,0.005797298383763527
2022-04-26,-0.12184121881948873,0.0026051172646393006,-0.02896067335824759
2022-04-27,0.005807678470473254,-0.003117501009931911,0.002811835432573906
2022-04-28,-0.004537702888526063,-0.0003909203672216588,0.025259454895179445
2022-04-29,-0.007692220213591394,-0.006778715692005721,-0.0369558518268589
2022-05-02,0.03695628471433299,-0.005115698135888969,0.006019448746863443
2022-05-03,0.006988279761963367,0.002379166408470912,0.004584201579783009
2022-05-04,0.04769864576468552,0.006461487632436036,0.03045280675054074
2022-05-05,-0.08328615317548016,-0.00995708760391012,-0.03554283563998406
2022-05-06,-0.008737180698190294,-0.004234538256862819,-0.0059687924705978945
2022-05-09,-0.09072948807249681,0.004518286910874636,-0.032017384943130556
2022-05-10,0.016427173986372612,0.0029105748411011323,0.002310425071201605
2022-05-11,-0.08254582843646041,0.003429342391990886,-0.015886029146293668
2022-05-12,-0.008174386751047313,0.0019724821823385863,-0.0010437742339097777
2022-05-13,0.05712909369145702,-0.0036740462891543535,0.023907697758459134
2022-05-16,-0.05875856161837267,0.0015801865661628778,-0.0040576124768321176
2022-05-17,0.05141017778952928,-0.005915726328183379,0.020570483024910047
2022-05-18,-0.06801379812405906,0.004231724515955992,-0.0403114979025343
2022-05-19,-0.0005494634476534976,0.002107344240230846,-0.006124617134482535
2022-05-20,-0.06416505716141863,0.0030227383958243426,0.0004365290047758652
2022-05-23,0.01656871415985961,-0.003537659671256743,0.01870997495799842
2022-05-24,-0.06925464690507588,0.00815256110220064,-0.007633836443210806
2022-05-25,0.04877737911795821,0.004043035620291402,0.008834971925135715
2022-05-26,0.07427138936829314,-0.0010391879864709574,0.01998138582297071
2022-05-27,0.07333306253742577,0.0028607678790975033,0.02454909632786806
2022-05-30,0.0,0.0,0.0
2022-05-31,-0.001803563389055185,-0.005705102504761306,-0.005611114820168184
2022-06-01,-0.02359349020027357,-0.004468592723777531,-0.008088471192722158
2022-06-02,0.04677398003874078,0.0009185418202328766,0.019043436363470834
2022-06-03,-0.09219359988526965,-0.0014422596659535714,-0.016411401740064724
2022-06-06,0.0160472016783606,-0.005909662656615189,0.003044831155079697
2022-06-07,0.0025460558898939833,0.003434641071982325,0.009592337189768152
2022-06-08,0.012474516432601446,-0.0040812321068876,-0.010872360335515308
2022-06-09,-0.008930555308462429,-0.0013216349314423281,-0.023782773366391008
2022-06-10,-0.031190911234383223,-0.008471391146650298,-0.028995697281888777
2022-06-13,-0.07102153990705962,-0.0161527248706983,-0.037968086915460386
2022-06-14,0.023887157055640484,-0.0054275832498171805,-0.003013319189870467
2022-06-15,0.05482367080362738,0.011459913990686132,0.014256177978213769
2022-06-16,-0.08540769912654234,0.002158474324790882,-0.03309600536176205
2022-06-17,0.017174980283869212,0.0005378184242883499,0.002155887215966823
2022-06-20,0.0,0.0,0.0
2022-06-21,0.0935443480214786,-0.004572998616125701,0.025173565218121974
2022-06-22,-0.004007805884153504,0.008243219999587659,-0.001813079100965509
2022-06-23,-0.004306310889948484,0.004824412365113551,0.009802508535495802
2022-06-24,0.04524889345059324,-0.0018670949770053236,0.03179403472199582
2022-06-27,-0.0032016505127857586,-0.004810460641539116,-0.0038198549540429116
2022-06-28,-0.0500435578248114,0.0005365906324954484,-0.020432575426683086
2022-06-29,-0.01793718238090891,0.005771530125138868,-0.0008144626216677331
2022-06-30,-0.017579227799377373,0.004269482445996786,-0.00812448996706483
2022-07-01,0.012429131666979787,0.007975254154689582,0.010576482963944978
2022-07-04,0.0,0.0,0.0
2022-07-05,0.025535704813974602,0.0017167042640653385,0.001888568336177343
2022-07-06,-0.005720802000385383,-0.006065529858950258,0.003377470850826958
2022-07-07,0.055279044880592876,-0.002785314460313937,0.014976997802056857
2022-07-08,0.02543516968760029,-0.003326152660464432,-0.0008224395087097491
2022-07-11,-0.06548005948146851,0.0037370895403394666,-0.011423604244941044
2022-07-12,-0.005433611636988744,0.0017286908120683897,-0.008848861249822315
2022-07-13,0.017033448479672808,0.003186536489439229,-0.005251772958994927
2022-07-14,0.005371861218914864,-0.0031764147280028965,-0.002428414315699734
2022-07-15,0.0073572315408600986,0.003584882093583097,0.01910497107696818
2022-07-18,0.001999426810217919,-0.0030425050838298606,-0.008257016293598207
2022-07-19,0.020716718219316865,-0.0007961539045261423,0.02701946749866435
2022-07-20,0.008023464466653252,-0.0009293769451478306,0.006372897661368615
2022-07-21,0.09780470722853529,0.008240032939099029,0.010183188033628499
2022-07-22,0.0019752262198982073,0.008173369951675502,-0.009277905950544452
2022-07-25,-0.013994935471540293,-0.0036615355688491835,0.0012149361358109179
2022-07-26,-0.0356637312112531,0.00026287025879789816,-0.011831111432779595
2022-07-27,0.061655036992220635,0.0027551809012038575,0.025966396206756004
2022-07-28,0.02212352234272652,0.006934124634422778,0.012542450649684955
2022-07-29,0.05784976985791013,-0.000779370180831962,0.014578859966935642
2022-08-01,0.00042631152414229767,0.004338977530838228,-0.0029614450925506963
2022-08-02,0.011134400598203698,-0.010119516845798482,-0.006597227203072542
2022-08-03,0.02265568716125621,0.004980538741454765,0.015659283007549263
2022-08-04,0.004023022853486102,0.0024777600467096317,-0.0006754847483935178
2022-08-05,-0.0663030068235908,-0.011318160790217746,-0.0016902399468030627
2022-08-08,0.007819434052879659,0.004474011677561229,-0.0011607737923967631
2022-08-09,-0.024412625864385085,-0.0022268171525074987,-0.003971006095735863
2022-08-10,0.03890581776676605,0.0027566878952181018,0.02100394261837102
2022-08-11,-0.026249292544206493,-0.005629926241650596,0.0
2022-08-12,0.046750143628413676,0.004608619391936575,0.016928948967857904
2022-08-15,0.03096359891583922,0.0010483509256571377,0.004120693420994304
2022-08-16,-0.008912075793144236,-0.00130920676903723,0.001958886750762945
2022-08-17,-0.008372333511224461,-0.0058991536725874205,-0.007097915989561221
2022-08-18,-0.0037062197211366055,0.001846296365260347,0.002906224622888587
2022-08-19,-0.020481852686155544,-0.006318444733635076,-0.013438010187776794
2022-08-22,-0.022764022407583906,-0.004503895526815738,-0.020822564188151205
2022-08-23,0.0225584954757323,-0.00039907620825063717,-0.0024192196331611626
2022-08-24,0.002170125887066332,-0.002529329643089828,0.003201244586735763
2022-08-25,-0.003455684406709514,0.005471620087541318,0.014117556529293473
2022-08-26,-0.026953121859416895,-0.0019905768879121544,-0.03384923081033531
2022-08-29,-0.01135058160727187,-0.004522206518055127,-0.006612066648304382
2022-08-30,-0.0249982267189629,0.0008018101276463518,-0.010977655513074724
2022-08-31,-0.007526203685978228,-0.004138526394478204,-0.007609189186841836
2022-09-01,0.005623955563764049,-0.0054266740289510285,0.0031379851223054533
2022-09-02,-0.02507581222110289,0.0025661793023792345,-0.010544634874749992
2022-09-05,0.0,0.0,0.0
2022-09-06,0.015580556255471167,-0.009025911242590556,-0.0037731021269359344
2022-09-07,0.03381677109982606,0.0072049866201922,0.01796515884240235
2022-09-08,0.01959815762903916,-0.0031044587417282665,0.00653596349811103
2022-09-09,0.03602289482946186,-0.0004064727627298703,0.015535262660308469
2022-09-12,0.01581694096302666,-0.001218870001005845,0.010747762664738758
2022-09-13,-0.04037188096320543,-0.005017915651299276,-0.043482465333920306
2022-09-14,0.03587437200418364,0.0012269789676424558,0.003815763136741479
2022-09-15,0.003767273730617582,-0.0029950104147913326,-0.011353215215876178
2022-09-16,-0.0013168523341049454,-0.0010920899148572083,-0.007628994002501055
2022-09-19,0.018856110452001085,-0.0006836243917744955,0.007754976139330294
2022-09-20,-0.0011000625419275156,-0.004923611673312123,-0.011478473255775445
2022-09-21,-0.025685948599634356,0.002749083521087492,-0.0174439184887617
2022-09-22,-0.040591728559117746,-0.010281064611103452,-0.008399748736010793
2022-09-23,-0.04594757245188685,-0.0027700255920990458,-0.016754734425020734
2022-09-26,0.0024698479153155706,-0.01277764262001957,-0.009892618401374453
2022-09-27,0.02510775852537339,-0.00436186046999254,-0.0025530394984440985
2022-09-28,0.017212112374233923,0.015543900350172501,0.019676501699361415
2022-09-29,-0.06810050474193607,-0.005148594761376302,-0.02088909508447323
2022-09-30,-0.011036096899372572,-0.002377675356477593,-0.015463561805061254
2022-10-03,-0.08614516909902215,0.008373909791324463,0.026401579671286424
2022-10-04,0.029042940273044104,0.0025081793894865534,0.030986507055998702
2022-10-05,-0.034597517632881325,-0.005281711890685048,-0.0023282109093117898
2022-10-06,-0.011129075632041241,-0.0037724247454106186,-0.010315921555997365
2022-10-07,-0.06324275500689214,-0.00518889526666666,-0.027893970370027277
2022-10-10,-0.0004931214719139376,-0.004511843347796418,-0.007635299023058373
2022-10-11,-0.02897383620084637,0.0002831169689465618,-0.006332994931052771
2022-10-12,0.003418039229395209,0.0011324498647256043,-0.0032984301922170944
2022-10-13,0.020622332969329804,-0.0035352880026537914,0.02639104467652653
2022-10-14,-0.07545550981161053,-0.004825539673937063,-0.02278869334036082
2022-10-17,0.07005219876844393,0.00213931282125035,0.02569692715048233
2022-10-18,0.003829479437051919,0.0022769285370645154,0.011749717625089362
2022-10-19,0.008401793106927569,-0.008235077255840717,-0.007086463482365635
2022-10-20,-0.0664744863679374,-0.006728942848065578,-0.008385327278408017
2022-10-21,0.03454266549727758,0.0017295567074708806,0.024301443685377677
2022-10-24,-0.014875967194030837,-0.0014387472673393908,0.012236517165378213
2022-10-25,0.05287573097725584,0.009509943162138379,0.015968595664807017
2022-10-26,0.009981122376490958,0.003996950928107257,-0.0075340481740275855
2022-10-27,0.00200319154854367,0.005259773299250758,-0.0053400580239998385
2022-10-28,0.015238384603380561,-0.0019799232482852203,0.02379072068978627
2022-10-31,-0.004288512900427199,-0.003116779622425847,-0.007223370441635013
2022-11-01,0.0012306146011606955,0.0010400082126693633,-0.004375730107265996
2022-11-02,-0.05636033352596026,-0.0015655216535510608,-0.02509651612976005
2022-11-03,0.0015350350619269815,-0.0038494096036317815,-0.010296787711576605
2022-11-04,-0.03641259777431871,0.00028669299719252805,0.014393279628887923
2022-11-07,-0.05007952633400592,-0.0038631772728531244,0.009565466830898872
2022-11-08,-0.02932818513088775,0.0044522569182408045,0.005395509081030037
2022-11-09,-0.07166757185130745,0.001430223421356347,-0.020602096310596507
2022-11-10,0.07393437216942544,0.02070210834110675,0.05495408352589681
2022-11-11,0.027527264924482875,0.0,0.009678790440074359
2022-11-14,-0.02561618738169713,-0.003217142859869182,-0.008506954156515811
2022-11-15,0.018172303095892017,0.007016795880397275,0.008529172057584189
2022-11-16,-0.03857627852399581,0.005713040416680304,-0.007628920106030113
2022-11-17,-0.020062058831236462,-0.004156792188037994,-0.003059703659256563
2022-11-18,-0.016269016527425406,-0.0016696810224670067,0.004540379322501842
2022-11-21,-0.06837231343190053,0.0,-0.003636099491464706
2022-11-22,0.012152311933396831,0.005156585377853906,0.013457022782227046
2022-11-23,0.07821783885404354,0.006101179339060847,0.006301495282232672
2022-11-24,0.0,0.0,0.0
2022-11-25,-0.0018558752377418886,0.0,-0.00022357334882050495
2022-11-28,0.0003281065208000644,-0.0012402643829068083,-0.015957004071831538
2022-11-29,-0.011425739989130657,-0.003726001956483427,-0.0017177038368604292
2022-11-30,0.07670184691003823,0.007756114584951179,0.03150082526773379
2022-12-01,0.0,0.008334302129351157,-0.000735994109543725
2022-12-02,0.0008217959148295595,0.0040985378503410885,-0.0011536561843087378
2022-12-05,-0.06368676805520912,-0.007891488531257318,-0.017989245970962076
2022-12-06,-0.01441485156488942,0.003291747611837925,-0.014414819958416647
2022-12-07,-0.032143331123685615,0.008747294125308391,-0.001701185720049292
2022-12-08,-0.003447430865732959,-0.0028455602274511937,0.007833825014262885
2022-12-09,0.0323454827685834,-0.005842507446922385,-0.0074702129183733534
2022-12-12,-0.0627198857086465,0.0,0.014417250551446825
2022-12-13,-0.04093677795344208,0.006833660005500342,0.007569760672770931
2022-12-14,-0.025784367661833008,0.0024436048976046454,-0.006393374883129299
2022-12-15,0.005548438139381551,0.0005416356012553081,-0.0244617703040112
2022-12-16,-0.047187179094365206,-0.002571289990935033,-0.011806081074720698
2022-12-19,-0.00239632976495896,-0.00597092536412569,-0.008479669079942909
2022-12-20,-0.08053641461716088,-0.006553486379259454,0.001368236593821015
2022-12-21,-0.0016690545895901021,0.0023367053658527315,0.01495278450060189
2022-12-22,-0.08882756559936855,-0.0001372837620369216,-0.014266266264291505
2022-12-23,-0.017550833466474902,-0.003133462571214829,0.005751987833427119
2022-12-26,0.0,0.0,0.0
2022-12-27,-0.1140885333144338,-0.007721072454389466,-0.003943312018947376
2022-12-28,0.03308891531476843,-0.0013894744538718307,-0.012427894339924195
2022-12-29,0.0808269069678893,0.003756989958173973,0.018000363442780776
2022-12-30,0.011164017515666869,-0.004159070137805809,-0.002634071978537933
2023-01-02,0.0,0.0,0.0
2023-01-03,-0.12242248574195735,0.005289842590144422,-0.0042098398281795735
2023-01-04,0.05124885285593783,0.005677101206733592,0.007720156940788314
2023-01-05,-0.029039097760312105,-0.0011012914699226606,-0.011413259377638485
2023-01-06,0.024651090365942707,0.011026694347856969,0.022932059804209093
2023-01-09,0.059349011404278285,0.0027265502560964716,-0.0005669160088164205
2023-01-10,-0.007681374256751861,-0.003943053577592059,0.007012955526363385
2023-01-11,0.036769060182475055,0.005323670993865548,0.012647546924553055
2023-01-12,0.0027592625752506095,0.007739414140247813,0.0036409225243632104
2023-01-13,-0.009388119582672827,-0.003367922842078097,0.0038795589256046537
2023-01-16,0.0,0.0,0.0
2023-01-17,0.07426473736900463,-0.0013522494500355364,-0.0018319424804318363
2023-01-18,-0.020609982513142944,0.00920567925607263,-0.015788009741999787
2023-01-19,-0.012501946153228194,-0.0020125365417638097,-0.007279845513619154
2023-01-20,0.0491468120625187,-0.004435550755062412,0.018628991203162526
2023-01-23,0.07742468874848996,-0.0024298475343722536,0.011998583448773026
2023-01-24,0.0009739087975544347,0.004465934883891798,-0.001073352404059813
2023-01-25,0.003752820129427681,0.0012125254115158413,0.0003749862364899048
2023-01-26,0.10967259156647335,-0.001883688731287858,0.0109901865291393
2023-01-27,0.11000180416824756,-0.00107865384549366,0.002297806553631432
2023-01-30,-0.06318150994943417,-0.002834609732526694,-0.012546787902407264
2023-01-31,0.03936155894904236,0.004602102360847793,0.01470342323025009
2023-02-01,0.047280928205116535,0.006428340182735415,0.010627626846832605
2023-02-02,0.03781489703913388,0.0006713047446291753,0.014557079953195107
2023-02-03,0.009082654784473565,-0.008851008552598683,-0.010629379983176479
2023-02-06,0.025160537355481072,-0.0062233552364765465,-0.006111096397244831
2023-02-07,0.010525791279409002,-0.0013617064445882177,0.01307865053648083
2023-02-08,0.022763049555982517,0.0017722166029174868,-0.010934806060025837
2023-02-09,0.029956849516678652,-0.004082646247097532,-0.008669219593196997
2023-02-10,-0.05030873801899527,-0.004236032518752375,0.0023335735040559413
2023-02-13,-0.011427700782035255,0.0027443927784054356,0.011739047826822446
2023-02-14,0.0750616556523096,-0.003421391827989728,-0.00046002556979307663
2023-02-15,0.02384709913101113,-0.002196859443321153,0.00324728106472838
2023-02-16,-0.05694553722096751,-0.0038536967998665794,-0.013768793352684217
2023-02-17,0.031033480898909227,0.002210330740068933,-0.002498385147415183
2023-02-20,0.0,0.0,0.0
2023-02-21,-0.05251789433835996,-0.008684668590964173,-0.020060761556377038
2023-02-22,0.017682553475729224,0.002225012908395385,-0.0013781106329142645
2023-02-23,0.006024129792842503,0.003607501488292586,0.0053193091015979466
2023-02-24,-0.025684180003413215,-0.00553011565257211,-0.010682246028338782
2023-02-27,0.0546017865369246,0.001668413401598734,0.003405717989218404
2023-02-28,-0.009247209573726933,0.0002774686305317964,-0.00369596252233495
2023-03-01,-0.014291975817664837,-0.005924033220735758,-0.003835858151282734
2023-03-02,-0.05853928157947319,-0.002098685865952854,0.00777725965661058
2023-03-03,0.03609219282314147,0.007710536177292893,0.016037808501885298
2023-03-06,-0.020122331071529054,-0.002365322364349165,0.0006927711529463032
2023-03-07,-0.03147407730028162,-0.0011154270225273155,-0.015328763528825062
2023-03-08,-0.03041929843714275,-0.0008377403255027671,0.0016320441189177082
2023-03-09,-0.04989011995084991,0.0033532987285369575,-0.01844983533455713
2023-03-10,0.0030071956856769777,0.011976495241331042,-0.014429227624238039
2023-03-13,0.005996271168666301,0.007980941811818187,-0.0014253416632649119
2023-03-14,0.050320947926932424,-0.006280016949391065,0.016529833199817157
2023-03-15,-0.015333393227232373,0.010303541047208764,-0.006254152990181283
2023-03-16,0.020393505108375454,-0.004758960040979532,0.017545340496048167
2023-03-17,-0.02172378153438792,0.0072413690810451126,-0.011692903941654453
2023-03-20,0.017320796272765726,-0.004340859522043661,0.00961570510021148
2023-03-21,0.07819919143822474,-0.002724592102481105,0.01313049066684524
2023-03-22,-0.03254381959196684,0.00887946253959071,-0.017046378457223788
2023-03-23,0.0055977366381618765,0.0023019976576204026,0.0027032343878836684
2023-03-24,-0.009416281069083654,0.0020268987809504146,0.006561893029922272
2023-03-27,0.007352522816861606,-0.010381893109111973,0.0018698652726827358
2023-03-28,-0.013659325116185062,-0.0017713531791646586,-0.002244388609701886
2023-03-29,0.024789906342217005,0.001092024416794235,0.014534640629679352
2023-03-30,0.007220929756684091,0.0013635702944154726,0.005855353094197824
2023-03-31,0.06237201971890638,0.005173683169904297,0.014094634102164383
2023-04-03,-0.061168427796826186,0.004249829560551088,0.0038104255356297134
2023-04-04,-0.011244043709844997,0.004056258698127646,-0.005548180248903134
2023-04-05,-0.036660076287605925,0.002693172299817359,-0.0026180729218823195
2023-04-06,-0.002479553165553039,-0.00026857122485113294,0.0039008718883963844
2023-04-07,0.0,0.0,0.0
2023-04-10,-0.0029720256079851515,-0.006717103243282896,0.0010263436182047503
2023-04-11,0.012357047570192181,0.0004063169810408773,0.00026854154684419207
2023-04-12,-0.03346003653646468,0.001081173085329512,-0.004075903523595992
2023-04-13,0.029688716127604264,-0.0005403441199964831,0.013282394918787022
2023-04-14,-0.004841279860318459,-0.004458768800005064,-0.0024425006121167048
2023-04-17,0.011026990735853115,-0.005428860538617575,0.003588222416728737
2023-04-18,-0.014595786064655836,0.0015012152092168662,0.0006522594022730921
2023-04-19,-0.020183393575926356,-0.0013627789115130406,-0.0001688950840841308
2023-04-20,-0.09745828230593856,0.00436642961417566,-0.00545710332962801
2023-04-21,0.012822849668400638,-0.001766157415262315,0.000776996958585574
2023-04-24,-0.015325895028073244,0.003946278136398806,0.0010431711420622047
2023-04-25,-0.011565701922588656,0.006507257906427366,-0.015873923463385897
2023-04-26,-0.04306963495243776,-0.003501754168526605,-0.004235571416622008
2023-04-27,0.041886194740853755,-0.004324777325961593,0.019908032901795547
2023-04-28,0.025719427270091355,0.005565035439079935,0.008535139062766595
2023-05-01,-0.015093395194377579,-0.010284109575826372,-0.001009788177920079
2023-05-02,-0.00939259874721976,0.009844429101156793,-0.011239159588530723
2023-05-03,0.0018713932775662467,0.004196773497042949,-0.006864027273203899
2023-05-04,0.003673471985857102,-0.0013482314705447473,-0.007082925133827023
2023-05-05,0.05496278398315546,-0.003644742221284969,0.01851263904503031
2023-05-08,0.010172855182730478,-0.004743206281686896,0.00026649943450296476
2023-05-09,-0.015367597024416146,-0.001089272752203163,-0.004385303173256916
2023-05-10,-0.0036062703657255835,0.006133826334101311,0.004672220709035058
2023-05-11,0.021003967520705658,0.003250982400941682,-0.0017439251422909363
2023-05-12,-0.023826162598143963,-0.005265741802820467,-0.001310247982502788
2023-05-15,-0.009703474612936969,-0.002579310105582433,0.0034500413284199727
2023-05-16,0.001021930644472091,-0.002449604963873697,-0.006682698588385327
2023-05-17,0.04407876621166107,-0.0017733314891236196,0.012138985576036099
2023-05-18,0.01742780840135616,-0.0041002008336665785,0.00963322807129785
2023-05-19,0.018373000232992265,-0.002744567308407775,-0.0014550813783380523
2023-05-22,0.04846228354123516,-0.00027498070102838224,0.0004062304893017732
2023-05-23,-0.01641335799687571,0.0006874672669074933,-0.011222950518834263
2023-05-24,-0.015449266889003499,-0.0027505239189542507,-0.007244811654143812
2023-05-25,0.008583965973816943,-0.003724132860993712,0.008659866718847997
2023-05-26,0.047162123329924865,0.0012459403643243494,0.012950773408182625
2023-05-29,0.0,0.0,0.0
2023-05-30,0.041362559242642094,0.0066369400259851385,0.00038093172783293383
2023-05-31,0.013770078361723614,0.0032967639540566473,-0.005545304732458067
2023-06-01,0.017604137329555458,0.0027042260394580797,0.00950107330611516
2023-06-02,0.031081326211682914,-0.0056127656585107655,0.014461171122733596
2023-06-05,0.017011727666879306,0.0001378299130390115,-0.001916205636425028
2023-06-06,0.017002881015874438,0.001376262473244294,0.0021773550630466154
2023-06-07,0.014730512862447087,-0.005635566471018927,-0.003457697440686136
2023-06-08,0.045820870777622646,0.004976310047148047,0.006048609831078133
2023-06-09,0.0406199151040636,-0.002062743670534939,0.001794357638095656
2023-06-12,0.02221770896144215,0.0020670073769186725,0.009071734101788298
2023-06-13,0.035544128242966044,-0.004401265696932666,0.006592957300520341
2023-06-14,-0.007421371317580694,0.0008289071852176644,0.0011909405946401996
2023-06-15,-0.0034659239799892383,0.006212060143058196,0.012397511802098693
2023-06-16,0.01813214052015355,-0.002195183343019602,-0.003406183121286488
2023-06-19,0.0,0.0,0.0
2023-06-20,0.05338912722001776,0.0013747485757331646,-0.005188113013360307
2023-06-21,-0.054618400747766804,0.0016481473166227723,-0.00512377938154851
2023-06-22,0.019848894111198723,-0.004798142491372004,0.0036096814749142503
2023-06-23,-0.030270888067223778,0.0028920955010589555,-0.007560097767601248
2023-06-26,-0.060600166336257755,0.0012367671443520578,-0.0040855282834642015
2023-06-27,0.03800042956291749,-0.0019207806520026294,0.010963268707990359
2023-06-28,0.0240996896954786,0.0031615175560857356,0.0005043174733758704
2023-06-29,0.004917303362650394,-0.007535445359606041,0.003941383384699959
2023-06-30,0.016582481606492783,0.0034508615694266442,0.011800816424696103
2023-07-03,0.06895373445427366,-0.002841219110249704,0.0011504027155873064
2023-07-04,0.0,0.0,0.0
2023-07-05,0.009506123909958086,-0.00414926382871994,-0.0014871167550309927
2023-07-06,-0.021028045208104085,-0.006389053748833806,-0.007830705558474094
2023-07-07,-0.007630056425625198,-0.0005589643691489288,-0.00252457674674611
2023-07-10,-0.01756370459810941,0.0034968556607990475,0.002530966365579479
2023-07-11,0.000667717084456676,0.00209047576304755,0.006368561257859229
2023-07-12,0.008154422401772665,0.00792753865791851,0.008045880912900927
2023-07-13,0.02172875427149612,0.0060715486425027,0.00793708375788671
2023-07-14,0.012522529912772917,-0.004663353186225128,-0.0006229576287182237
2023-07-17,0.03198521516746822,0.0011022919812868626,0.003471955569067875
2023-07-18,0.010193509901870401,0.001239000873932028,0.00743071727504252
2023-07-19,-0.007090702250741598,0.002337068388312824,0.002223824174214073
2023-07-20,-0.09737009860008494,-0.004663353186225128,-0.006634379992155881
2023-07-21,-0.010954754468143868,0.0006891053697317684,0.0
2023-07-24,0.03476659075024635,-0.0016525297134010186,0.004467069637856147
2023-07-25,-0.014048906614123058,-0.0011033562380120543,0.002730203578630519
2023-07-26,-0.0035057022016762307,0.003313955919096667,0.00015372874182983942
2023-07-27,-0.032683938680391544,-0.008532871475227743,-0.00663000294751348
2023-07-28,0.04196157931177735,0.0034701787428244035,0.009790390356597012
2023-07-31,0.00371562162326855,0.001798451693221903,0.0019040063576296617
2023-08-01,-0.023781870118334214,-0.006188922974720623,-0.002861594762114894
2023-08-02,-0.02665954157355066,-0.0032042033495383038,-0.01391085009308668
2023-08-03,0.020502958173047814,-0.006149667001850823,-0.0028657709805249842
2023-08-04,-0.02105509239416581,0.00829713722371661,-0.004522845931969499
2023-08-07,-0.009493435973824349,-0.001534200382834583,0.008728542620685564
2023-08-08,-0.006959634206558429,0.0036317155218319463,-0.004348808791326153
2023-08-09,-0.03007606967809695,0.0002787537189414824,-0.006685151335738326
2023-08-10,0.013006292021680244,-0.005565860340012607,0.0003590993223485661
2023-08-11,-0.01096438608281991,-0.003218101294558684,-0.0005831855995767077
2023-08-14,-0.011910156448968756,-0.0012634345302628969,0.005520057474437845
2023-08-15,-0.028361644764614224,-0.0022491556580087613,-0.011648991312601109
2023-08-16,-0.03159340830287438,-0.0028171946757311606,-0.007338141903328044
2023-08-17,-0.028280162722535862,-0.0009887743299054064,-0.007619801191104614
2023-08-18,-0.017014851321818125,0.00212116883562663,0.000481284538611515
2023-08-21,0.073274828918382,-0.00479751540044937,0.006506270905756173
2023-08-22,0.008258403978685713,0.0012760350354348304,-0.002708584921804147
2023-08-23,0.01573823118710882,0.00906284351100406,0.011137761206008623
2023-08-24,-0.02879341090367582,-0.0023856874672157913,-0.013859066689179467
2023-08-25,0.037167463490241914,0.0,0.0070497466304602074
2023-08-28,0.0009640428763089126,0.00182862914652282,0.006341443012380932
2023-08-29,0.07687791972402569,0.0061782786345219165,0.014454709615564498
2023-08-30,-0.0010887269121663268,-0.0004189480457860162,0.004118914667317952
2023-08-31,0.004593198535678855,0.0016753299914462616,-0.0014633798723437952
2023-09-01,-0.05064318329763218,-0.004807616849957674,0.001865104858536304
2023-09-04,0.0,0.0,0.0
2023-09-05,0.046855214011356505,-0.005476752976256161,-0.004321904280498168
2023-09-06,-0.017817428513501543,-0.0011297858199545985,-0.006722467457818904
2023-09-07,-0.0017068620153485314,0.0033927206444406277,-0.003070172124675863
2023-09-08,-0.01188916230408743,0.0002818684184309195,0.0015059559313987947
2023-09-11,0.10092549928477124,-0.001549077858708281,0.006576749299324058
2023-09-12,-0.022296863386701782,0.0007050373794201814,-0.005485591329067008
2023-09-13,0.014281354305895722,0.0015507399435852331,0.0011659501027332375
2023-09-14,0.017471511114000693,-0.0016889585781884042,0.008622484893926696
2023-09-15,-0.005977372284481253,-0.001973883052530989,-0.01204836473385118
2023-09-18,-0.033200974462619715,0.0009890110019248333,0.0005864479187365212
2023-09-19,0.004598918977371191,-0.0021170643984153026,-0.0020739779432024097
2023-09-20,-0.014671683535119606,-0.0012729570509938393,-0.009193249956878202
2023-09-21,-0.026238620989897266,-0.006230479319652482,-0.016528318650521845
2023-09-22,-0.042315182614647506,0.004132556157209866,-0.0022485521756469007
2023-09-25,0.008616467528091087,-0.00737901789224138,0.00420508353777338
2023-09-26,-0.011619945391094011,-0.0010006495778457358,-0.01469117627188632
2023-09-27,-0.014828753029631048,-0.003577625758857894,0.00039908348667294646
2023-09-28,0.02444908475181906,0.0025849838917146872,0.005797483394306857
2023-09-29,0.015585665483353939,-0.00042953115146526777,-0.002426863453558359
2023-10-02,0.005515166158101437,-0.006869192779988986,-0.00039788355622250027
2023-10-03,-0.020151062008054166,-0.008103190642944624,-0.013385950993594853
2023-10-04,0.05934371052307452,0.006564519909008526,0.007281997368277615
2023-10-05,-0.00425032873937603,0.000724761137220975,-0.0003767914507379899
2023-10-06,0.001845841218459432,-0.0039101307890390125,0.01187273879671391
2023-10-09,-0.003300907210654902,0.010177480663287275,0.006402199626290406
2023-10-10,0.015211543440507347,-0.0010076316244929107,0.005204854106252155
2023-10-11,-0.002389822071472425,0.004610509672006602,0.004096425101001611
2023-10-12,-0.015665976919941982,-0.00860477179657404,-0.006096541210626638
2023-10-13,-0.02993780718577166,0.004629003485583372,-0.004980900502325691
2023-10-16,0.01115006015531006,-0.00518391756380121,0.010521471064535604
2023-10-17,0.0036626021631882555,-0.00651309288789681,-4.5941728749832045e-05
2023-10-18,-0.04775363208267347,-0.004370406714327424,-0.01332508168533808
2023-10-19,-0.09300310180733784,-0.004389833799474441,-0.008786204118095275
2023-10-20,-0.036890623300491754,0.0036745683644134886,-0.012288109884504128
2023-10-23,0.0004245310418349302,0.003806772753609522,-0.0017333111677839685
2023-10-24,0.02093550737020089,0.0033553873205920404,0.007539340535655414
2023-10-25,-0.018935922882932887,-0.00756039352981519,-0.014352073589537051
2023-10-26,-0.031352997455599385,0.0067391020323832596,-0.011974705602927127
2023-10-27,0.00748448962886572,0.0,-0.004532675832127131
2023-10-30,-0.04794984223383958,-0.0024740825845482872,0.01195582424779329
2023-10-31,0.017632730628176496,-0.0002914807798469754,0.006280287512884453
2023-11-01,0.023999240251476817,0.0097031416226383,0.010664627271870009
2023-11-02,0.06248172039245192,0.005798116722580016,0.01916443813421065
2023-11-03,0.006635907937775798,0.005908629378695185,0.009123406161047232
2023-11-06,-0.0031369449915676917,-0.0042980788168349715,0.0023004641017301264
2023-11-07,0.013271256198382764,0.0050363087428519915,0.0028459187586402646
2023-11-08,-0.00031502415940676265,0.003148956961294358,0.0007323487670332085
2023-11-09,-0.054612601186257326,-0.007421299204265486,-0.0077986070638357274
2023-11-10,0.022240205086035525,0.0018694345254908207,0.015604804223986024
2023-11-13,0.04220830689495392,-0.000286913424082047,-0.0009532018918092522
2023-11-14,0.06123998273248876,0.01220224782874113,0.019400644595803707
2023-11-15,0.022871793909364557,-0.005531122034148406,0.0021171604118641607
2023-11-16,-0.038090924639652135,0.005989495998804273,0.0012231201762880062
2023-11-17,0.0030395424675642158,0.0014176636434120038,0.0012436636477388685
2023-11-20,0.005548455120893081,0.0014156567183507551,0.007697751864449431
2023-11-21,0.023769060694616817,0.0014141231781501507,-0.002179377339521449
2023-11-22,-0.028980059381488954,0.0008466452368469657,0.0038607208900307555
2023-11-23,0.0,0.0,0.0
2023-11-24,0.00529435207219775,-0.004795347821963114,0.0006153893714431202
2023-11-27,0.0026757481035388775,0.006093871933267492,-0.0018010343879227841
2023-11-28,0.04506946504203557,0.004225681475174881,0.0009901592047776298
2023-11-29,-0.010457205813430348,0.00519028893621698,-0.0007035102767853907
2023-11-30,-0.016629792613843564,-0.0032097800409579547,0.003937541108143261
2023-12-01,-0.005206597761023168,0.008157055687578296,0.005915893741904821
2023-12-04,-0.01360800559009756,-0.0040382919855789234,-0.005249295903725915
2023-12-05,0.013328802806870987,0.006431785591462402,-0.00019725226020217423
2023-12-06,0.002722829646282676,0.0029173458031657162,-0.004029649927471901
2023-12-07,0.01366087788429815,-0.00027718659490894026,0.0076304122545052255
2023-12-08,0.0049455858525417895,-0.004849710296268461,0.004299201452554691
2023-12-11,-0.01681426716823431,0.00013965186031561494,0.003889506547043675
2023-12-12,-0.011387381846063915,0.002923552545804453,0.0045669924101625625
2023-12-13,0.009619842336358264,0.012770374498957793,0.013790304853878554
2023-12-14,0.04914543063053567,0.0075384542336398574,0.0032092839532933404
2023-12-15,0.009758999874367902,-0.0014962531397753054,-0.001646406334014583
2023-12-18,-0.005601570686174839,-0.002043954287971994,0.005625136635543093
2023-12-19,0.0203903496997484,0.0019113276396622858,0.006080803646176358
2023-12-20,-0.03918825045959673,0.003270278921142955,-0.013857245040514887
2023-12-21,0.029780693649462897,-0.00013588280696019694,0.009481910240943803
2023-12-22,-0.007701401626197146,-0.0006675183744011548,0.002009624923821285
2023-12-25,0.0,0.0,0.0
2023-12-26,0.01611622781987765,0.0009542987109680823,0.0042225299355287405
2023-12-27,0.018822405072142834,0.006400877404515226,0.0018080763240817532
2023-12-28,-0.03159428430420175,-0.002435756450620108,0.00037781567674510796
2023-12-29,-0.018563856087399966,-0.0023061528013937904,-0.0028950336756772277
2024-01-01,0.0,0.0,0.0
2024-01-02,-0.0002414583049958896,-0.004214814650808418,-0.005596341284971551
2024-01-03,-0.04013364984377277,0.0008193103912947919,-0.008166714701105415
2024-01-04,-0.0021807686270334248,-0.004502181580472775,-0.003221125492079313
2024-01-05,-0.001849229589212631,-0.003014803170480085,0.0013697900395892582
2024-01-08,0.012463646412957496,0.004398521141831591,0.014275972097395062
2024-01-09,-0.02283214932024613,-0.00013664431282767175,-0.0015170809317607281
2024-01-10,-0.004341182513256769,-0.0017795457160205697,0.005655330884172471
2024-01-11,-0.028725319101363445,0.0052105711757661766,-0.0004405746552900158
2024-01-12,-0.036660513098772496,0.0020459834126917986,0.0006927305439681231
2024-01-15,0.0,0.0,0.0
2024-01-16,0.004659894354722027,-0.007078641156165744,-0.0036712526764698383
2024-01-17,-0.019826295019533036,-0.0023307016438043338,-0.005558677730028827
2024-01-18,-0.017026203279914,-0.00137422377096319,0.008892746932739337
2024-01-19,0.0014630807600990448,0.0,0.012466209606660783
2024-01-22,-0.015976244642273096,0.0016513604681891447,0.002114359233380547
2024-01-23,0.0016283349277841364,-0.0023353915602751796,0.002916521179126219
2024-01-24,-0.006263735117226887,-0.002065536559872516,0.0010930948114631356
2024-01-25,-0.12125293136804816,0.004691520524082948,0.0054389542281536585
2024-01-26,0.0033948152034783963,-0.0015110528142158186,-0.0012705393339510485
2024-01-29,0.04190991910385411,0.003989188847964842,0.007919470519422322
2024-01-30,0.0034567835721344142,0.0017811400626031038,-0.0007735408789173448
2024-01-31,-0.02244377647032403,0.004239488170465933,-0.016317262226129392
2024-02-01,0.008382761388752824,0.006036860263676003,0.013088158589899868
2024-02-02,-0.0050301649114266045,-0.008960204959915008,0.010527389725905945
2024-02-05,-0.03645365318513305,-0.007944892405472803,-0.003641115410181639
2024-02-06,0.0223130928940527,0.004694567202281563,0.0029032712530114857
2024-02-07,0.01339813963135228,-0.0019240776605577992,0.008340340803952184
2024-02-08,0.010555473441792307,-0.002616419310075724,0.0004416755090710378
2024-02-09,0.021154303741671487,-0.0008283455405605489,0.005779472605553337
2024-02-12,-0.028103539988478476,0.00027626854344942053,-0.000438881260843349
2024-02-13,-0.021846598116614713,-0.008702774440549232,-0.013773089772335712
2024-02-14,0.025486372853585015,0.0037624720525912814,0.009087667317702719
2024-02-15,0.06221180550417671,0.0027768647432333537,0.006899699140952897
2024-02-16,-0.0024943876658132247,-0.003184381080278076,-0.004979936480471903
2024-02-19,0.0,0.0,0.0
2024-02-20,-0.030957752117438453,0.0012499387787412441,-0.005505452833027169
2024-02-21,0.00521268473502845,-0.002774212101921525,0.0009058784143716192
2024-02-22,0.013554445406056326,0.0004173978353489982,0.020695399434599526
2024-02-23,-0.027556873210526134,0.0036148743722259624,0.0006897095252564878
2024-02-26,0.03870392576202142,-0.0018006998290533982,-0.0036625532242956504
2024-02-27,0.0016549741281637331,-0.001527021832792741,0.001857754668721734
2024-02-28,0.01156560160219966,0.0022239288543397517,-0.001321563564598005
2024-02-29,-0.0007918650199801869,0.001664501396866358,0.003594804125611528
2024-03-01,0.003764585340074067,0.004193173735268729,0.009388434883555119
2024-03-04,-0.07155546804023882,-0.002350231806085956,-0.0010724617815061066
2024-03-05,-0.03933237971984138,0.005405209961373059,-0.009994161907803556
2024-03-06,-0.02323786698783792,0.001792275717798164,0.005067165016096942
2024-03-07,0.011951969472048907,0.0016511022446641377,0.009926493142550008
2024-03-08,-0.018527834714126334,0.0009618174968994975,-0.006002189119436174
2024-03-11,0.013858834181150304,-0.0004118114112504623,-0.0008597784938286779
2024-03-12,-0.0012938683737420131,-0.003020745363472521,0.010757182750145367
2024-03-13,-0.04539820808488959,-0.001652804694122989,-0.0015673522125619899
2024-03-14,-0.04118477639544138,-0.005931518476852693,-0.0019768572485058256
2024-03-15,0.006584660456730784,-0.0005552911312073361,-0.006866663379244686
2024-03-18,0.06254200201423088,-0.0012493895273610889,0.005943291720813315
2024-03-19,-0.014269250195585559,0.0026409501554054415,0.005557072862824031
2024-03-20,0.025332688257929448,0.0018030538182252087,0.009249413595870948
2024-03-21,-0.016167575308454918,0.0008300104993554935,0.0033043925456381906
2024-03-22,-0.01151490226146512,0.0033194374090226297,-0.0018955231302955067
2024-03-25,0.010536808713131895,-0.0019298852326412597,-0.002762822863165204
2024-03-26,0.029195349264770964,0.0008287413555601031,-0.00184710475805816
2024-03-27,0.012157391142962881,0.0034496654095379498,0.00840372693238467
2024-03-28,-0.022465709302040393,-0.0012379250855150126,-0.00019104216060938928
2024-03-29,0.0,0.0,0.0
2024-04-01,-0.003242460249155976,-0.006821305596224736,-0.0017397932941282113
2024-04-02,-0.049024062767074494,-0.0011129490837981093,-0.006358079910376846
2024-04-03,0.01050231020055925,0.0006961837689078987,0.0010985566925072465
2024-04-04,0.016213301154368365,0.0020865312181228557,-0.012206028811305725
2024-04-05,-0.036292482565110196,-0.004997270645672569,0.010446804601187631
2024-04-08,0.04899940648952894,-0.0008367391742034602,0.0005593040936537896
2024-04-09,0.02254601255405486,0.003630272336454965,0.0011568075884846873
2024-04-10,-0.028946236061948905,-0.011686174439943131,-0.010013180940996791
2024-04-11,0.01653476762638495,0.0,0.0075471116904859414
2024-04-12,-0.020332204625772565,0.002251864760944855,-0.013803244188484665
2024-04-15,-0.05594859487563397,-0.006601164239059654,-0.012528093329782442
2024-04-16,-0.027062145360474688,-0.0025449710107086077,-0.0018237875514618418
2024-04-17,-0.010565868854054306,0.004819663923700812,-0.005918280794841357
2024-04-18,-0.03550983840996058,-0.002680581860859288,-0.002057665454663238
2024-04-19,-0.0192088959161848,0.001273313862468095,-0.008728440864650855
2024-04-22,-0.03400203941675628,0.00042374462631000753,0.009209247073284965
2024-04-23,0.018514534090260826,0.001835640836561403,0.011866604431172156
2024-04-24,0.12061109407252757,-0.002537194002256382,-0.000474547760053845
2024-04-25,0.04965143743002587,-0.0028258016067678193,-0.0037989863777079247
2024-04-26,-0.011105884774887609,0.0022669781888993157,0.009473902357760577
2024-04-29,0.1530691710339953,0.002969190484342299,0.003541352851256452
2024-04-30,-0.05550118063944742,-0.0038059829122699673,-0.015841162366123096
2024-05-01,-0.017950640048260635,0.003604888110595672,-0.003247126074506168
2024-05-02,0.0001110562423569661,0.003960042963023103,0.009353415022362421
2024-05-03,0.006555235656792835,0.005070942816345569,0.01239536499449212
2024-05-06,0.019703030064167848,0.0009815007334197379,0.0103267771169131
2024-05-07,-0.03761635178001177,0.0019600523105534062,0.0011034444800377408
2024-05-08,-0.017378079862311324,-0.0023759512296138707,9.66951479290934e-05
2024-05-09,-0.01573946875450305,0.0026617188331752306,0.005761786444940409
2024-05-10,-0.02035238689978358,-0.002794222041682004,0.001288251464288459
2024-05-13,0.020300339194899042,0.0008407863008887961,0.0001341361791671325
2024-05-14,0.03292805679333921,0.002939540298862786,0.004588206588452826
2024-05-15,-0.02005067585133169,0.006420147844129698,0.012382841505157227
2024-05-16,0.004885285464054867,-0.0016643234171341836,-0.002057237332690587
2024-05-17,0.014985188920464187,-0.0025003082618233474,0.0014373739880122471
2024-05-20,-0.014144086952910362,-0.0009747604841088275,0.0011523233712613656
2024-05-21,0.06659050790792542,0.0020909076281812045,0.0024524412371011994
2024-05-22,-0.03478030697150003,-0.0012520626015470881,-0.0028793122506064472
2024-05-23,-0.03536724832380789,-0.0029248022186562084,-0.007304266739596721
2024-05-24,0.03165649721483632,0.001117419296233546,0.006616508410163702
2024-05-27,0.0,0.0,0.0
2024-05-28,-0.01389201861667555,-0.004743589496390976,0.0006988262568832226
2024-05-29,-0.0031683030189180172,-0.003645390190540776,-0.00700268261209569
2024-05-30,0.014756744473008343,0.004361924434943543,-0.00663377029895551
2024-05-31,-0.003971091681523098,0.0036424962527328297,0.009108445386640573
2024-06-03,-0.0100517100545634,0.005586601053369611,0.0008151869988137772
2024-06-04,-0.008622094682395387,0.003759413767508768,0.001117768922834328
2024-06-05,0.0013159908560766986,0.0027742919732367533,0.011885130270802957
2024-06-06,0.01680001395089281,0.00013822432967924847,-1.8541711854780374e-05
2024-06-07,-0.0025851787543875737,-0.008022068000782423,-0.0012159623542626896
2024-06-10,-0.020791089307163446,-0.0015339076645213279,0.0030899016121337386
2024-06-11,-0.018010183238054034,0.0040499657608310535,0.002408179219097528
2024-06-12,0.03884911216309472,0.004589976869212586,0.008213355888361473
2024-06-13,0.029217711832219218,0.004430217344986387,0.0020133465260645522
2024-06-14,-0.024442410719736185,0.0015160236393347848,0.0006083880074114756
2024-06-17,0.052974598199923895,-0.0037156175164698713,0.00795891438041485
2024-06-18,-0.013764414198944475,0.003453408152698678,0.0025406234208713574
2024-06-19,0.0,0.0,0.0
2024-06-20,-0.017797215597047833,-0.0019273779259445512,-0.002716408066422371
2024-06-21,0.00793075466503601,0.00027564785349576404,-0.0013408161276368125
2024-06-24,-0.0023495584322592578,0.0005519260251503066,-0.0032505628191039637
2024-06-25,0.026125557150967316,0.0005509514494836942,0.0038508959296206235
2024-06-26,0.04814512260377568,-0.004683355035170367,0.0012480604927769257
2024-06-27,0.0053470646120412635,0.0017995690948289234,0.0015764451725310824
2024-06-28,0.002330091774560339,-0.004697051538601449,-0.003935080387388323
2024-07-01,0.060541719385108106,-0.005276318944763214,0.002058108034341144
2024-07-02,0.10197271435359379,0.0029390220763616526,0.0067296453585163896
2024-07-03,0.06542422054051067,0.005721469038022509,0.00446270389910941
2024-07-04,0.0,0.0,0.0
2024-07-05,0.02082067005771515,0.004578892344351271,0.005766430596816363
2024-07-08,0.005645666924397386,0.0,0.0011540470757978039
2024-07-09,0.03712336538398886,-0.0004142235807486072,0.0009725173469941062
2024-07-10,0.003545241645880992,0.0008289021026985921,0.009895190039755253
2024-07-11,-0.08444127539962887,0.004970409000188081,-0.008622712218225304
2024-07-12,0.029871787680814776,0.002610210844700811,0.006307788682210491
2024-07-15,0.01776579679334911,-0.003151508656906943,0.002750065757857856
2024-07-16,0.015516142251486675,0.0038485602908535643,0.005929978265895919
2024-07-17,-0.031415644041518975,0.0009588109549378832,-0.014021057167003304
2024-07-18,0.002937608561525362,-0.002599251899980448,-0.007684973553924501
2024-07-19,-0.040243947162209914,-0.0026059148071853055,-0.006640624165367481
2024-07-22,0.05146320115237035,-0.000412622974478416,0.010310034623385755
2024-07-23,-0.020396762498772203,0.00013770891270081798,-0.0015683953490248648
2024-07-24,-0.12334604589403697,-0.0028889329951131693,-0.022662590984860342
2024-07-25,0.01972310939623889,0.002207193059846846,-0.005210554588298888
2024-07-26,-0.0020431189477511102,0.003991865917076121,0.011199914303213765
2024-07-29,0.055959976710561854,0.0012338032175247537,0.0005875484924420249
2024-07-30,-0.04084450985365373,0.0012326147063479453,-0.005066355590668814
2024-07-31,0.04244907202543402,0.005470106888454174,0.01625457652318274
2024-08-01,-0.06554059651757449,0.003738583753572833,-0.014160935010083309
2024-08-02,-0.042377581921705376,0.011417790974394437,-0.018618381942420825
2024-08-05,-0.04232673647438423,-0.0009410841692302219,-0.029123685760725992
2024-08-06,0.008849529684359148,-0.006187275768677392,0.009219581061362003
2024-08-07,-0.044258397676563366,-0.0024367453036969744,-0.006684121531949527
2024-08-08,0.036921162045623124,-0.0014927656765532094,0.02311732388021248
2024-08-09,0.005833854775063374,0.003533202261573498,0.004409572320675403
2024-08-12,-0.012549972534179665,0.0017604358804774733,0.0005255429376276322
2024-08-13,0.05235706137163754,0.003784801847991126,0.016445503706120856
2024-08-14,-0.0310349655555765,0.0018855367271837231,0.003154958620119608
2024-08-15,0.06336276788880446,-0.004167027532629541,0.017140195621797805
2024-08-16,0.009246267550119258,0.002159905872110901,0.0022419410753025115
2024-08-19,0.030538618603692225,0.0012117047861905927,0.009561454415638826
2024-08-20,-0.007273684933137958,0.0029596123856896472,-0.0016262385589680406
2024-08-21,0.009814554993405888,0.0021458580693780593,0.0034366489791337607
2024-08-22,-0.056478704568676985,-0.004014976338200582,-0.007848486746525829
2024-08-23,0.04585589810206048,0.004434320783512469,0.010625310346707773
2024-08-26,-0.0322712435275504,-0.001070094128630239,-0.0023837003542713786
2024-08-27,-0.018760845523390857,0.0,0.0013730160726774798
2024-08-28,-0.01653843794670573,-0.0006697545056874032,-0.005805154948376412
2024-08-29,0.002575935743848623,-0.0014743610778173988,8.938970873972885e-05
2024-08-30,0.03795812428442069,-0.002012822174511708,0.009546145677731488
2024-09-02,0.0,0.0,0.0
2024-09-03,-0.016393416920415627,0.004262314650241628,-0.020579066434597282
2024-09-04,0.04183284569452206,0.0044325450365063634,-0.0020468181220516524
2024-09-05,0.04904058305110959,0.002407189719559222,-0.0024320706645125645
2024-09-06,-0.0844593239607937,0.0012006509739328486,-0.01683022902952447
2024-09-09,0.026289605928169646,0.0013323141607919364,0.011196185533371317
2024-09-10,0.04577608406578748,0.0033267810684423083,0.004355637692474268
2024-09-11,0.008666077418469476,-0.0005303666878599955,0.010259092800345426
2024-09-12,0.007364189890953776,-0.0010618290311409373,0.008423211299283695
2024-09-13,0.0020886633855721204,0.0021252754063159074,0.005222631596265348
2024-09-16,-0.015241628421408637,0.0026511731230844937,0.0014769712578917016
2024-09-17,0.004806404196833203,-0.0013217099295766976,0.0004086709349830908
2024-09-18,-0.0029402649901351108,-0.0030451253863278405,-0.002965931032031688
2024-09-19,0.07359155565707187,0.0,0.017064400195903495
2024-09-20,-0.02324531900421767,-0.00013264353010922214,-0.0017287172236813975
2024-09-23,0.04931794333683115,-0.0006640521191868531,0.00249899768592754
2024-09-24,0.017080017089843746,0.001195917340737429,0.002861370368871796
2024-09-25,0.010815214909361437,-0.0037163769566722626,-0.0022056278051612033
2024-09-26,-0.01089404681602335,0.0,0.003964710640578684
2024-09-27,0.024545630573566513,0.0029309792211471564,-0.0014502022000850712
2024-09-30,0.004492104223754234,-0.002258185121045475,0.004007156697944048
2024-10-01,-0.013798172234708361,0.0029509446347748547,-0.008958547038959264
2024-10-02,-0.03488095932262847,-0.0018639372695461454,0.00042223982372058266
2024-10-03,-0.03357160254966751,-0.004401771046178116,-0.0018282075266601305
2024-10-04,0.03914235030998814,-0.006564752812385111,0.009087289328777448
2024-10-07,-0.03698816351676526,-0.00296674964265331,-0.009040490210560193
2024-10-08,0.015238957526229946,0.001487788717974059,0.00945764492965151
2024-10-09,-0.014110416966225725,-0.0027016809594211377,0.006926514090578095
2024-10-10,-0.009458613360014412,-0.00040585119671343595,-0.0017501256071009719
2024-10-11,-0.08782510719719305,0.00013548329081003452,0.00598808963808839
2024-10-14,0.00624426350457119,-0.0006774331465890793,0.008178519495863679
2024-10-15,0.0018707960177875016,0.003930929213970424,-0.00776977938191048
2024-10-16,0.008015641700267029,0.0013503680133915008,0.004346414969082613
2024-10-17,-0.001987992760882462,-0.004854272500416146,8.586898669693532e-05
2024-10-18,-0.0008601676940163117,0.0005416811905138985,0.003846642858776894
2024-10-21,-0.008382378207102636,-0.006771198378937249,-0.0016422895222352185
2024-10-22,-0.004021041161846095,0.0004091638734062819,-0.0005311320001563091
2024-10-23,-0.019819274670942355,-0.002453215293240052,-0.00913749969329225
2024-10-24,0.21919035070290427,0.0016394624418483161,0.0021628398893882572
2024-10-25,0.03343823359841336,-0.002046110271746615,-0.0003453973899124607
2024-10-28,-0.024815158866218545,-0.0012302926908116518,0.0030913528472706897
2024-10-29,-0.01139012091242797,0.0008212419742634758,0.0016183585933178257
2024-10-30,-0.007590942139718337,-0.0009572017084457096,-0.0030250863625732594
2024-10-31,-0.029897037679701755,-0.00013687411734553123,-0.019603293637058927
2024-11-01,-0.003482130697311625,-0.003872456631598409,0.004220615212825463
2024-11-04,-0.024660613282231236,0.003997758948800945,-0.0021538996042558267
2024-11-05,0.03541429020427711,0.0024715816873472907,0.012091723159443069
2024-11-06,0.14751032444224466,-0.008218329880833819,0.02486554887013992
2024-11-07,0.02904379065700735,0.007457754382514947,0.00773217842317786
2024-11-08,0.08187665372925301,0.001919154797268785,0.004331803610893914
2024-11-11,0.08959591143118995,-0.001915478697138151,0.0009528203232980204
2024-11-12,-0.06145717075892854,-0.00603131676382429,-0.0031064722137856826
2024-11-13,0.005327407385385952,-0.0004138765316046289,0.00048569211645599353
2024-11-14,-0.05771559508909463,-0.0002760686372483834,-0.006429936065846964
2024-11-15,0.030657525449785616,0.00027614487218685646,-0.012808702244480719
2024-11-18,0.056186046847983784,0.0009660750516871097,0.004097540872539218
2024-11-19,0.021432396454288627,0.0017915591107793283,0.0036554291112858017
2024-11-20,-0.011473991967350106,-0.0011009063891335158,0.00033871601753099334
2024-11-21,-0.006987644766217049,-0.0005507850170644035,0.005368305278844021
2024-11-22,0.038040225983177356,0.0004133714101421937,0.0030993960889811323
2024-11-25,-0.039624464821427674,0.009230052680328393,0.0033921738098128262
2024-11-26,-0.001063189566898104,-0.0017744145695701707,0.005221465631339628
2024-11-27,-0.015788061864523528,0.002734729492939403,-0.003030059523226214
2024-11-28,0.0,0.0,0.0
2024-11-29,0.03685898787510977,0.0036820391720466805,0.006212114549409842
2024-12-02,0.034563659025395044,0.0005859196449649051,0.0017922101532730217
2024-12-03,-0.01587830229999254,-0.0023152112042262862,0.0004639564833452958
2024-12-04,0.018524782309774723,0.003412763884667269,0.006209619493058982
2024-12-05,0.03229681165351517,0.00013576045014440652,-0.001645808643059743
2024-12-06,0.053397958017247005,0.002721010526826273,0.0018956826111948821
2024-12-09,0.0014644862094215227,-0.002984697917544965,-0.0051495669056838
2024-12-10,0.02873337295448497,-0.0010887217843214003,-0.003109155722253454
2024-12-11,0.05930322291934931,-0.002179166414649103,0.007730680288764447
2024-12-12,-0.015702575706076027,-0.0039592884296050235,-0.005152533493864686
2024-12-13,0.04336284290396253,-0.003974699517231728,-0.00019869600874267146
2024-12-16,0.06141250567967771,0.0011008972191888233,0.004270044418101415
2024-12-17,0.036369912179738284,0.0001374881666658112,-0.004119961667651162
2024-12-18,-0.0827949436951747,-0.007834107732596962,-0.02980350452022351
2024-12-19,-0.008997322180141931,-0.0027703227917111883,-0.00030711430390684136
2024-12-20,-0.034642491239586515,0.0030558980534636238,0.012011054860001869
2024-12-23,0.022657123925894362,-0.003184994129860619,0.005988204725255075
2024-12-24,0.07357174228224572,0.0014351349830568072,0.011115009681411214
2024-12-25,0.0,0.0,0.0
2024-12-26,-0.017629994630971146,0.0006960066878460847,6.654786640147847e-05
2024-12-27,-0.04947922616674816,-0.0020857956083566442,-0.010526494146641974
2024-12-30,-0.03301209257078741,0.003902183210707566,-0.011411663108467862
2024-12-31,-0.03251001941775111,-0.0016659109192979082,-0.0036380105014562902
2025-01-01,0.0,0.0,0.0
2025-01-02,-0.06081615932376483,0.0004170348305152505,-0.0024569897718673683
2025-01-03,0.08215567328200035,-0.0012512444639957154,0.0125034288126733
2025-01-06,0.0014861742226248698,-0.0009739678044196065,0.005760624414506976
2025-01-07,-0.040603340073111505,-0.0034829841951345974,-0.011304032781944029
2025-01-08,0.0014707807875757872,0.0011184815351861221,0.0014609464343768863
2025-01-09,0.0,0.0,0.0
2025-01-10,-0.0005064369418008585,-0.0051671561501918095,-0.015267591393053226
2025-01-13,0.021710512074366584,-0.0009823075532247039,0.0015505794088459535
2025-01-14,-0.017232432245921525,0.000702545132450938,0.0013758993292889432
2025-01-15,0.08038151439752794,0.008003324946352253,0.018189971941751093
2025-01-16,-0.03362756026209679,0.0019500051816001562,-0.001923040863055725
2025-01-17,0.030641323404759335,0.00027831355219398723,0.010039954409388763
2025-01-20,0.0,0.0,0.0
2025-01-21,-0.00569752092797482,0.002918613070130416,0.009153350710418673
2025-01-22,-0.021128638710367298,-0.0020788295507054855,0.005621517783177543
2025-01-23,-0.006576523247056931,-0.0015275919856768683,0.005458125317954421
2025-01-24,-0.014064741844588391,0.0019473529656399702,-0.0029193280664033816
2025-01-27,-0.023193450212053546,0.005274817321879066,-0.014145337846320327
2025-01-28,0.0023668700890153715,-0.0005524227142114091,0.008592433334178251
2025-01-29,-0.02258280870425211,-0.0005527280537430679,-0.004483069967741948
2025-01-30,0.028732954254456988,0.0013829132531946176,0.005367134535447349
2025-01-31,0.010792463618949588,-0.0013810034452275133,-0.005321845992555918
2025-02-03,-0.05170542044525339,0.0009016949650577644,-0.0067296868088350115
2025-02-04,0.022232065633156273,0.0013855014199526394,0.006708341481419744
2025-02-05,-0.035797094243459227,0.005119853222779414,0.004054540090558056
2025-02-06,-0.010180622383618276,-0.0011014035712466619,0.003475754900258421
2025-02-07,-0.0339282217314959,-0.00303209054193454,-0.009153502427931559
2025-02-10,-0.030114441341470455,0.0002767114224442313,0.006791094168009604
2025-02-11,-0.06338211812502892,-0.001658607436212045,0.0007605024686467843
2025-02-12,0.0243835913717656,-0.0051215418183919725,-0.0032214924493656483
2025-02-13,0.05773971683431944,0.005982919803464659,0.010557471201430468
2025-02-14,-0.0002809633725618932,0.0031809889900449306,-4.911956969233522e-05
2025-02-17,0.0,0.0,0.0
2025-02-18,-0.004861766535893763,-0.0037224394944170847,0.0029357727546190926
2025-02-19,0.018214714280444966,0.0013839946110640877,0.002355093722045787
2025-02-20,-0.01708454543992588,0.0012435458691104628,-0.004160417309149511
2025-02-21,-0.046839747148427646,0.004416950623625127,-0.017104137512959805
2025-02-24,-0.021521578674915554,0.001374295076253862,-0.004550335305200215
2025-02-25,-0.0838955952220366,0.00631253886005867,-0.004973157193789324
2025-02-26,-0.039630120487999076,0.0015000721250719717,0.000504623078982247
2025-02-27,-0.030433204805490277,-0.0012256891352658839,-0.015961873226504664
2025-02-28,0.03912040539724382,0.0042265200932691815,0.015605748706408074
2025-03-03,-0.02843203214376444,0.002301096798899671,-0.017520065624248793
2025-03-04,-0.04429996705409467,-0.0028528486082056714,-0.011836812583395306
2025-03-05,0.025952056083059283,-0.003542382626292251,0.01074775934465011
2025-03-06,-0.056073068986891905,-0.0008201220225179107,-0.01775115717303244
2025-03-07,-0.0029607088371812473,-0.0010945373762187849,0.005604909012687731
2025-03-10,-0.1542620682219512,0.004657312881741094,-0.02663549477866589
2025-03-11,0.037947369642955975,-0.0038178374680073457,-0.008313009339123156
2025-03-12,0.0759389121683911,-0.0020530892411974033,0.005306540701307094
2025-03-13,-0.02986820819658198,0.0030174285662083467,-0.013330464903333561
2025-03-14,0.038640532386444715,-0.0024613487622119345,0.02065578951270286
2025-03-17,-0.04788383640805238,0.0013707179381012846,0.007711280088294359
2025-03-18,-0.05335909096824687,0.001095202795950323,-0.010808407187370861
2025-03-19,0.046824389357219776,0.0030082432980089724,0.01089084237601412
2025-03-20,0.0016958954271570903,0.0004092093598044855,-0.0028916568888006644
2025-03-21,0.05269623506518384,-0.0008177617025426631,0.00032978609440559303
2025-03-24,0.11933580126800525,-0.004364248552318872,0.01790857697164272
2025-03-25,0.03502280788451673,0.0012325418251704079,0.002403769329945238
2025-03-26,-0.05580626179068926,-0.002189099172587583,-0.011938136732721816
2025-03-27,0.0039329829222258805,-0.0004113498402857907,-0.002655665171794719
2025-03-28,-0.03507493471452938,0.005761483908099496,-0.020138369798579414
2025-03-31,-0.016657121359109794,0.0017728550319315861,0.006712770962271408
2025-04-01,0.035885119854736525,0.003141728933911292,0.002824480385528405
2025-04-02,0.05326685079977622,-0.0008169913664434203,0.0063283192754013395
2025-04-03,-0.05474611137253549,0.0051785451401622495,-0.049280731244662146
2025-04-04,-0.10419786826814681,0.0008134469155323121,-0.0585430179907348
2025-04-07,-0.025644236634809525,-0.012056304331167889,-0.0017811549348305533
2025-04-08,-0.048994783337158565,-0.005758931735883932,-0.01566283891938358
2025-04-09,0.22689989839624536,0.002344479924293541,0.10501940700140122
2025-04-10,-0.07274069589492627,-0.007980130098691252,-0.04381916391528795
2025-04-11,-0.00035656236159631316,-0.0011094944150980002,0.017842818186459386
2025-04-14,0.00015856900364230597,0.005692829179889447,0.00970153513184413
2025-04-15,0.0069744183248166,0.002485042829837969,-0.002800832552786514
2025-04-16,-0.049427403598542585,0.00275447040148058,-0.02222807288371853
2025-04-17,-0.0007452201709629014,-0.0021977822771217514,0.0014267883196374953
2025-04-18,0.0,0.0,0.0
2025-04-21,-0.05746362595919796,-0.005505368353253659,-0.02380260949430768
2025-04-22,0.04602198338770602,0.001798886002083222,0.026017642137553088
2025-04-23,0.0536622440095611,0.0020725534827126246,0.015495424213525677
2025-04-24,0.0349764859229853,0.005653017303943519,0.021049069381725127
2025-04-25,0.09803091011549903,0.003290258843317906,0.007225181113781787
2025-04-28,0.0032637046356942534,0.002459574567676981,0.00038138168625501123
2025-04-29,0.021512501019458785,0.002590085663990882,0.006299396001456126
2025-04-30,-0.03379788089732105,-0.000679683228947181,0.0003968426298504024
2025-05-01,-0.005812356915055328,-0.002784502687285584,0.007086820658539716
2025-05-02,0.023848576584252656,-0.004927485992787695,0.014844271409002019
2025-05-05,-0.024198258752220814,-0.001375691548647806,-0.0057343194259684704
2025-05-06,-0.017519458684867262,0.0022038582351011637,-0.008358391135077414
2025-05-07,0.003159597232260225,0.0019242296112438328,0.004205552130898571
2025-05-08,0.031134624811778533,-0.005349736901443136,0.0069677939758885366
2025-05-09,0.04718770485146129,0.0008274050015180112,-0.0012741318546691804
2025-05-12,0.06745790403815088,-0.003444796600311051,0.03304739524694744
2025-05-13,0.049280740626853614,-0.0004149517780986933,0.00660390698601776
2025-05-14,0.04073991993646375,-0.003458355866161944,0.0012780408102288643
2025-05-15,-0.013978329078298546,0.005413818728277731,0.004884346213138491
2025-05-16,0.0208856061756566,0.0006902476782528755,0.006334031066959067
2025-05-19,-0.022544186527114873,-0.00027605989170675915,0.001093839786922457
2025-05-20,0.005057180873010214,-0.0017937499858149408,-0.0033621824491902874
2025-05-21,-0.026758222357769146,-0.006221899622848914,-0.016850800787671538
2025-05-22,0.019185982671137136,0.0027825533685892356,0.0003947341596941545
2025-05-23,-0.004984788190348977,0.0015260490908459712,-0.006825879106329036
2025-05-26,0.0,0.0,0.0
2025-05-27,0.06939947711644767,0.00470981013008398,0.020790708617201226
2025-05-28,-0.016506435862546853,-0.0022058771131018284,-0.005785487966141312
2025-05-29,0.004286911755287504,0.0035926101308143554,0.003947421349072666
2025-05-30,-0.03339564619395741,0.0019274578861880887,-0.0011185408050885526
2025-06-02,-0.01088145559849063,-0.0022058124023112136,0.005633124573352966
2025-06-03,0.004610541775392996,-0.0011055061648955755,0.005702431110772288
2025-06-04,-0.03549540073392177,0.006224787483610994,-0.00026833243476054314
2025-06-05,-0.14259893789082123,-0.001924741811826225,-0.004832933206135648
2025-06-06,0.036670186138995975,-0.005371759771686246,0.010269041453009553
2025-06-09,0.04553761352840424,0.0015234663431651363,0.000901294345408088
2025-06-10,0.05674382827003055,0.0019357035583595916,0.005669725186957297
2025-06-11,0.0010426457165473302,0.0031744099619748223,-0.0028521096709569482
2025-06-12,-0.022424432461661592,0.0037140403675857137,0.003974356900525722
2025-06-13,0.019429076154419578,-0.003563467191848968,-0.01118010433553962
2025-06-16,0.011742668079331553,-0.0019256933183080527,0.00951427176859676
2025-06-17,-0.03882963749794621,0.003169819812842256,-0.008545152297069647
2025-06-18,0.0180179597897272,0.0005495637321821789,-0.0001506376340618676
2025-06-19,0.0,0.0,0.0
2025-06-20,0.0003416111576173275,0.0006865505539561667,-0.0023485286607058953
2025-06-23,0.0823193093872907,0.002469822032727498,0.00987743408381525
2025-06-24,-0.023545920693855638,0.003011269772742464,0.011047192108078807
2025-06-25,-0.037947582404945,0.00027289119917361937,0.000560355916550126
2025-06-26,-0.0054037218123500486,0.00286478884547936,0.007823805236792936
2025-06-27,-0.006599526995335614,-0.002312636615981911,0.0049683437757206406
2025-06-30,-0.018446995428822777,0.003954431025319005,0.004781161580480697
2025-07-01,-0.05335897504131726,-0.0007495867255198352,-0.0003235926031718295
2025-07-02,0.04968242780731846,-0.00109069186103683,0.0045333530513420595
2025-07-03,-0.0009503811144286889,-0.002457028290394736,0.007881389252041293
2025-07-04,0.0,0.0,0.0
2025-07-07,-0.06789282780315342,-0.0032840358869765662,-0.007452138445489531
2025-07-08,0.013165935514200422,-0.0005490359025686065,-0.0005476091081725309
2025-07-09,-0.0064806174796113725,0.003983338187239616,0.005996621705197658
2025-07-10,0.0472826483827995,0.00013689594928512072,0.0028202028468595763
2025-07-11,0.01174690904506881,-0.004103868303261149,-0.003515266022106389
2025-07-14,0.010813001260769006,-0.00013754812714916742,0.0019081371492402077
2025-07-15,-0.01931207079538977,-0.0030223063847999443,-0.004273317857587777
2025-07-16,0.03504091219258654,0.0019289895544871705,0.0033432619517372864
2025-07-17,-0.007025863995037018,0.00027522282936986997,0.006119641699551259
2025-07-18,0.03205907804067243,0.001649705858975059,-0.0007323729567987325
2025-07-21,-0.0035188948387289143,0.00288289793133667,0.00189619482624237
2025-07-22,0.0110201078413521,0.0016423608548583601,0.00014312186670739635
2025-07-23,0.0013550095657464123,-0.0020496380705758988,0.008507406668075479
2025-07-24,-0.08197020076301287,-0.001232329936710852,0.0003311188089325512
2025-07-25,0.03524405566934252,0.0024678075649848807,0.0042243586394272725
2025-07-28,0.030152499060024596,-0.0016412259268153706,-0.0002510907174575472
2025-07-29,-0.013483166498468035,0.005205475042763474,-0.002637596564339706
2025-07-30,-0.006724793213012448,-0.002589153166981051,-0.001259379760541024
2025-07-31,-0.03375758288237862,0.00013660258216097176,-0.003751265515138158
2025-08-01,-0.01829559909125389,0.008662290666534789,-0.016390403362552375
2025-08-04,0.021907956170373222,0.0006796892313305491,0.015199884599081948
2025-08-05,-0.0017461311772288823,0.00040732592740089224,-0.005069968088280641
2025-08-06,0.03624644466558724,-0.0008143201610871786,0.0076596390258989455
2025-08-07,0.007377028928595486,-0.00040770260844336104,-0.0008375739109987013
2025-08-08,0.02290006868278205,-0.0021744576476629973,0.007797501094690906
2025-08-11,0.02845443669493286,0.0006810516290580715,-0.0019774524562664597
2025-08-12,0.005338753399730889,0.00013594874225786313,0.010645981233063928
2025-08-13,-0.004283509772223915,0.003674655137641425,0.0034231846065959637
2025-08-14,-0.011196942235471519,-0.0028475544217164694,9.299781650273786e-05
2025-08-15,-0.014959143019665277,-0.0013597752231977456,-0.002341290236613225
2025-08-18,0.013915797850586165,-0.0010893013835902021,-0.00021751572051942336
2025-08-19,-0.017454368181154756,0.0019084619048634899,-0.005425239851328145
2025-08-20,-0.016428300696053943,0.0006802047852147997,-0.0026570426982367445
2025-08-21,-0.011701168929731831,-0.0024473679354946043,-0.004011766231477476
2025-08-22,0.062166209505171155,0.00504287852478047,0.015356785247534033
2025-08-25,0.019381771561470362,-0.0013559821116366777,-0.004401061026124697
2025-08-26,0.01462783391499567,0.0012219777822028988,0.0041870023682906155
2025-08-27,-0.0058862207330171445,0.0009495476553966764,0.0022784921171898898
2025-08-28,-0.010354676927882056,0.0012194336426873953,0.0035414005434608598
2025-08-29,-0.03500206799409333,-0.001217948435390137,-0.005963709384858351
2025-09-01,0.0,0.0,0.0
2025-09-02,-0.01350828116207925,-0.0021345605357647734,-0.007410192526257298
2025-09-03,0.014361219324440011,0.0032698710321670266,0.005419467264843547
2025-09-04,0.01328983953448204,0.0038022761806908445,0.008357484126844783
2025-09-05,0.036363092201525005,0.004734789767575798,-0.002896298389375551
2025-09-08,-0.01265534855703887,0.0032314634707046874,0.0024566799492218294
2025-09-09,0.001645517708609212,-0.001878836225273628,0.0023117733075188607
2025-09-10,0.0023633378140295314,0.001747991924254455,0.0028908153230013944
2025-09-11,0.06043873744853956,0.0021476924781587137,0.008310314225991933
2025-09-12,0.07356092584909457,-0.0012055591755113504,-0.00033472834591830036
2025-09-15,0.03561147147692467,0.0018774280862536852,0.0053240188059680005
2025-09-16,0.028241113869250656,0.0001339763369856417,-0.0013768510142991852
2025-09-17,0.01005642588937583,-0.0017400108676975945,-0.001242399741884448
2025-09-18,-0.021157139806429193,-0.002547158862467258,0.004672384146077402
2025-09-19,0.022118270566640064,0.0004031881471620036,0.004952918310262788
2025-09-22,0.019104804353584193,-0.001880959452358666,0.004731035459799804
2025-09-23,-0.019253323313789705,0.0020191338605533016,-0.005443520514135325
2025-09-24,0.03977927016229388,-0.0020150651742288916,-0.00318164448653413
2025-09-25,-0.04381307961359793,-0.0010769338172096354,-0.0046134329671143615
2025-09-26,0.0401756741055197,0.0,0.005729075724434596
2025-09-29,0.00638055766924972,0.0025604101822314096,0.002810389450384143
2025-09-30,0.0034069849388267404,-0.00040318814716189255,0.00376684572535102
2025-10-01,0.033144428390707636,0.00252237136581579,0.003407569706178837
2025-10-02,-0.051059922281332826,0.0010764896485320197,0.0011517801124745208
2025-10-03,-0.014151406944344913,-0.001209748572782554,-1.4818614668121732e-05
2025-10-06,0.054486690457546505,-0.0022876409946427367,0.003586249365854499
2025-10-07,-0.044478772558432134,0.0018883265442533048,-0.003707511977453004
2025-10-08,0.012930352007360923,0.0,0.005963096319924199
2025-10-09,-0.007180455170972544,-0.0006730645659667189,-0.002897030241612586
2025-10-10,-0.05062684914805626,0.00390669436715263,-0.027027820787662193
2025-10-13,0.054197209585187034,0.001610297300686847,0.015344092809244536
2025-10-14,-0.015278742269702716,0.001473724109185115,-0.0012216512196846496
2025-10-15,0.013768529951932784,-0.0006689356882755293,0.004439541098594013
2025-10-16,-0.01470755828163206,0.003748444250723182,-0.006810210567109287
2025-10-17,0.02462973191508744,-0.001333767372885153,0.005676314860669995
2025-10-20,0.018483519979771268,0.0013355486841450936,0.01040043503835153
2025-10-21,-0.010794954856246153,0.0012002878800210226,-1.4955077773270986e-05
2025-10-22,-0.008201547294971134,0.0,-0.005198882255361581
2025-10-23,0.022803402824313368,-0.0019981499485862697,0.005929966083050742
2025-10-24,-0.03398817183887881,0.0013347327511064044,0.008172547247097484
2025-10-27,0.043115401997602554,0.0005331198252278568,0.011797667854098304
2025-10-28,0.017969970655449252,0.0005330410520647533,0.0026560013292959983
2025-10-29,0.0020845119924046696,-0.0049267461592605866,0.0004803260550556576
2025-10-30,-0.04639120107705208,-0.0017396981086633678,-0.010998113191920567
2025-10-31,0.03740057084027071,-0.0002680090183226902,0.003280260922519762
2025-11-03,0.02586735066967427,-0.0011569316466105706,0.0018766915803232198
2025-11-04,-0.05147636612701911,0.0005386444280708336,-0.011853595199365574
2025-11-05,0.040089130615176494,-0.002826670955860311,0.0034654701339136285
2025-11-06,-0.03497306340156037,0.00391465202327157,-0.01072938225080955
2025-11-07,-0.03675632866235745,-0.0005377753078112946,0.0009845659403016072
2025-11-10,0.03657576451501576,-0.0002692389629072034,0.01560435822838957
2025-11-11,-0.01260026442672324,0.0028260136280284787,0.0022892033827353053
2025-11-12,-0.02051769508633805,-0.0004025196534909181,0.0005564068664263289
2025-11-13,-0.06644220962287406,-0.0029534118050699165,-0.016594062566875234
2025-11-14,0.005870832424868633,-0.0014809767436089194,-0.00016359600785664785
2025-11-17,0.011302107716671506,0.0005391945342843041,-0.009316476786200845
2025-11-18,-0.018756757252943457,0.0008087181765155105,-0.008397487448507768
2025-11-19,0.006828636098130891,-0.0004040323399604473,0.0038631576379948296
2025-11-20,-0.02168365419886953,0.0014818782859000734,-0.01524230348712119
2025-11-21,-0.010474950113494086,0.0024212754902026568,0.009961204755846165
2025-11-24,0.0682451678419993,0.0017445609866739709,0.014718547807599958
2025-11-25,0.0038776272725380423,0.0022772810024027645,0.009405913041440561
2025-11-26,0.017119677587676296,0.0010692870940394172,0.006903544626688962
2025-11-27,0.0,0.0,0.0
2025-11-28,0.008415835173881447,-0.0016022174106600229,0.005458400735868674
2025-12-01,-6.973703038437584e-05,-0.0039037841566993414,-0.004565432491131505
2025-12-02,-0.0020923987153301793,0.0009427079161175023,0.001852203967944055
2025-12-03,0.04076973347810542,0.0014800912280028555,0.003462767968857472
2025-12-04,0.017437455153354264,-0.0018809591173962747,0.0007311238379490437
2025-12-05,0.0010340378456106247,-0.0012115476836440653,0.001899461628388499
2025-12-08,-0.033890139401614006,-0.0014824850121487598,-0.003004219352025661
2025-12-09,0.01271674558948499,-0.0006747727562488315,-0.000863122274760153
2025-12-10,0.014106967203253218,0.0029713770781933935,0.006632218302348614
2025-12-11,-0.010100780674035192,0.0,0.002326931778056762
2025-12-12,0.027008830833098685,-0.003097199130442263,-0.010751997629438903
2025-12-15,0.035624033484225714,0.0012156993031831043,-0.0015108134140046081
2025-12-16,0.030653694218629735,0.0018888260278553393,-0.0027323197983205594
2025-12-17,-0.04617456293730249,-0.0002693530362725127,-0.011003588240296014
2025-12-18,0.034477560704677446,0.002121894207401054,0.007551280296730134
2025-12-19,-0.00448927929345333,-0.001483487634362013,0.00906346515990486
2025-12-22,0.01564837611861325,-0.0002701819585843035,0.006229874178387496
2025-12-23,-0.00648622625268469,-0.00013502441622814665,0.0045704843606495515
2025-12-24,-0.00032952397832164415,0.0024321078230000737,0.003517621421107009
2025-12-25,0.0,0.0,0.0
2025-12-26,-0.021034181259704576,0.0,-0.0001014040437492536
2025-12-29,-0.03272372674735757,0.0014826877844955622,-0.003563648189011559
2025-12-30,-0.011335005235871831,-0.00040385474372728325,-0.0012211468345215692
2025-12-31,-0.010364613980130777,-0.002692836371103513,-0.007408955885817803
2026-01-01,0.0,0.0,0.0
2026-01-02,-0.02590499391813139,-0.00040500579749525034,0.0018330596423725698
2026-01-05,0.031045280151877908,0.0018908615331887368,0.006660110816910869
2026-01-06,-0.041424095947095174,0.0,0.005947227112347964
2026-01-07,-0.0035799792672750463,0.0010784824848417696,-0.0032234001772446508
2026-01-08,0.010175897854927118,-0.0017506716815601786,-0.00010152168346500012
2026-01-09,0.02113359850994656,0.002158419911475251,0.006613388484590255
2026-01-12,0.00887616368794375,-0.0009422492120280124,0.0015703975230316747
2026-01-13,-0.003920124914344347,0.0008083745298701484,-0.001999473023445053
2026-01-14,-0.017889087168218576,0.0020194066820677925,-0.004915222744839132
2026-01-15,-0.0014344373071545347,-0.001477906891045877,0.0027232240029890775
