,TSLA,BND,SPY
2015-01-02,14.620667457580566,60.38597869873047,170.589599609375
2015-01-05,14.005999565124512,60.56132125854492,167.5088348388672
2015-01-06,14.085332870483398,60.73667526245117,165.9310302734375
2015-01-07,14.063332557678223,60.773216247558594,167.99871826171875
2015-01-08,14.041333198547363,60.678226470947266,170.9799041748047
2015-01-09,13.77733325958252,60.7805290222168,169.60975646972656
2015-01-12,13.480667114257812,60.860877990722656,168.2811279296875
2015-01-13,13.616666793823242,60.9193000793457,167.80783081054688
2015-01-14,12.845999717712402,61.05813980102539,166.794677734375
2015-01-15,12.791333198547363,61.32847213745117,165.2667236328125
2015-01-16,12.871333122253418,61.145843505859375,167.4340362548828
2015-01-19,12.871333122253418,61.145843505859375,167.4340362548828
2015-01-20,12.795332908630371,61.080020904541016,167.79112243652344
2015-01-21,13.104666709899902,60.96316909790039,168.63816833496094
2015-01-22,13.441332817077637,60.977779388427734,171.14598083496094
2015-01-23,13.419333457946777,61.17504119873047,170.20762634277344
2015-01-26,13.770000457763672,61.101993560791016,170.60626220703125
2015-01-27,13.732000350952148,61.138545989990234,168.35581970214844
2015-01-28,13.291333198547363,61.357696533203125,166.19679260253906
2015-01-29,13.680000305175781,61.291934967041016,167.73300170898438
2015-01-30,13.573332786560059,61.627994537353516,165.62380981445312
2015-02-02,14.062666893005371,61.55480194091797,167.6749267578125
2015-02-03,14.557332992553711,61.36445617675781,170.0996551513672
2015-02-04,14.569999694824219,61.386417388916016,169.45191955566406
2015-02-05,14.732666969299316,61.25465774536133,171.16262817382812
2015-02-06,14.490667343139648,60.85933303833008,170.68927001953125
2015-02-09,14.498666763305664,60.837364196777344,169.92530822753906
2015-02-10,14.419333457946777,60.72757339477539,171.73561096191406
2015-02-11,14.186667442321777,60.72757339477539,171.83522033691406
2015-02-12,13.525333404541016,60.75686264038086,173.48768615722656
2015-02-13,13.584667205810547,60.61772918701172,174.2018585205078
2015-02-16,13.584667205810547,60.61772918701172,174.2018585205078
2015-02-17,13.623332977294922,60.37614440917969,174.4758758544922
2015-02-18,13.630666732788086,60.544525146484375,174.49256896972656
2015-02-19,14.11400032043457,60.49329376220703,174.367919921875
2015-02-20,14.473999977111816,60.50792694091797,175.4142608642578
2015-02-23,13.822667121887207,60.63240432739258,175.3893280029297
2015-02-24,13.607333183288574,60.88129806518555,175.88760375976562
2015-02-25,13.583999633789062,60.93986129760742,175.73809814453125
2015-02-26,13.812666893005371,60.77147674560547,175.530517578125
2015-02-27,13.555999755859375,60.82274627685547,174.9326171875
2015-03-02,13.155332565307617,60.62614059448242,176.03700256347656
2015-03-03,13.303999900817871,60.552791595458984,175.3146209716797
2015-03-04,13.496000289916992,60.552791595458984,174.57554626464844
2015-03-05,13.375332832336426,60.5894660949707,174.7665557861328
2015-03-06,12.925333023071289,60.237335205078125,172.30857849121094
2015-03-09,12.725333213806152,60.31074523925781,173.02273559570312
2015-03-10,12.687999725341797,60.54540252685547,170.2158966064453
2015-03-11,12.916000366210938,60.61146926879883,169.81732177734375
2015-03-12,12.73799991607666,60.655487060546875,171.97642517089844
2015-03-13,12.578666687011719,60.59677505493164,170.92178344726562
2015-03-16,13.046667098999023,60.71415710449219,173.2053680419922
2015-03-17,12.982000350952148,60.76553726196289,172.69053649902344
2015-03-18,13.380666732788086,61.13960647583008,174.7665557861328
2015-03-19,13.043333053588867,60.956233978271484,173.9693603515625
2015-03-20,13.20533275604248,61.11757278442383,175.50498962402344
2015-03-23,13.308667182922363,61.146934509277344,175.1629638671875
2015-03-24,13.447999954223633,61.249664306640625,174.17877197265625
2015-03-25,12.953332901000977,61.15426254272461,171.62632751464844
2015-03-26,12.694000244140625,60.956233978271484,171.21762084960938
2015-03-27,12.333333015441895,61.01491928100586,171.60971069335938
2015-03-30,12.704667091369629,61.08824157714844,173.7032470703125
2015-03-31,12.584667205810547,61.15426254272461,172.1851806640625
2015-04-01,12.505999565124512,61.397613525390625,171.57627868652344
2015-04-02,12.733332633972168,61.31673049926758,172.1935272216797
2015-04-03,12.733332633972168,61.31673049926758,172.1935272216797
2015-04-06,13.539999961853027,61.36824035644531,173.35296630859375
2015-04-07,13.550000190734863,61.40494918823242,172.89419555664062
2015-04-08,13.844667434692383,61.360870361328125,173.47804260253906
2015-04-09,14.005999565124512,61.228553771972656,174.24542236328125
2015-04-10,14.0600004196167,61.19914627075195,175.19638061523438
2015-04-13,13.985333442687988,61.213844299316406,174.4039764404297
2015-04-14,13.830666542053223,61.32415008544922,174.73756408691406
2015-04-15,13.85533332824707,61.38291549682617,175.5216522216797
2015-04-16,13.779999732971191,61.36824035644531,175.4715576171875
2015-04-17,13.78600025177002,61.471099853515625,173.4530029296875
2015-04-20,13.684666633605957,61.40494918823242,175.03787231445312
2015-04-21,13.96066665649414,61.33145523071289,174.8292999267578
2015-04-22,14.629332542419434,61.10354995727539,175.68850708007812
2015-04-23,14.573332786560059,61.22115707397461,176.13059997558594
2015-04-24,14.562000274658203,61.31673049926758,176.53924560546875
2015-04-27,15.436667442321777,61.27263259887695,175.8052215576172
2015-04-28,15.36533260345459,61.08148956298828,176.36410522460938
2015-04-29,15.49666690826416,60.89034652709961,175.63841247558594
2015-04-30,15.069999694824219,60.95648956298828,173.8784637451172
2015-05-01,15.0686674118042,60.771629333496094,175.76351928710938
2015-05-04,15.36733341217041,60.6832160949707,176.2639923095703
2015-05-05,15.529999732971191,60.58743667602539,174.24542236328125
2015-05-06,15.362000465393066,60.41803741455078,173.5281219482422
2015-05-07,15.786666870117188,60.54323959350586,174.22042846679688
2015-05-08,15.77400016784668,60.70531463623047,176.5142059326172
2015-05-11,15.965999603271484,60.388572692871094,175.67173767089844
2015-05-12,16.31599998474121,60.314918518066406,175.146240234375
2015-05-13,16.211999893188477,60.285423278808594,175.1796417236328
2015-05-14,16.273332595825195,60.40327453613281,177.00637817382812
2015-05-15,16.589332580566406,60.64638900756836,177.19821166992188
2015-05-18,16.583332061767578,60.42540740966797,177.7487335205078
2015-05-19,16.47599983215332,60.29279708862305,177.69032287597656
2015-05-20,16.290000915527344,60.29279708862305,177.56521606445312
2015-05-21,16.374666213989258,60.48434829711914,178.08236694335938
2015-05-22,16.51533317565918,60.44752502441406,177.65692138671875
2015-05-25,16.51533317565918,60.44752502441406,177.65692138671875
2015-05-26,16.497333526611328,60.59482192993164,175.746826171875
2015-05-27,16.495332717895508,60.62428665161133,177.41510009765625
2015-05-28,16.76333236694336,60.631656646728516,177.21487426757812
2015-05-29,16.719999313354492,60.653770446777344,176.11387634277344
2015-06-01,16.6299991607666,60.45151901245117,176.4725341796875
2015-06-02,16.55666732788086,60.28177261352539,176.29736328125
2015-06-03,16.599332809448242,60.01603317260742,176.76449584960938
2015-06-04,16.39466667175293,60.16362380981445,175.27142333984375
2015-06-05,16.609333038330078,59.927452087402344,174.9710693359375
2015-06-08,17.086000442504883,60.00126647949219,173.8950958251953
2015-06-09,17.066667556762695,59.82406997680664,173.8701171875
2015-06-10,16.713333129882812,59.698612213134766,175.95538330078125
2015-06-11,16.76066780090332,59.979122161865234,176.5225830078125
2015-06-12,16.71266746520996,59.93482971191406,175.17129516601562
2015-06-15,16.691999435424805,59.94219207763672,174.420654296875
2015-06-16,16.874666213989258,60.097198486328125,175.37149047851562
2015-06-17,17.360666275024414,60.11933898925781,175.65509033203125
2015-06-18,17.459333419799805,60.075077056884766,177.48178100585938
2015-06-19,17.500667572021484,60.244842529296875,176.6939239501953
2015-06-22,17.319332122802734,59.95698165893555,177.59912109375
2015-06-23,17.844667434692383,59.81671905517578,177.72483825683594
2015-06-24,17.67799949645996,59.927452087402344,176.43408203125
2015-06-25,17.91933250427246,59.84624099731445,175.8976593017578
2015-06-26,17.805999755859375,59.73551940917969,175.86410522460938
2015-06-29,17.468000411987305,60.03813934326172,172.1762237548828
2015-06-30,17.884000778198242,59.979122161865234,172.53662109375
2015-07-01,17.94333267211914,59.83342361450195,173.9196014404297
2015-07-02,18.667999267578125,59.98135757446289,173.7603302001953
2015-07-03,18.667999267578125,59.98135757446289,173.7603302001953
2015-07-06,18.648000717163086,60.18842697143555,173.26577758789062
2015-07-07,17.858667373657227,60.24758529663086,174.35545349121094
2015-07-08,16.997333526611328,60.4177131652832,171.43023681640625
2015-07-09,17.19466781616211,60.21799850463867,171.74041748046875
2015-07-10,17.27666664123535,59.93695068359375,173.9028778076172
2015-07-13,17.477333068847656,59.79645919799805,175.82215881347656
2015-07-14,17.709999084472656,59.90737533569336,176.5849609375
2015-07-15,17.542667388916016,60.07748794555664,176.5262451171875
2015-07-16,17.778667449951172,60.07748794555664,177.9427490234375
2015-07-17,18.310667037963867,60.08485412597656,178.0936279296875
2015-07-20,18.817333221435547,60.0035514831543,178.1858367919922
2015-07-21,17.784666061401367,60.11446762084961,177.48184204101562
2015-07-22,17.857999801635742,60.13667297363281,177.1632843017578
2015-07-23,17.81333351135254,60.277225494384766,176.1658477783203
2015-07-24,17.694000244140625,60.31415557861328,174.33872985839844
2015-07-27,16.867332458496094,60.432518005371094,173.32447814941406
2015-07-28,17.654666900634766,60.32892608642578,175.45346069335938
2015-07-29,17.58799934387207,60.277225494384766,176.6603546142578
2015-07-30,17.785999298095703,60.29936599731445,176.7023162841797
2015-07-31,17.74333381652832,60.50645446777344,176.43408203125
2015-08-03,17.332666397094727,60.64654541015625,175.8389892578125
2015-08-04,17.75200080871582,60.439022064208984,175.49537658691406
2015-08-05,18.0086669921875,60.34266662597656,176.0736541748047
2015-08-06,16.408666610717773,60.379722595214844,174.63206481933594
2015-08-07,16.167333602905273,60.50571823120117,174.2967529296875
2015-08-10,16.076000213623047,60.379722595214844,176.4927520751953
2015-08-11,15.824666976928711,60.6094856262207,174.90020751953125
2015-08-12,15.878000259399414,60.58725357055664,175.10977172851562
2015-08-13,16.167333602905273,60.46127700805664,174.89187622070312
2015-08-14,16.209999084472656,60.439022064208984,175.52886962890625
2015-08-17,16.999332427978516,60.550193786621094,176.509521484375
2015-08-18,17.381332397460938,60.439022064208984,175.99819946289062
2015-08-19,17.016666412353516,60.6539306640625,174.60690307617188
2015-08-20,16.14533233642578,60.705806732177734,170.96083068847656
2015-08-21,15.38466739654541,60.80217361450195,165.81448364257812
2015-08-24,14.591333389282227,60.787353515625,158.83255004882812
2015-08-25,14.66866683959961,60.58725357055664,156.96348571777344
2015-08-26,14.989333152770996,60.3278694152832,162.9899139404297
2015-08-27,16.19933319091797,60.40936279296875,167.02151489257812
2015-08-28,16.565332412719727,60.439022064208984,167.02984619140625
2015-08-31,16.604000091552734,60.357505798339844,165.680419921875
2015-09-01,15.908666610717773,60.50453567504883,160.73521423339844
2015-09-02,16.512666702270508,60.4599609375,163.78611755371094
2015-09-03,16.3713321685791,60.50453567504883,163.90347290039062
2015-09-04,16.1286678314209,60.6530876159668,161.42251586914062
2015-09-07,16.1286678314209,60.6530876159668,161.42251586914062
2015-09-08,16.544666290283203,60.50453567504883,165.47923278808594
2015-09-09,16.5939998626709,60.48966598510742,163.26646423339844
2015-09-10,16.565332412719727,60.36342239379883,164.15492248535156
2015-09-11,16.682666778564453,60.48966598510742,164.9009246826172
2015-09-14,16.87933349609375,60.50453567504883,164.28903198242188
2015-09-15,16.904666900634766,60.25205993652344,166.34249877929688
2015-09-16,17.483333587646484,60.214908599853516,167.78424072265625
2015-09-17,17.471332550048828,60.55651092529297,167.4070587158203
2015-09-18,17.374666213989258,60.727294921875,164.67135620117188
2015-09-21,17.613332748413086,60.50453567504883,165.5222930908203
2015-09-22,17.395999908447266,60.61592102050781,163.3739013671875
2015-09-23,17.40399932861328,60.61592102050781,163.11270141601562
2015-09-24,17.541332244873047,60.63820266723633,162.52288818359375
2015-09-25,17.12733268737793,60.526832580566406,162.48080444335938
2015-09-28,16.562000274658203,60.682777404785156,158.4029998779297
2015-09-29,16.44333267211914,60.727294921875,158.49562072753906
2015-09-30,16.559999465942383,60.84615707397461,161.45291137695312
2015-10-01,15.991999626159668,60.87889862060547,161.87416076660156
2015-10-02,16.504667282104492,61.10960388183594,164.29226684570312
2015-10-05,16.40999984741211,60.87145233154297,167.2157745361328
2015-10-06,16.097333908081055,60.953311920166016,166.642822265625
2015-10-07,15.46399974822998,60.953311920166016,168.0077667236328
2015-10-08,15.114666938781738,60.8565788269043,169.52430725097656
2015-10-09,14.712667465209961,60.84911346435547,169.62538146972656
2015-10-12,14.371999740600586,60.953311920166016,169.7854461669922
2015-10-13,14.616666793823242,60.99053955078125,168.71548461914062
2015-10-14,14.458666801452637,61.213783264160156,167.90663146972656
2015-10-15,14.753999710083008,61.094688415527344,170.4848175048828
2015-10-16,15.133999824523926,61.072349548339844,171.25994873046875
2015-10-19,15.206666946411133,61.072349548339844,171.34410095214844
2015-10-20,14.20199966430664,60.97562026977539,171.12510681152344
2015-10-21,14.005999565124512,61.087242126464844,170.06349182128906
2015-10-22,14.114666938781738,61.191429138183594,172.93650817871094
2015-10-23,13.939332962036133,61.03516387939453,174.8321533203125
2015-10-26,14.350666999816895,61.10214614868164,174.4025115966797
2015-10-27,14.023332595825195,61.11700439453125,174.06552124023438
2015-10-28,14.197333335876465,60.945865631103516,176.04539489746094
2015-10-29,14.108667373657227,60.730045318603516,175.94432067871094
2015-10-30,13.795332908630371,60.8640022277832,175.18601989746094
2015-11-02,14.252667427062988,60.743980407714844,177.25869750976562
2015-11-03,13.890000343322754,60.63956069946289,177.77259826660156
2015-11-04,15.442000389099121,60.67687225341797,177.2333984375
2015-11-05,15.451333045959473,60.56501007080078,177.0564727783203
2015-11-06,15.490667343139648,60.32638168334961,176.9637908935547
2015-11-09,15.022000312805176,60.27416229248047,175.3124542236328
2015-11-10,14.433333396911621,60.34130096435547,175.71681213378906
2015-11-11,14.60533332824707,60.34873962402344,175.02597045898438
2015-11-12,14.196000099182129,60.356178283691406,172.58267211914062
2015-11-13,13.812666893005371,60.468021392822266,170.6448516845703
2015-11-16,14.287332534790039,60.468021392822266,173.23980712890625
2015-11-17,14.266667366027832,60.53514862060547,173.11346435546875
2015-11-18,14.73799991607666,60.50532150268555,175.8600616455078
2015-11-19,14.786666870117188,60.5873908996582,175.70840454101562
2015-11-20,14.667332649230957,60.57243347167969,176.34877014160156
2015-11-23,14.516667366027832,60.59483337402344,176.14651489257812
2015-11-24,14.550000190734863,60.617191314697266,176.3824005126953
2015-11-25,15.309332847595215,60.624656677246094,176.35719299316406
2015-11-26,15.309332847595215,60.624656677246094,176.35719299316406
2015-11-27,15.440667152404785,60.65449523925781,176.55934143066406
2015-11-30,15.350666999816895,60.624656677246094,175.826416015625
2015-12-01,15.812666893005371,60.85403823852539,177.50302124023438
2015-12-02,15.465999603271484,60.779335021972656,175.6915740966797
2015-12-03,15.513999938964844,60.30855941772461,173.23138427734375
2015-12-04,15.358667373657227,60.54767608642578,176.6099090576172
2015-12-07,15.408666610717773,60.652313232421875,175.5399169921875
2015-12-08,15.114666938781738,60.667236328125,174.3603515625
2015-12-09,14.968000411987305,60.64480972290039,173.00390625
2015-12-10,15.137999534606934,60.6373291015625,173.4503936767578
2015-12-11,14.468000411987305,60.8017463684082,170.0887908935547
2015-12-14,14.571999549865723,60.51777267456055,170.9481658935547
2015-12-15,14.739333152770996,60.45056915283203,172.74270629882812
2015-12-16,15.633999824523926,60.38325119018555,175.27032470703125
2015-12-17,15.559332847595215,60.51030731201172,172.5994415283203
2015-12-18,15.36400032043457,60.64480972290039,169.52464294433594
2015-12-21,15.503999710083008,60.57758331298828,170.923095703125
2015-12-22,15.329999923706055,60.495361328125,172.47410583496094
2015-12-23,15.313332557678223,60.50284957885742,174.6099090576172
2015-12-24,15.371333122253418,60.54781723022461,174.3217010498047
2015-12-25,15.371333122253418,60.54781723022461,174.3217010498047
2015-12-28,15.263333320617676,60.54781723022461,173.92340087890625
2015-12-29,15.812666893005371,60.36050033569336,175.77944946289062
2015-12-30,15.87266731262207,60.39795684814453,174.5336151123047
2015-12-31,16.000667572021484,60.51782989501953,172.78765869140625
2016-01-01,16.000667572021484,60.51782989501953,172.78765869140625
2016-01-04,14.894000053405762,60.487884521484375,170.3721466064453
2016-01-05,14.895333290100098,60.56280517578125,170.6602783203125
2016-01-06,14.602666854858398,60.832584381103516,168.5076141357422
2016-01-07,14.376667022705078,60.84008026123047,164.46482849121094
2016-01-08,14.066666603088379,60.91500473022461,162.65960693359375
2016-01-11,13.856666564941406,60.660213470458984,162.820556640625
2016-01-12,13.998000144958496,60.817588806152344,164.13424682617188
2016-01-13,13.354000091552734,60.96748733520508,160.04071044921875
2016-01-14,13.745332717895508,60.89250564575195,162.6680145263672
2016-01-15,13.666000366210938,60.99747848510742,159.1761932373047
2016-01-18,13.666000366210938,60.99747848510742,159.1761932373047
2016-01-19,13.64799976348877,60.92253494262695,159.38809204101562
2016-01-20,13.24666690826416,60.98994064331055,157.3455352783203
2016-01-21,13.33133316040039,60.95248794555664,158.2269287109375
2016-01-22,13.50333309173584,60.92996597290039,161.47300720214844
2016-01-25,13.092000007629395,60.92996597290039,159.03213500976562
2016-01-26,12.904000282287598,61.01993179321289,161.2018280029297
2016-01-27,12.538000106811523,61.01993179321289,159.44737243652344
2016-01-28,12.646666526794434,61.06486892700195,160.2780303955078
2016-01-29,12.74666690826416,61.244747161865234,164.1851348876953
2016-02-01,13.129332542419434,61.120086669921875,164.12582397460938
2016-02-02,12.185333251953125,61.33036804199219,161.16793823242188
2016-02-03,11.565333366394043,61.37540817260742,162.13412475585938
2016-02-04,11.688667297363281,61.420467376708984,162.38833618164062
2016-02-05,10.84000015258789,61.3603630065918,159.29486083984375
2016-02-08,9.866000175476074,61.62323760986328,157.15057373046875
2016-02-09,9.883333206176758,61.61569595336914,157.1590118408203
2016-02-10,9.57800006866455,61.743370056152344,157.02345275878906
2016-02-11,10.031332969665527,61.780941009521484,154.98086547851562
2016-02-12,10.06933307647705,61.578128814697266,158.17611694335938
2016-02-15,10.06933307647705,61.578128814697266,158.17611694335938
2016-02-16,10.344667434692383,61.48802185058594,160.8458251953125
2016-02-17,11.245332717895508,61.472999572753906,163.4732208251953
2016-02-18,11.118000030517578,61.68328857421875,162.8036346435547
2016-02-19,11.10533332824707,61.60068893432617,162.72738647460938
2016-02-22,11.849332809448242,61.61569595336914,165.08355712890625
2016-02-23,11.814000129699707,61.6531982421875,162.99862670898438
2016-02-24,11.933333396911621,61.698326110839844,163.74440002441406
2016-02-25,12.495332717895508,61.788394927978516,165.72764587402344
2016-02-26,12.689332962036133,61.72833251953125,165.34625244140625
2016-02-29,12.795332908630371,61.76588439941406,164.0496063232422
2016-03-01,12.423333168029785,61.5589485168457,167.90586853027344
2016-03-02,12.555999755859375,61.52131652832031,168.66009521484375
2016-03-03,13.049332618713379,61.55146789550781,169.3212432861328
2016-03-04,13.402667045593262,61.52131652832031,169.87213134765625
2016-03-07,13.685999870300293,61.50627517700195,170.0077362060547
2016-03-08,13.506667137145996,61.70943832397461,168.15158081054688
2016-03-09,13.914667129516602,61.60410690307617,168.9822540283203
2016-03-10,13.678667068481445,61.574005126953125,169.1177978515625
2016-03-11,13.833333015441895,61.49123764038086,171.8468780517578
2016-03-14,14.34333324432373,61.62669372558594,171.62655639648438
2016-03-15,14.555999755859375,61.56645965576172,171.3468475341797
2016-03-16,14.795332908630371,61.807281494140625,172.33847045898438
2016-03-17,15.092000007629395,61.942718505859375,173.43186950683594
2016-03-18,15.515999794006348,61.99538040161133,174.11326599121094
2016-03-21,15.887999534606934,61.88249588012695,174.36036682128906
2016-03-22,15.616000175476074,61.86748123168945,174.26669311523438
2016-03-23,14.838666915893555,62.00294876098633,173.11656188964844
2016-03-24,15.183333396911621,61.92763900756836,173.03985595703125
2016-03-25,15.183333396911621,61.92763900756836,173.03985595703125
2016-03-28,15.350666999816895,61.95782470703125,173.14215087890625
2016-03-29,15.342000007629395,62.21360778808594,174.74368286132812
2016-03-30,15.12600040435791,62.19108200073242,175.51046752929688
2016-03-31,15.317999839782715,62.311397552490234,175.08444213867188
2016-04-01,15.839332580566406,62.381526947021484,176.2771453857422
2016-04-04,16.465999603271484,62.381526947021484,175.70639038085938
2016-04-05,17.031333923339844,62.494651794433594,173.95144653320312
2016-04-06,17.69466781616211,62.464500427246094,175.8512420654297
2016-04-07,17.14666748046875,62.6680793762207,173.74697875976562
2016-04-08,16.67133331298828,62.61529541015625,174.2155303955078
2016-04-11,16.661333084106445,62.6077766418457,173.806640625
2016-04-12,16.521333694458008,62.5097770690918,175.4252471923828
2016-04-13,16.968666076660156,62.547428131103516,177.19723510742188
2016-04-14,16.790666580200195,62.494651794433594,177.2056884765625
2016-04-15,16.96733283996582,62.637916564941406,177.00982666015625
2016-04-18,16.92533302307129,62.61529541015625,178.2536163330078
2016-04-19,16.4913330078125,62.65299987792969,178.81585693359375
2016-04-20,16.6646671295166,62.47956085205078,178.9862060546875
2016-04-21,16.55266761779785,62.40416717529297,178.02354431152344
2016-04-22,16.916667938232422,62.381526947021484,178.02354431152344
2016-04-25,16.788000106811523,62.30615997314453,177.7168731689453
2016-04-26,16.916000366210938,62.21567916870117,177.98095703125
2016-04-27,16.764667510986328,62.40416717529297,178.34730529785156
2016-04-28,16.513999938964844,62.517276763916016,176.72865295410156
2016-04-29,16.05066680908203,62.5625114440918,175.7745361328125
2016-05-02,16.1200008392334,62.45222473144531,177.17161560058594
2016-05-03,15.48799991607666,62.625946044921875,175.6297149658203
2016-05-04,14.837332725524902,62.64866638183594,174.65000915527344
2016-05-05,14.10200023651123,62.76197814941406,174.6158905029297
2016-05-06,14.328666687011719,62.73173904418945,175.25485229492188
2016-05-09,13.928000450134277,62.7770881652832,175.399658203125
2016-05-10,13.912667274475098,62.7770881652832,177.58056640625
2016-05-11,13.93066692352295,62.792232513427734,175.91937255859375
2016-05-12,13.8186674118042,62.799747467041016,175.97048950195312
2016-05-13,13.840666770935059,62.867774963378906,174.43699645996094
2016-05-16,13.88599967956543,62.73173904418945,176.15789794921875
2016-05-17,13.644000053405762,62.6863899230957,174.513671875
2016-05-18,14.07800006866455,62.39179229736328,174.56488037109375
2016-05-19,14.347332954406738,62.45977020263672,173.95994567871094
2016-05-20,14.685333251953125,62.45977020263672,175.0589141845703
2016-05-23,14.414667129516602,62.47487258911133,174.8204345703125
2016-05-24,14.52733325958252,62.44465637207031,177.08648681640625
2016-05-25,14.638667106628418,62.42195129394531,178.28768920898438
2016-05-26,15.008000373840332,62.52777099609375,178.33880615234375
2016-05-27,14.869333267211914,62.50511932373047,179.10548400878906
2016-05-30,14.869333267211914,62.50511932373047,179.10548400878906
2016-05-31,14.881999969482422,62.557979583740234,178.76475524902344
2016-06-01,14.637332916259766,62.57993698120117,179.13104248046875
2016-06-02,14.597332954406738,62.70109176635742,179.6763153076172
2016-06-03,14.599332809448242,63.09475326538086,179.13951110839844
2016-06-06,14.711999893188477,62.99631881713867,180.05116271972656
2016-06-07,15.489333152770996,63.0039176940918,180.33224487304688
2016-06-08,15.701333045959473,63.07961654663086,180.9200439453125
2016-06-09,15.290666580200195,63.14017105102539,180.67300415039062
2016-06-10,14.586000442504883,63.20072555541992,178.96066284179688
2016-06-13,14.524666786193848,63.215877532958984,177.58056640625
2016-06-14,14.330666542053223,63.208351135253906,177.2312774658203
2016-06-15,14.513333320617676,63.35213088989258,176.9842529296875
2016-06-16,14.528667449951172,63.42030715942383,177.51243591308594
2016-06-17,14.364666938781738,63.32941818237305,176.8513641357422
2016-06-20,14.646666526794434,63.18560791015625,177.99026489257812
2016-06-21,14.640666961669922,63.102294921875,178.4955596923828
2016-06-22,13.11066722869873,63.125057220458984,178.204345703125
2016-06-23,13.09333324432373,63.01144790649414,180.52505493164062
2016-06-24,12.876667022705078,63.367286682128906,174.04257202148438
2016-06-27,13.236666679382324,63.68525314331055,170.92547607421875
2016-06-28,13.452667236328125,63.76101303100586,174.0082550048828
2016-06-29,14.012666702270508,63.738250732421875,176.97120666503906
2016-06-30,14.152000427246094,63.82155227661133,179.38609313964844
2016-07-01,14.433333396911621,63.99907302856445,179.7628631591797
2016-07-04,14.433333396911621,63.99907302856445,179.7628631591797
2016-07-05,14.26533317565918,64.21900177001953,178.46981811523438
2016-07-06,14.295999526977539,64.3327865600586,179.54026794433594
2016-07-07,14.395999908447266,64.22662353515625,179.42892456054688
2016-07-08,14.45199966430664,64.3934326171875,182.1007080078125
2016-07-11,14.985333442687988,64.20384979248047,182.74298095703125
2016-07-12,14.976667404174805,63.94594192504883,184.07025146484375
2016-07-13,14.835332870483398,64.05974578857422,184.0445556640625
2016-07-14,14.768667221069336,63.96111297607422,185.07217407226562
2016-07-15,14.69333267211914,63.75631332397461,184.8238525390625
2016-07-18,15.083333015441895,63.77908706665039,185.32054138183594
2016-07-19,15.017333030700684,63.877681732177734,185.1321563720703
2016-07-20,15.223999977111816,63.809452056884766,185.90280151367188
2016-07-21,14.699999809265137,63.88526153564453,185.20068359375
2016-07-22,14.817999839782715,63.89284896850586,186.0313262939453
2016-07-25,15.333999633789062,63.85496139526367,185.52603149414062
2016-07-26,15.300666809082031,63.84734344482422,185.61170959472656
2016-07-27,15.232666969299316,64.03693389892578,185.41476440429688
2016-07-28,15.37399959564209,63.99907302856445,185.62879943847656
2016-07-29,15.652667045593262,64.20384979248047,185.9285125732422
2016-08-01,15.333999633789062,64.0024185180664,185.7743682861328
2016-08-02,15.146666526794434,63.941619873046875,184.5841064453125
2016-08-03,15.052666664123535,63.941619873046875,185.12359619140625
2016-08-04,15.37399959564209,64.05560302734375,185.32054138183594
2016-08-05,15.335332870483398,63.84285354614258,186.8362579345703
2016-08-08,15.077333450317383,63.850440979003906,186.72494506835938
2016-08-09,15.272000312805176,64.0328369140625,186.8362579345703
2016-08-10,15.043333053588867,64.116455078125,186.37380981445312
2016-08-11,14.994000434875488,63.949222564697266,187.23878479003906
2016-08-12,15.040666580200195,64.09368133544922,187.07603454589844
2016-08-15,15.03933334350586,63.98725509643555,187.6155242919922
2016-08-16,14.907333374023438,63.956844329833984,186.64785766601562
2016-08-17,14.88266658782959,64.05560302734375,186.9989013671875
2016-08-18,14.900667190551758,64.1240463256836,187.41851806640625
2016-08-19,15.0,63.99484634399414,187.14454650878906
2016-08-22,14.862000465393066,64.08605194091797,187.135986328125
2016-08-23,14.989333152770996,64.116455078125,187.51275634765625
2016-08-24,14.841333389282227,64.1088638305664,186.55368041992188
2016-08-25,14.730667114257812,64.04045104980469,186.4252471923828
2016-08-26,14.666000366210938,63.880855560302734,186.0741424560547
2016-08-29,14.346667289733887,64.10122680664062,186.99038696289062
2016-08-30,14.089332580566406,64.0480728149414,186.68209838867188
2016-08-31,14.133999824523926,64.0024185180664,186.15118408203125
2016-09-01,13.38466739654541,64.09078216552734,186.15972900390625
2016-09-02,13.185333251953125,63.999420166015625,186.9989013671875
2016-09-05,13.185333251953125,63.999420166015625,186.9989013671875
2016-09-06,13.522000312805176,64.18975067138672,187.56414794921875
2016-09-07,13.447333335876465,64.1973876953125,187.54701232910156
2016-09-08,13.157333374023438,63.95371627807617,187.11883544921875
2016-09-09,12.964667320251465,63.67194366455078,182.64019775390625
2016-09-12,13.220000267028809,63.694766998291016,185.2605438232422
2016-09-13,13.069999694824219,63.51200485229492,182.5973663330078
2016-09-14,13.093999862670898,63.59580612182617,182.5288848876953
2016-09-15,13.361332893371582,63.64909362792969,184.3528594970703
2016-09-16,13.69333267211914,63.70238494873047,183.6402587890625
2016-09-19,13.755999565124512,63.65670394897461,183.67466735839844
2016-09-20,13.642666816711426,63.67194366455078,183.68325805664062
2016-09-21,13.6813325881958,63.85471725463867,185.74891662597656
2016-09-22,13.76200008392334,63.98418045043945,186.91937255859375
2016-09-23,13.829999923706055,63.96895980834961,185.89515686035156
2016-09-26,13.932666778564453,64.07554626464844,184.38897705078125
2016-09-27,13.720666885375977,64.1517105102539,185.53369140625
2016-09-28,13.751333236694336,64.1517105102539,186.45460510253906
2016-09-29,13.380000114440918,64.15931701660156,184.76773071289062
2016-09-30,13.60200023651123,64.07554626464844,186.16204833984375
2016-10-03,14.24666690826416,64.0076904296875,185.7144775390625
2016-10-04,14.093999862670898,63.794002532958984,184.76773071289062
2016-10-05,13.897333145141602,63.68718719482422,185.5853729248047
2016-10-06,13.399999618530273,63.66431427001953,185.7144775390625
2016-10-07,13.107333183288574,63.71768569946289,185.0775909423828
2016-10-10,13.396666526794434,63.649024963378906,186.04148864746094
2016-10-11,13.34000015258789,63.54982376098633,183.6918487548828
2016-10-12,13.434000015258789,63.58803176879883,183.932861328125
2016-10-13,13.349332809448242,63.66431427001953,183.33035278320312
2016-10-14,13.100666999816895,63.53459167480469,183.42506408691406
2016-10-17,12.93066692352295,63.67192840576172,182.78819274902344
2016-10-18,13.273332595825195,63.75584030151367,183.932861328125
2016-10-19,13.570667266845703,63.80164337158203,184.42344665527344
2016-10-20,13.273332595825195,63.76343536376953,184.07919311523438
2016-10-21,13.339332580566406,63.816917419433594,184.165283203125
2016-10-24,13.517333030700684,63.725341796875,184.94842529296875
2016-10-25,13.489333152770996,63.725341796875,184.32870483398438
2016-10-26,13.482666969299316,63.61085891723633,183.9586944580078
2016-10-27,13.600666999816895,63.435447692871094,183.46812438964844
2016-10-28,13.33133316040039,63.40492630004883,182.92587280273438
2016-10-31,13.182000160217285,63.473541259765625,182.93453979492188
2016-11-01,12.719332695007324,63.452919006347656,181.6090545654297
2016-11-02,12.534667015075684,63.51405715942383,180.51602172851562
2016-11-03,12.494667053222656,63.475868225097656,179.6897430419922
2016-11-04,12.704000473022461,63.59050369262695,179.49185180664062
2016-11-07,12.880666732788086,63.506431579589844,183.45086669921875
2016-11-08,12.996000289916992,63.39175796508789,184.27711486816406
2016-11-09,12.670666694641113,62.76487350463867,186.2308807373047
2016-11-10,12.356666564941406,62.497276306152344,186.69561767578125
2016-11-11,12.570667266845703,62.382625579833984,186.2652587890625
2016-11-14,12.096667289733887,62.14561462402344,186.41159057617188
2016-11-15,12.251333236694336,62.22971725463867,187.8661346435547
2016-11-16,12.26200008392334,62.359676361083984,187.51324462890625
2016-11-17,12.577333450317383,62.10740280151367,188.47715759277344
2016-11-18,12.334667205810547,61.9544792175293,188.05548095703125
2016-11-21,12.3013334274292,61.94683837890625,189.4755401611328
2016-11-22,12.744667053222656,62.000362396240234,189.8456268310547
2016-11-23,12.87600040435791,61.839839935302734,189.94891357421875
2016-11-24,12.87600040435791,61.839839935302734,189.94891357421875
2016-11-25,13.109999656677246,61.86275100708008,190.65463256835938
2016-11-28,13.074666976928711,62.008033752441406,189.7595672607422
2016-11-29,12.637999534606934,62.05390167236328,190.1296844482422
2016-11-30,12.626667022705078,61.839839935302734,189.6735076904297
2016-12-01,12.125332832336426,61.61003875732422,188.9763946533203
2016-12-02,12.097999572753906,61.83216094970703,189.07102966308594
2016-12-05,12.453332901000977,61.90876007080078,190.2071075439453
2016-12-06,12.390000343322754,61.901126861572266,190.80958557128906
2016-12-07,12.876667022705078,62.04665756225586,193.30551147460938
2016-12-08,12.81933307647705,61.92411804199219,193.77890014648438
2016-12-09,12.812000274658203,61.74027633666992,194.9493408203125
2016-12-12,12.828666687011719,61.67129898071289,194.72561645507812
2016-12-13,13.210000038146973,61.74027633666992,196.0251922607422
2016-12-14,13.246000289916992,61.426151275634766,194.40716552734375
2016-12-15,13.17199993133545,61.33423614501953,195.20758056640625
2016-12-16,13.499333381652832,61.387874603271484,194.82577514648438
2016-12-19,13.51533317565918,61.54875183105469,195.25001525878906
2016-12-20,13.919333457946777,61.55640411376953,196.00323486328125
2016-12-21,13.846667289733887,61.64833068847656,195.457763671875
2016-12-22,13.896666526794434,61.60608673095703,195.1201629638672
2016-12-23,14.22266674041748,61.63681411743164,195.40585327148438
2016-12-26,14.22266674041748,61.63681411743164,195.40585327148438
2016-12-27,14.635333061218262,61.59069061279297,195.89064025878906
2016-12-28,14.649333000183105,61.74431610107422,194.27174377441406
2016-12-29,14.312000274658203,61.91328430175781,194.22845458984375
2016-12-30,14.246000289916992,62.043819427490234,193.51853942871094
2017-01-02,14.246000289916992,62.043819427490234,193.51853942871094
2017-01-03,14.465999603271484,62.05154037475586,194.99893188476562
2017-01-04,15.13266658782959,62.09757614135742,196.1590576171875
2017-01-05,15.116666793823242,62.412479400634766,196.00323486328125
2017-01-06,15.267333030700684,62.16672897338867,196.70445251464844
2017-01-09,15.41866683959961,62.320308685302734,196.05514526367188
2017-01-10,15.324666976928711,62.30492401123047,196.05514526367188
2017-01-11,15.315333366394043,62.335628509521484,196.6092071533203
2017-01-12,15.305999755859375,62.35102844238281,196.11575317382812
2017-01-13,15.850000381469727,62.251182556152344,196.5659637451172
2017-01-16,15.850000381469727,62.251182556152344,196.5659637451172
2017-01-17,15.70533275604248,62.44316482543945,195.87335205078125
2017-01-18,15.890666961669922,62.120628356933594,196.30621337890625
2017-01-19,16.250667572021484,62.01310348510742,195.5789794921875
2017-01-20,16.315332412719727,62.0591926574707,196.29751586914062
2017-01-23,16.594667434692383,62.228145599365234,195.78677368164062
2017-01-24,16.974000930786133,62.13597106933594,197.04209899902344
2017-01-25,16.96466636657715,61.9516716003418,198.74757385253906
2017-01-26,16.833999633789062,61.97472381591797,198.539794921875
2017-01-27,16.863332748413086,62.043819427490234,198.22813415527344
2017-01-30,16.708667755126953,62.028480529785156,196.998779296875
2017-01-31,16.795333862304688,62.15904235839844,196.98146057128906
2017-02-01,16.615999221801758,62.049713134765625,197.0594024658203
2017-02-02,16.770000457763672,62.08819580078125,197.18927001953125
2017-02-03,16.755332946777344,62.10365295410156,198.5484619140625
2017-02-06,17.184667587280273,62.2960090637207,198.19349670410156
2017-02-07,17.165332794189453,62.395999908447266,198.20217895507812
2017-02-08,17.472000122070312,62.56534957885742,198.46189880371094
2017-02-09,17.946666717529297,62.395999908447266,199.63931274414062
2017-02-10,17.948667526245117,62.380672454833984,200.42709350585938
2017-02-13,18.706666946411133,62.3113899230957,201.5179901123047
2017-02-14,18.73200035095215,62.18056869506836,202.32313537597656
2017-02-15,18.650667190551758,62.08051300048828,203.3793182373047
2017-02-16,17.93000030517578,62.195987701416016,203.20614624023438
2017-02-17,18.148666381835938,62.34218215942383,203.52647399902344
2017-02-20,18.148666381835938,62.34218215942383,203.52647399902344
2017-02-21,18.492666244506836,62.334476470947266,204.73846435546875
2017-02-22,18.233999252319336,62.37297439575195,204.55670166015625
2017-02-23,17.06599998474121,62.488407135009766,204.69520568847656
2017-02-24,17.133333206176758,62.71925735473633,204.95494079589844
2017-02-27,16.415332794189453,62.58845901489258,205.27523803710938
2017-02-28,16.666000366210938,62.54225540161133,204.72116088867188
2017-03-01,16.667999267578125,62.28624725341797,207.58680725097656
2017-03-02,16.698667526245117,62.170589447021484,206.2794952392578
2017-03-03,16.771333694458008,62.216888427734375,206.40939331054688
2017-03-06,16.747333526611328,62.17832946777344,205.79469299316406
2017-03-07,16.57266616821289,62.06265640258789,205.1800537109375
2017-03-08,16.45800018310547,61.916175842285156,204.79908752441406
2017-03-09,16.32666778564453,61.723358154296875,205.05882263183594
2017-03-10,16.246000289916992,61.84677505493164,205.77740478515625
2017-03-13,16.411333084106445,61.723358154296875,205.8813018798828
2017-03-14,17.200000762939453,61.71571350097656,205.09344482421875
2017-03-15,17.048667907714844,62.10118103027344,206.8682403564453
2017-03-16,17.469999313354492,62.008705139160156,206.4613037109375
2017-03-17,17.433332443237305,62.13205337524414,206.0988006591797
2017-03-20,17.461332321166992,62.25543212890625,205.87271118164062
2017-03-21,16.711999893188477,62.40191650390625,203.2293701171875
2017-03-22,17.000667572021484,62.486717224121094,203.7075653076172
2017-03-23,16.985332489013672,62.45591735839844,203.4901580810547
2017-03-24,17.54400062561035,62.44048309326172,203.3424530029297
2017-03-27,18.014667510986328,62.571556091308594,203.13372802734375
2017-03-28,18.496667861938477,62.45591735839844,204.6118927001953
2017-03-29,18.492000579833984,62.57926559448242,204.80316162109375
2017-03-30,18.527999877929688,62.47905731201172,205.45530700683594
2017-03-31,18.553333282470703,62.51759719848633,204.9771270751953
2017-04-03,19.90133285522461,62.74477005004883,204.62059020996094
2017-04-04,20.246667861938477,62.67518997192383,204.7509765625
2017-04-05,19.666667938232422,62.729347229003906,204.14234924316406
2017-04-06,19.913333892822266,62.75250244140625,204.71621704101562
2017-04-07,20.16933250427246,62.61343002319336,204.50753784179688
2017-04-10,20.826000213623047,62.67518997192383,204.62924194335938
2017-04-11,20.58066749572754,62.87614822387695,204.3857879638672
2017-04-12,19.78933334350586,63.022953033447266,203.4901580810547
2017-04-13,20.266666412353516,63.115657806396484,202.1685791015625
2017-04-14,20.266666412353516,63.115657806396484,202.1685791015625
2017-04-17,20.09600067138672,63.077030181884766,203.95980834960938
2017-04-18,20.016666412353516,63.3011474609375,203.35113525390625
2017-04-19,20.368000030517578,63.18522644042969,202.9772186279297
2017-04-20,20.167333602905273,63.1002082824707,204.62924194335938
2017-04-21,20.373332977294922,63.115657806396484,203.9771728515625
2017-04-24,20.53533363342285,63.030696868896484,206.22048950195312
2017-04-25,20.91933250427246,62.83750534057617,207.42039489746094
2017-04-26,20.67799949645996,62.89931869506836,207.2899169921875
2017-04-27,20.575332641601562,62.945655822753906,207.46388244628906
2017-04-28,20.937999725341797,63.01523208618164,207.01170349121094
2017-05-01,21.52199935913086,62.89751052856445,207.5333709716797
2017-05-02,21.25933265686035,63.005916595458984,207.61166381835938
2017-05-03,20.73466682434082,62.93622589111328,207.3594970703125
2017-05-04,19.69733238220215,62.86652755737305,207.6029510498047
2017-05-05,20.55666732788086,62.90526580810547,208.4202880859375
2017-05-08,20.479333877563477,62.796875,208.38555908203125
2017-05-09,21.417333602905273,62.76591491699219,208.19427490234375
2017-05-10,21.681333541870117,62.75817108154297,208.56813049316406
2017-05-11,21.540000915527344,62.80457305908203,208.1420440673828
2017-05-12,21.65399932861328,62.99047088623047,207.79425048828125
2017-05-15,21.058666229248047,62.97494888305664,208.94203186035156
2017-05-16,21.134000778198242,63.03689193725586,208.7507781982422
2017-05-17,20.407333374023438,63.37761306762695,205.046630859375
2017-05-18,20.87066650390625,63.32341766357422,205.87271118164062
2017-05-19,20.722000122070312,63.362117767333984,207.2117156982422
2017-05-22,20.690000534057617,63.307865142822266,208.26380920410156
2017-05-23,20.257333755493164,63.17625427246094,208.72467041015625
2017-05-24,20.681333541870117,63.307865142822266,209.2115478515625
2017-05-25,21.121999740600586,63.307865142822266,210.21151733398438
2017-05-26,21.676000595092773,63.33887481689453,210.16806030273438
2017-05-29,21.676000595092773,63.33887481689453,210.16806030273438
2017-05-30,22.34000015258789,63.43183517456055,209.98541259765625
2017-05-31,22.733999252319336,63.46274185180664,209.9332733154297
2017-06-01,22.691333770751953,63.47985076904297,211.60267639160156
2017-06-02,22.656667709350586,63.6893424987793,212.30699157714844
2017-06-05,23.154666900634766,63.58848571777344,212.15049743652344
2017-06-06,23.523332595825195,63.70485305786133,211.4722900390625
2017-06-07,23.976667404174805,63.619503021240234,211.8635711669922
2017-06-08,24.666667938232422,63.57296371459961,211.96786499023438
2017-06-09,23.821332931518555,63.51860809326172,211.64613342285156
2017-06-12,23.93400001525879,63.50311279296875,211.60267639160156
2017-06-13,25.06333351135254,63.51860809326172,212.63739013671875
2017-06-14,25.37733268737793,63.75141906738281,212.36790466308594
2017-06-15,25.022666931152344,63.681617736816406,211.95916748046875
2017-06-16,24.760000228881836,63.75141906738281,212.00552368164062
2017-06-19,24.65333366394043,63.658294677734375,213.77047729492188
2017-06-20,24.81599998474121,63.75141906738281,212.32875061035156
2017-06-21,25.093332290649414,63.78244400024414,212.27639770507812
2017-06-22,25.507333755493164,63.80573654174805,212.18023681640625
2017-06-23,25.56333351135254,63.82125473022461,212.43368530273438
2017-06-26,25.166000366210938,63.891082763671875,212.57345581054688
2017-06-27,24.158000946044922,63.67385482788086,210.8609161376953
2017-06-28,24.749332427978516,63.67385482788086,212.74822998046875
2017-06-29,24.049999237060547,63.54191207885742,210.87832641601562
2017-06-30,24.107332229614258,63.49534606933594,211.2715606689453
2017-07-03,23.507999420166016,63.50234603881836,211.62982177734375
2017-07-04,23.507999420166016,63.50234603881836,211.62982177734375
2017-07-05,21.805999755859375,63.5413703918457,212.11911010742188
2017-07-06,20.588666915893555,63.39329147338867,210.1793975830078
2017-07-07,20.881332397460938,63.37770462036133,211.5424346923828
2017-07-10,21.06999969482422,63.40886306762695,211.7695770263672
2017-07-11,21.814666748046875,63.47118377685547,211.6123046875
2017-07-12,21.968000411987305,63.619266510009766,213.20249938964844
2017-07-13,21.560667037963867,63.595882415771484,213.56076049804688
2017-07-14,21.851999282836914,63.619266510009766,214.5568389892578
2017-07-17,21.30466651916504,63.70492935180664,214.53067016601562
2017-07-18,21.882667541503906,63.853004455566406,214.64422607421875
2017-07-19,21.68400001525879,63.86079025268555,215.80628967285156
2017-07-20,21.994667053222656,63.899757385253906,215.90243530273438
2017-07-21,21.893333435058594,63.96986389160156,215.71022033691406
2017-07-24,22.834667205810547,63.93876647949219,215.65773010253906
2017-07-25,22.639999389648438,63.6971435546875,216.1820526123047
2017-07-26,22.92333221435547,63.853004455566406,216.19078063964844
2017-07-27,22.297332763671875,63.775115966796875,215.98977661132812
2017-07-28,22.33799934387207,63.891998291015625,215.7364501953125
2017-07-31,21.564666748046875,63.88417434692383,215.6140899658203
2017-08-01,21.30466651916504,64.1439208984375,216.09469604492188
2017-08-02,21.72599983215332,64.10480499267578,216.199462890625
2017-08-03,23.139333724975586,64.2378158569336,215.78012084960938
2017-08-04,23.79400062561035,64.13611602783203,216.17330932617188
2017-08-07,23.67799949645996,64.15961456298828,216.57518005371094
2017-08-08,24.347999572753906,64.07354736328125,216.04220581054688
2017-08-09,24.235332489013672,64.1204833984375,216.03347778320312
2017-08-10,23.69333267211914,64.2143783569336,212.98410034179688
2017-08-11,23.857999801635742,64.26908111572266,213.2987060546875
2017-08-14,24.253332138061523,64.22216033935547,215.41311645507812
2017-08-15,24.155332565307617,64.1126480102539,215.38693237304688
2017-08-16,24.194000244140625,64.20658874511719,215.7626495361328
2017-08-17,23.461332321166992,64.32389068603516,212.39869689941406
2017-08-18,23.163999557495117,64.29257202148438,212.0666961669922
2017-08-21,22.52400016784668,64.32389068603516,212.23269653320312
2017-08-22,22.75666618347168,64.24565124511719,214.45201110839844
2017-08-23,23.51799964904785,64.43345642089844,213.68307495117188
2017-08-24,23.528667449951172,64.33952331542969,213.18504333496094
2017-08-25,23.203332901000977,64.41780853271484,213.68307495117188
2017-08-28,23.04400062561035,64.44911193847656,213.6918487548828
2017-08-29,23.157333374023438,64.5195541381836,213.9364776611328
2017-08-30,23.545333862304688,64.5116958618164,214.9499969482422
2017-08-31,23.726667404174805,64.56644439697266,216.24313354492188
2017-09-01,23.69333267211914,64.45980072021484,216.54896545410156
2017-09-04,23.69333267211914,64.45980072021484,216.54896545410156
2017-09-05,23.305999755859375,64.72637176513672,214.9937286376953
2017-09-06,22.968666076660156,64.61662292480469,215.72769165039062
2017-09-07,23.374000549316406,64.82048034667969,215.7014617919922
2017-09-08,22.893333435058594,64.74990844726562,215.4480743408203
2017-09-11,24.246000289916992,64.55390167236328,217.74603271484375
2017-09-12,24.183332443237305,64.45980072021484,218.47999572753906
2017-09-13,24.415332794189453,64.38141632080078,218.5847930908203
2017-09-14,25.176000595092773,64.4206314086914,218.51492309570312
2017-09-15,25.320667266845703,64.42841339111328,218.80906677246094
2017-09-18,25.666667938232422,64.38141632080078,219.27444458007812
2017-09-19,25.00666618347168,64.3343505859375,219.49398803710938
2017-09-20,24.92733383178711,64.27950286865234,219.57301330566406
2017-09-21,24.43199920654297,64.26377868652344,218.98471069335938
2017-09-22,23.4060001373291,64.3265151977539,219.0286407470703
2017-09-25,22.999332427978516,64.46764373779297,218.58078002929688
2017-09-26,23.016666412353516,64.436279296875,218.7124786376953
2017-09-27,22.731332778930664,64.2402572631836,219.56423950195312
2017-09-28,22.639999389648438,64.2559585571289,219.82760620117188
2017-09-29,22.739999771118164,64.26377868652344,220.60037231445312
2017-10-02,22.768667221069336,64.23863983154297,221.55751037597656
2017-10-03,23.209333419799805,64.27008056640625,222.03163146972656
2017-10-04,23.667333602905273,64.27008056640625,222.29505920410156
2017-10-05,23.68866729736328,64.22294616699219,223.61216735839844
2017-10-06,23.79199981689453,64.15223693847656,223.3575439453125
2017-10-09,22.862667083740234,64.21509552001953,222.98876953125
2017-10-10,23.70599937438965,64.24651336669922,223.5770263671875
2017-10-11,23.639999389648438,64.27792358398438,223.9282989501953
2017-10-12,23.711999893188477,64.33293151855469,223.5946502685547
2017-10-13,23.704666137695312,64.46649932861328,223.86680603027344
2017-10-16,23.373332977294922,64.40367126464844,224.16539001464844
2017-10-17,23.71666717529297,64.4115219116211,224.32345581054688
2017-10-18,23.976667404174805,64.30939483642578,224.54295349121094
2017-10-19,23.45400047302246,64.3408432006836,224.60440063476562
2017-10-20,23.00666618347168,64.18370056152344,225.7634735107422
2017-10-23,22.468000411987305,64.23863983154297,224.88536071777344
2017-10-24,22.48933219909668,64.1286392211914,225.28053283691406
2017-10-25,21.722667694091797,64.07368469238281,224.16539001464844
2017-10-26,21.744667053222656,63.99506759643555,224.4551544189453
2017-10-27,21.391332626342773,64.13651275634766,226.29031372070312
2017-10-30,21.338666915893555,64.28582000732422,225.4473419189453
2017-10-31,22.101999282836914,64.24651336669922,225.79859924316406
2017-11-01,21.405332565307617,64.28824615478516,226.09715270996094
2017-11-02,19.950666427612305,64.3512191772461,226.1848907470703
2017-11-03,20.4060001373291,64.4063491821289,226.9401092529297
2017-11-06,20.185333251953125,64.45359802246094,227.29132080078125
2017-11-07,20.40333366394043,64.47724151611328,227.13331604003906
2017-11-08,20.292667388916016,64.4299545288086,227.51962280273438
2017-11-09,20.19933319091797,64.3669662475586,226.69424438476562
2017-11-10,20.19933319091797,64.1071548461914,226.62400817871094
2017-11-13,21.02666664123535,64.11500549316406,226.83468627929688
2017-11-14,20.579999923706055,64.19371032714844,226.3079071044922
2017-11-15,20.753332138061523,64.34335327148438,225.1751708984375
2017-11-16,20.833332061767578,64.25672912597656,227.08938598632812
2017-11-17,21.003332138061523,64.31975555419922,226.42202758789062
2017-11-20,20.582666397094727,64.28033447265625,226.80836486816406
2017-11-21,21.187332153320312,64.3354721069336,228.29232788085938
2017-11-22,20.84000015258789,64.4693374633789,228.0904083251953
2017-11-23,20.84000015258789,64.4693374633789,228.0904083251953
2017-11-24,21.036666870117188,64.45359802246094,228.61727905273438
2017-11-27,21.12066650390625,64.4299545288086,228.5031280517578
2017-11-28,21.170000076293945,64.4299545288086,230.82119750976562
2017-11-29,20.502666473388672,64.27249908447266,230.6807403564453
2017-11-30,20.59000015258789,64.17803192138672,232.70034790039062
2017-12-01,20.435333251953125,64.35001373291016,232.21739196777344
2017-12-04,20.34666633605957,64.35787200927734,231.9363555908203
2017-12-05,20.246667861938477,64.43678283691406,231.10223388671875
2017-12-06,20.884000778198242,64.50779724121094,231.14610290527344
2017-12-07,20.749332427978516,64.42101287841797,231.8749237060547
2017-12-08,21.0086669921875,64.39734649658203,233.1393280029297
2017-12-11,21.92733383178711,64.35001373291016,233.841796875
2017-12-12,22.735332489013672,64.34212493896484,234.25454711914062
2017-12-13,22.601999282836914,64.52359008789062,234.22817993164062
2017-12-14,22.525999069213867,64.54723358154297,233.2710418701172
2017-12-15,22.89666748046875,64.55517578125,235.21359252929688
2017-12-18,22.591333389282227,64.45259857177734,236.7051544189453
2017-12-19,22.073333740234375,64.25537109375,235.7960968017578
2017-12-20,21.93199920654297,64.12906646728516,235.67247009277344
2017-12-21,22.110666275024414,64.16853332519531,236.157958984375
2017-12-22,21.68000030517578,64.20011138916016,236.09625244140625
2017-12-25,21.68000030517578,64.20011138916016,236.09625244140625
2017-12-26,21.152666091918945,64.26419067382812,235.81375122070312
2017-12-27,20.775999069213867,64.46189880371094,235.9285125732422
2017-12-28,21.02400016784668,64.42242431640625,236.4138946533203
2017-12-29,20.75666618347168,64.52519226074219,235.5225372314453
2018-01-01,20.75666618347168,64.52519226074219,235.5225372314453
2018-01-02,21.368667602539062,64.34327697753906,237.2082061767578
2018-01-03,21.149999618530273,64.39866638183594,238.70863342285156
2018-01-04,20.974666595458984,64.36701965332031,239.71469116210938
2018-01-05,21.10533332824707,64.27996826171875,241.31207275390625
2018-01-08,22.42733383178711,64.28788757324219,241.7534637451172
2018-01-09,22.246000289916992,64.09803009033203,242.30067443847656
2018-01-10,22.31999969482422,64.10597229003906,241.92994689941406
2018-01-11,22.530000686645508,64.10597229003906,243.695068359375
2018-01-12,22.4146671295166,64.09803009033203,245.28375244140625
2018-01-15,22.4146671295166,64.09803009033203,245.28375244140625
2018-01-16,22.67066764831543,64.1455078125,244.44537353515625
2018-01-17,23.143999099731445,64.07430267333984,246.77520751953125
2018-01-18,22.971332550048828,63.947757720947266,246.3605194091797
2018-01-19,23.334667205810547,63.813331604003906,247.48133850097656
2018-01-22,23.437332153320312,63.76580810546875,249.49363708496094
2018-01-23,23.519332885742188,63.93193054199219,250.0231170654297
2018-01-24,23.05933380126953,63.8607292175293,249.9261016845703
2018-01-25,22.50933265686035,64.0347900390625,250.03195190429688
2018-01-26,22.856666564941406,63.91615295410156,252.9267578125
2018-01-29,23.302000045776367,63.82910919189453,251.24996948242188
2018-01-30,23.05466651916504,63.71044158935547,248.67282104492188
2018-01-31,23.62066650390625,63.72624206542969,248.79641723632812
2018-02-01,23.28333282470703,63.54946517944336,248.513916015625
2018-02-02,22.916667938232422,63.35919189453125,243.1038055419922
2018-02-05,22.208667755126953,63.63664627075195,232.93658447265625
2018-02-06,22.264667510986328,63.430545806884766,237.5260009765625
2018-02-07,23.0,63.28787612915039,236.2373809814453
2018-02-08,21.01533317565918,63.24029541015625,227.3763885498047
2018-02-09,20.69466781616211,63.081756591796875,230.79193115234375
2018-02-12,21.048667907714844,63.09756851196289,234.18099975585938
2018-02-13,21.577333450317383,63.1530647277832,234.76345825195312
2018-02-14,21.487333297729492,62.94697570800781,237.93185424804688
2018-02-15,22.271333694458008,63.010414123535156,240.96803283691406
2018-02-16,22.365999221801758,63.1451530456543,241.03855895996094
2018-02-19,22.365999221801758,63.1451530456543,241.03855895996094
2018-02-20,22.31800079345703,63.081756591796875,239.52940368652344
2018-02-21,22.219999313354492,62.84393310546875,238.33790588378906
2018-02-22,23.077999114990234,62.9232177734375,238.64675903320312
2018-02-23,23.469999313354492,63.08964920043945,242.45065307617188
2018-02-26,23.827999114990234,63.12134552001953,245.2659912109375
2018-02-27,23.39933204650879,62.98662567138672,242.2035675048828
2018-02-28,22.87066650390625,63.06588363647461,239.7500457763672
2018-03-01,22.062000274658203,63.17314529418945,236.263916015625
2018-03-02,22.341333389282227,63.05398941040039,237.48182678222656
2018-03-05,22.22333335876465,63.01421356201172,240.22659301757812
2018-03-06,21.8799991607666,63.038063049316406,240.83555603027344
2018-03-07,22.15333366394043,63.02214813232422,240.747314453125
2018-03-08,21.940000534057617,63.093692779541016,241.91233825683594
2018-03-09,21.81133270263672,63.01421356201172,246.12208557128906
2018-03-12,23.034000396728516,63.07778549194336,245.81326293945312
2018-03-13,22.78933334350586,63.093692779541016,244.2247314453125
2018-03-14,21.775333404541016,63.22872543334961,242.97140502929688
2018-03-15,21.706666946411133,63.236717224121094,242.7065887451172
2018-03-16,21.42333221435547,63.18109130859375,242.96981811523438
2018-03-19,20.90399932861328,63.13336944580078,239.68238830566406
2018-03-20,20.703332901000977,63.05398941040039,240.08998107910156
2018-03-21,21.101999282836914,63.05398941040039,239.629150390625
2018-03-22,20.606666564941406,63.15727233886719,233.6392059326172
2018-03-23,20.1026668548584,63.17314529418945,228.65921020507812
2018-03-26,20.278667449951172,63.13336944580078,234.9150848388672
2018-03-27,18.61199951171875,63.34788131713867,230.9188232421875
2018-03-28,17.185333251953125,63.339927673339844,230.23648071289062
2018-03-29,17.742000579833984,63.49887466430664,233.1783447265625
2018-03-30,17.742000579833984,63.49887466430664,233.1783447265625
2018-04-02,16.832000732421875,63.49083709716797,228.1453094482422
2018-04-03,17.8353328704834,63.4191780090332,231.06939697265625
2018-04-04,19.12933349609375,63.4191780090332,233.5417022705078
2018-04-05,20.381332397460938,63.33161544799805,235.38473510742188
2018-04-06,19.953332901000977,63.49083709716797,230.1389923095703
2018-04-09,19.310667037963867,63.55459976196289,231.27325439453125
2018-04-10,20.31333351135254,63.443084716796875,234.9506072998047
2018-04-11,20.062000274658203,63.49083709716797,233.71885681152344
2018-04-12,19.60533332824707,63.37141418457031,235.6417694091797
2018-04-13,20.022666931152344,63.4191780090332,234.9506072998047
2018-04-16,19.413999557495117,63.42716979980469,236.8822021484375
2018-04-17,19.179332733154297,63.451080322265625,239.41650390625
2018-04-18,19.55666732788086,63.24397659301758,239.5937957763672
2018-04-19,20.005332946777344,63.09267044067383,238.26466369628906
2018-04-20,19.349332809448242,62.933387756347656,236.2442169189453
2018-04-23,18.891332626342773,62.901493072509766,236.20880126953125
2018-04-24,18.8973331451416,62.7900505065918,233.02774047851562
2018-04-25,18.71266746520996,62.702449798583984,233.60365295410156
2018-04-26,19.031999588012695,62.829833984375,235.97840881347656
2018-04-27,19.60533332824707,62.925392150878906,236.19998168945312
2018-04-30,19.593332290649414,62.957271575927734,234.3834991455078
2018-05-01,19.994667053222656,62.85987854003906,234.7999267578125
2018-05-02,20.07666778564453,62.867881774902344,233.22268676757812
2018-05-03,18.963333129882812,62.923763275146484,232.7086944580078
2018-05-04,19.606000900268555,62.96364974975586,235.72145080566406
2018-05-07,20.184667587280273,62.931739807128906,236.5189971923828
2018-05-08,20.131332397460938,62.88381576538086,236.5189971923828
2018-05-09,20.456666946411133,62.8120002746582,238.80514526367188
2018-05-10,20.334667205810547,62.93970489501953,241.03811645507812
2018-05-11,20.070667266845703,63.00358200073242,241.77354431152344
2018-05-14,19.46466636657715,62.923763275146484,241.88877868652344
2018-05-15,18.94533348083496,62.628414154052734,240.22291564941406
2018-05-16,19.09866714477539,62.58050537109375,241.23300170898438
2018-05-17,18.96933364868164,62.5246696472168,241.02931213378906
2018-05-18,18.454666137695312,62.692264556884766,240.42669677734375
2018-05-21,18.965999603271484,62.692264556884766,242.2343292236328
2018-05-22,18.333999633789062,62.70823669433594,241.56094360351562
2018-05-23,18.60466766357422,62.89982604980469,242.22540283203125
2018-05-24,18.523332595825195,63.02751159667969,241.72921752929688
2018-05-25,18.59000015258789,63.163211822509766,241.15330505371094
2018-05-28,18.59000015258789,63.163211822509766,241.15330505371094
2018-05-29,18.917333602905273,63.60225296020508,238.37974548339844
2018-05-30,19.447999954223633,63.410701751708984,241.56094360351562
2018-05-31,18.98200035095215,63.3867073059082,240.0811309814453
2018-06-01,19.454666137695312,63.426002502441406,242.43814086914062
2018-06-04,19.78266716003418,63.28968811035156,243.5900115966797
2018-06-05,19.408666610717773,63.3458137512207,243.767333984375
2018-06-06,21.299999237060547,63.16941452026367,245.8053436279297
2018-06-07,21.07266616821289,63.329776763916016,245.77879333496094
2018-06-08,21.17733383178711,63.24958419799805,246.50537109375
2018-06-11,22.139999389648438,63.19344711303711,246.83322143554688
2018-06-12,22.851333618164062,63.18544387817383,247.1522216796875
2018-06-13,22.985332489013672,63.14535140991211,246.3636016845703
2018-06-14,23.847999572753906,63.28164291381836,246.98391723632812
2018-06-15,23.878000259399414,63.28968811035156,246.66873168945312
2018-06-18,24.722000122070312,63.28968811035156,246.16146850585938
2018-06-19,23.503332138061523,63.3939094543457,245.21792602539062
2018-06-20,24.148000717163086,63.24958419799805,245.63632202148438
2018-06-21,23.167333602905273,63.28164291381836,244.09642028808594
2018-06-22,22.242000579833984,63.32175827026367,244.5414581298828
2018-06-25,22.200666427612305,63.313720703125,241.212646484375
2018-06-26,22.799999237060547,63.417999267578125,241.74661254882812
2018-06-27,22.96666717529297,63.57034683227539,239.7439727783203
2018-06-28,23.32866668701172,63.52223205566406,241.11471557617188
2018-06-29,22.863332748413086,63.5062141418457,241.46180725097656
2018-07-02,22.33799934387207,63.46680450439453,241.9779815673828
2018-07-03,20.724000930786133,63.595436096191406,241.1236114501953
2018-07-04,20.724000930786133,63.595436096191406,241.1236114501953
2018-07-05,20.610666275024414,63.683834075927734,243.09060668945312
2018-07-06,20.593332290649414,63.75617218017578,245.14669799804688
2018-07-09,21.233999252319336,63.69992446899414,247.35411071777344
2018-07-10,21.49799919128418,63.65974807739258,248.2442169189453
2018-07-11,21.263999938964844,63.69190979003906,246.42840576171875
2018-07-12,21.11400032043457,63.7401123046875,248.6624755859375
2018-07-13,21.257999420166016,63.79639434814453,248.85830688476562
2018-07-16,20.67333221435547,63.70794677734375,248.6357879638672
2018-07-17,21.512666702270508,63.683834075927734,249.6416015625
2018-07-18,21.59000015258789,63.651702880859375,250.16680908203125
2018-07-19,21.34866714477539,63.77225875854492,249.223388671875
2018-07-20,20.905332565307617,63.627567291259766,248.9384765625
2018-07-23,20.213333129882812,63.4266471862793,249.40139770507812
2018-07-24,19.82866668701172,63.52310562133789,250.65638732910156
2018-07-25,20.582666397094727,63.52310562133789,252.79251098632812
2018-07-26,20.44333267211914,63.52310562133789,252.19627380371094
2018-07-27,19.812000274658203,63.50699996948242,250.4872283935547
2018-07-30,19.344667434692383,63.43465805053711,249.17889404296875
2018-07-31,19.875999450683594,63.48291015625,250.40711975097656
2018-08-01,20.055999755859375,63.4482421875,249.98873901367188
2018-08-02,23.30266761779785,63.480472564697266,251.3505859375
2018-08-03,23.211332321166992,63.617431640625,252.42764282226562
2018-08-06,22.799333572387695,63.67383575439453,253.35333251953125
2018-08-07,25.30466651916504,63.56103515625,254.18995666503906
2018-08-08,24.689332962036133,63.54491424560547,254.08314514160156
2018-08-09,23.496667861938477,63.66580581665039,253.73606872558594
2018-08-10,23.69933319091797,63.794708251953125,252.0359344482422
2018-08-13,23.76066780090332,63.80278396606445,251.09243774414062
2018-08-14,23.176000595092773,63.76247024536133,252.6946258544922
2018-08-15,22.57933235168457,63.834991455078125,250.8076629638672
2018-08-16,22.363332748413086,63.867225646972656,252.83705139160156
2018-08-17,20.366666793823242,63.939701080322266,253.72718811035156
2018-08-20,20.562667846679688,64.020263671875,254.27005004882812
2018-08-21,21.459999084472656,63.98808288574219,254.8664093017578
2018-08-22,21.44266700744629,64.0283432006836,254.7151641845703
2018-08-23,21.34000015258789,64.0283432006836,254.37696838378906
2018-08-24,21.521333694458008,64.06057739257812,255.90782165527344
2018-08-27,21.284666061401367,63.9799919128418,257.9283447265625
2018-08-28,20.790666580200195,63.88331985473633,258.0528869628906
2018-08-29,20.333999633789062,63.84306716918945,259.4413757324219
2018-08-30,20.209999084472656,63.8913688659668,258.3911437988281
2018-08-31,20.110666275024414,63.90752410888672,258.4000244140625
2018-09-03,20.110666275024414,63.90752410888672,258.4000244140625
2018-09-04,19.26333236694336,63.80894470214844,257.9549865722656
2018-09-05,18.715999603271484,63.82512664794922,257.2607727050781
2018-09-06,18.729999542236328,63.92203903198242,256.4864501953125
2018-09-07,17.549333572387695,63.720123291015625,255.9879913330078
2018-09-10,19.03333282470703,63.760498046875,256.43304443359375
2018-09-11,18.62933349609375,63.62320327758789,257.2785949707031
2018-09-12,19.369333267211914,63.67169189453125,257.3408203125
2018-09-13,19.297332763671875,63.712032318115234,258.8628845214844
2018-09-14,19.68000030517578,63.607078552246094,258.9073486328125
2018-09-17,19.6560001373291,63.59899139404297,257.5367431640625
2018-09-18,18.997333526611328,63.45361328125,258.93414306640625
2018-09-19,19.934667587280273,63.3567008972168,259.2099914550781
2018-09-20,19.8886661529541,63.437503814697266,261.3106994628906
2018-09-21,19.940000534057617,63.477848052978516,261.0718994140625
2018-09-24,19.978666305541992,63.39708709716797,260.2045593261719
2018-09-25,20.06599998474121,63.3486442565918,259.9631652832031
2018-09-26,20.6386661529541,63.51013946533203,259.1852722167969
2018-09-27,20.501333236694336,63.55862045288086,259.9095153808594
2018-09-28,17.65133285522461,63.55862045288086,259.93634033203125
2018-10-01,20.713333129882812,63.439632415771484,260.8394470214844
2018-10-02,20.06800079345703,63.552955627441406,260.6874694824219
2018-10-03,19.65333366394043,63.22913360595703,260.83050537109375
2018-10-04,18.788667678833008,63.06725311279297,258.7918701171875
2018-10-05,17.463333129882812,62.95393753051758,257.3434753417969
2018-10-08,16.70400047302246,62.92964553833008,257.3434753417969
2018-10-09,17.520000457763672,63.05104064941406,256.96795654296875
2018-10-10,17.125333786010742,63.00251770019531,248.8314666748047
2018-10-11,16.815332412719727,63.18059158325195,243.3506622314453
2018-10-12,17.25200080871582,63.16439437866211,246.73036193847656
2018-10-15,17.305999755859375,63.1481819152832,245.3445281982422
2018-10-16,18.439332962036133,63.19675064086914,250.70912170410156
2018-10-17,18.118667602539062,63.083438873291016,250.75384521484375
2018-10-18,17.5939998626709,63.04294204711914,247.13259887695312
2018-10-19,17.333332061767578,63.01057815551758,246.9986114501953
2018-10-22,17.39666748046875,62.98630142211914,245.88983154296875
2018-10-23,19.609333038330078,63.07536315917969,244.6381072998047
2018-10-24,19.233333587646484,63.24533462524414,237.22593688964844
2018-10-25,20.99066734313965,63.1724967956543,241.4818878173828
2018-10-26,22.059999465942383,63.28584671020508,237.23484802246094
2018-10-29,22.323333740234375,63.22913360595703,235.92051696777344
2018-10-30,21.99333381652832,63.140140533447266,239.41656494140625
2018-10-31,22.488000869750977,63.01057815551758,241.97366333007812
2018-11-01,22.95199966430664,63.12743377685547,244.54872131347656
2018-11-02,23.0939998626709,62.89213180541992,243.1002655029297
2018-11-05,22.760000228881836,62.94077682495117,244.44143676757812
2018-11-06,22.737333297729492,62.93268585205078,245.98828125
2018-11-07,23.21066665649414,62.989479064941406,251.25460815429688
2018-11-08,23.426666259765625,62.88399124145508,250.79859924316406
2018-11-09,23.367332458496094,63.03816223144531,248.34869384765625
2018-11-12,22.0853328704834,63.13557434082031,243.7082061767578
2018-11-13,22.582000732421875,63.1031379699707,243.25228881835938
2018-11-14,22.933332443237305,63.15180587768555,241.58924865722656
2018-11-15,23.229333877563477,63.1599235534668,244.11061096191406
2018-11-16,23.62066650390625,63.297889709472656,244.74545288085938
2018-11-19,23.564666748046875,63.297889709472656,240.6057586669922
2018-11-20,23.166000366210938,63.25727844238281,236.1529541015625
2018-11-21,22.54599952697754,63.32219696044922,236.9576873779297
2018-11-22,22.54599952697754,63.32219696044922,236.9576873779297
2018-11-23,21.722000122070312,63.31409454345703,235.3750457763672
2018-11-26,23.066667556762695,63.26540756225586,239.1751251220703
2018-11-27,22.92799949645996,63.30596923828125,239.97984313964844
2018-11-28,23.191333770751953,63.33845901489258,245.50534057617188
2018-11-29,22.744667053222656,63.38711166381836,244.9690399169922
2018-11-30,23.365333557128906,63.4114875793457,246.462158203125
2018-12-03,23.89933204650879,63.5107307434082,249.72557067871094
2018-12-04,23.979999542236328,63.66529846191406,241.63388061523438
2018-12-05,23.979999542236328,63.66529846191406,241.63388061523438
2018-12-06,24.20400047302246,63.779205322265625,241.2672576904297
2018-12-07,23.864667892456055,63.909305572509766,235.66122436523438
2018-12-10,24.343332290649414,63.974422454833984,236.10830688476562
2018-12-11,24.450666427612305,63.982601165771484,236.1619110107422
2018-12-12,24.440000534057617,63.917484283447266,237.35104370117188
2018-12-13,25.119333267211914,63.966285705566406,237.2706298828125
2018-12-14,24.380666732788086,64.0232162475586,232.8894805908203
2018-12-17,23.22800064086914,64.145263671875,228.32054138183594
2018-12-18,22.468666076660156,64.24288940429688,228.0702362060547
2018-12-19,22.197999954223633,64.35678100585938,224.65467834472656
2018-12-20,21.025333404541016,64.26731872558594,220.9977569580078
2018-12-21,21.31800079345703,64.26731872558594,216.46966552734375
2018-12-24,19.69266700744629,64.28199768066406,210.7498321533203
2018-12-25,19.69266700744629,64.28199768066406,210.7498321533203
2018-12-26,21.73933219909668,64.14334106445312,221.39791870117188
2018-12-27,21.075332641601562,64.28199768066406,223.09771728515625
2018-12-28,22.257999420166016,64.43694305419922,222.80992126464844
2018-12-31,22.18666648864746,64.60004425048828,224.7615203857422
2019-01-01,22.18666648864746,64.60004425048828,224.7615203857422
2019-01-02,20.674667358398438,64.73052978515625,224.99533081054688
2019-01-03,20.02400016784668,64.98335266113281,219.6262969970703
2019-01-04,21.179332733154297,64.78762817382812,226.9828338623047
2019-01-07,22.33066749572754,64.68972778320312,228.7725372314453
2019-01-08,22.356666564941406,64.60818481445312,230.92193603515625
2019-01-09,22.568666458129883,64.6978759765625,232.00115966796875
2019-01-10,22.99799919128418,64.56746673583984,232.8195343017578
2019-01-11,23.150667190551758,64.6978759765625,232.90951538085938
2019-01-14,22.293333053588867,64.64083099365234,231.488525390625
2019-01-15,22.961999893188477,64.64895629882812,234.1415557861328
2019-01-16,23.06999969482422,64.67342376708984,234.7081298828125
2019-01-17,23.15399932861328,64.60004425048828,236.48878479003906
2019-01-18,20.150667190551758,64.55110931396484,239.63650512695312
2019-01-21,20.150667190551758,64.55110931396484,239.63650512695312
2019-01-22,19.92799949645996,64.66527557373047,236.3988800048828
2019-01-23,19.172666549682617,64.73052978515625,236.89349365234375
2019-01-24,19.43400001525879,64.8691635131836,237.01939392089844
2019-01-25,19.80266761779785,64.79576873779297,239.02491760253906
2019-01-28,19.7586669921875,64.82023620605469,237.208251953125
2019-01-29,19.83066749572754,64.9507064819336,236.89349365234375
2019-01-30,20.584667205810547,65.0159683227539,240.64370727539062
2019-01-31,20.468000411987305,65.31767272949219,242.75717163085938
2019-02-01,20.81399917602539,65.13623046875,242.87413024902344
2019-02-04,20.859333038330078,65.07897186279297,244.58279418945312
2019-02-05,21.42333221435547,65.21800231933594,245.60801696777344
2019-02-06,21.148000717163086,65.19346618652344,245.28431701660156
2019-02-07,20.500667572021484,65.24253845214844,242.94598388671875
2019-02-08,20.386667251586914,65.34062957763672,243.24290466308594
2019-02-11,20.856000900268555,65.31609344482422,243.37767028808594
2019-02-12,20.78733253479004,65.30792236328125,246.50741577148438
2019-02-13,20.544666290283203,65.20980072021484,247.3077392578125
2019-02-14,20.251333236694336,65.32424926757812,246.7592315673828
2019-02-15,20.525333404541016,65.34879302978516,249.4481964111328
2019-02-18,20.525333404541016,65.34879302978516,249.4481964111328
2019-02-19,20.375999450683594,65.40602111816406,249.87985229492188
2019-02-20,20.17066764831543,65.38150787353516,250.38348388671875
2019-02-21,19.415332794189453,65.25066375732422,249.49322509765625
2019-02-22,19.6473331451416,65.39783477783203,251.04002380371094
2019-02-25,19.917999267578125,65.37333679199219,251.38180541992188
2019-02-26,19.857332229614258,65.46327209472656,251.20188903808594
2019-02-27,20.982667922973633,65.33245086669922,251.09402465820312
2019-02-28,21.325332641601562,65.25883483886719,250.62635803222656
2019-03-01,19.652666091918945,65.05730438232422,252.19117736816406
2019-03-04,19.02400016784668,65.1719741821289,251.2738800048828
2019-03-05,18.43600082397461,65.22114562988281,250.93203735351562
2019-03-06,18.416000366210938,65.30309295654297,249.4122314453125
2019-03-07,18.439332962036133,65.4916000366211,247.32574462890625
2019-03-08,18.94266700744629,65.57355499267578,246.8311004638672
2019-03-11,19.39466667175293,65.5407485961914,250.41046142578125
2019-03-12,18.890666961669922,65.69644927978516,251.3548126220703
2019-03-13,19.263999938964844,65.6636734008789,253.0186004638672
2019-03-14,19.33066749572754,65.60633087158203,252.85670471191406
2019-03-15,18.36199951171875,65.72921752929688,254.10594177246094
2019-03-18,17.965999603271484,65.68824005126953,255.0272979736328
2019-03-19,17.83133316040039,65.65546417236328,255.0905303955078
2019-03-20,18.239999771118164,65.9422836303711,254.3227996826172
2019-03-21,18.26799964904785,65.95869445800781,257.1952209472656
2019-03-22,17.635332107543945,66.3192367553711,252.2451934814453
2019-03-25,17.3613338470459,66.40119934082031,252.05548095703125
2019-03-26,17.851333618164062,66.41758728027344,253.93431091308594
2019-03-27,18.32200050354004,66.54049682617188,252.60643005371094
2019-03-28,18.57466697692871,66.57327270507812,253.56393432617188
2019-03-29,18.657333374023438,66.52412414550781,255.1627655029297
2019-04-01,19.278667449951172,66.2612533569336,258.1888427734375
2019-04-02,19.058666229248047,66.29414367675781,258.3153381347656
2019-04-03,19.45400047302246,66.20372009277344,258.7218017578125
2019-04-04,17.851999282836914,66.26945495605469,259.40826416015625
2019-04-05,18.33066749572754,66.3187026977539,260.6638488769531
2019-04-08,18.213333129882812,66.25304412841797,260.8625793457031
2019-04-09,18.15399932861328,66.35160827636719,259.5256652832031
2019-04-10,18.40399932861328,66.44196319580078,260.4109802246094
2019-04-11,17.89466667175293,66.32697296142578,260.3387451171875
2019-04-12,17.84666633605957,66.20372009277344,262.1001892089844
2019-04-15,17.7586669921875,66.22015380859375,261.928466796875
2019-04-16,18.224000930786133,66.10513305664062,262.1001892089844
2019-04-17,18.082000732421875,66.10513305664062,261.458740234375
2019-04-18,18.21733283996582,66.19550323486328,261.9736328125
2019-04-19,18.21733283996582,66.19550323486328,261.9736328125
2019-04-22,17.516666412353516,66.12982177734375,262.199462890625
2019-04-23,17.593332290649414,66.24480438232422,264.5570983886719
2019-04-24,17.243999481201172,66.41732788085938,263.9699401855469
2019-04-25,16.5086669921875,66.40088653564453,263.80731201171875
2019-04-26,15.675999641418457,66.54875946044922,265.03582763671875
2019-04-29,16.097999572753906,66.40908813476562,265.4512939453125
2019-04-30,15.912667274475098,66.50767517089844,265.5867919921875
2019-05-01,15.600666999816895,66.51180267333984,263.5905456542969
2019-05-02,16.273332595825195,66.36357879638672,263.0215148925781
2019-05-03,17.00200080871582,66.48710632324219,265.5957336425781
2019-05-06,17.022666931152344,66.56940460205078,264.5028076171875
2019-05-07,16.470666885375977,66.66825103759766,260.08575439453125
2019-05-08,16.32266616821289,66.61883544921875,259.7244567871094
2019-05-09,16.131999969482422,66.68473815917969,258.9386291503906
2019-05-10,15.968000411987305,66.67649841308594,260.2393798828125
2019-05-13,15.133999824523926,66.81645965576172,253.69944763183594
2019-05-14,15.487333297729492,66.85765838623047,255.99378967285156
2019-05-15,15.463333129882812,66.95647430419922,257.4933776855469
2019-05-16,15.222000122070312,66.85765838623047,259.8780212402344
2019-05-17,14.0686674118042,66.87413024902344,258.1978454589844
2019-05-20,13.690667152404785,66.79179382324219,256.49066162109375
2019-05-21,13.67199993133545,66.7588119506836,258.8031311035156
2019-05-22,12.84866714477539,66.88235473632812,258.0081787109375
2019-05-23,13.03266716003418,67.12116241455078,254.85568237304688
2019-05-24,12.708666801452637,67.12116241455078,255.43382263183594
2019-05-27,12.708666801452637,67.12116241455078,255.43382263183594
2019-05-28,12.579999923706055,67.26114654541016,253.05813598632812
2019-05-29,12.657333374023438,67.24469757080078,251.35989379882812
2019-05-30,12.54800033569336,67.42584228515625,252.04641723632812
2019-05-31,12.343999862670898,67.72234344482422,248.6500701904297
2019-06-03,11.9313325881958,67.91465759277344,248.01768493652344
2019-06-04,12.90666675567627,67.79910278320312,253.4014129638672
2019-06-05,13.105999946594238,67.79910278320312,255.5963897705078
2019-06-06,13.729999542236328,67.78253936767578,257.2583923339844
2019-06-07,13.633333206176758,67.96411895751953,259.8327941894531
2019-06-10,14.192000389099121,67.8238525390625,261.0252685546875
2019-06-11,14.473333358764648,67.7743148803711,260.9619140625
2019-06-12,13.950667381286621,67.88984680175781,260.5013122558594
2019-06-13,14.260666847229004,68.00542449951172,261.5762023925781
2019-06-14,14.32800006866455,68.01367950439453,261.2872009277344
2019-06-17,15.001999855041504,68.01367950439453,261.3865051269531
2019-06-18,14.982666969299316,68.17048645019531,264.12353515625
2019-06-19,15.095333099365234,68.40161895751953,264.7196044921875
2019-06-20,14.641332626342773,68.5088882446289,267.2488098144531
2019-06-21,14.790666580200195,68.31905364990234,266.8603515625
2019-06-24,14.909333229064941,68.44291687011719,266.5336608886719
2019-06-25,14.650667190551758,68.46765899658203,263.9194641113281
2019-06-26,14.618000030517578,68.3108139038086,263.65618896484375
2019-06-27,14.855999946594238,68.5088882446289,264.5911560058594
2019-06-28,14.897333145141602,68.56673431396484,265.9526672363281
2019-07-01,15.14466667175293,68.56172943115234,268.36712646484375
2019-07-02,14.970000267028809,68.69410705566406,269.0660400390625
2019-07-03,15.65999984741211,68.81820678710938,271.21734619140625
2019-07-04,15.65999984741211,68.81820678710938,271.21734619140625
2019-07-05,15.539999961853027,68.49551391601562,270.9087219238281
2019-07-08,15.355999946594238,68.48725891113281,269.42010498046875
2019-07-09,15.337332725524902,68.39628601074219,269.7560119628906
2019-07-10,15.928000450134277,68.45420837402344,271.04486083984375
2019-07-11,15.90666675567627,68.23080444335938,271.6802062988281
2019-07-12,16.338666915893555,68.28874206542969,272.89654541015625
2019-07-15,16.899999618530273,68.38797760009766,272.9873352050781
2019-07-16,16.825332641601562,68.29698944091797,272.1068420410156
2019-07-17,16.99066734313965,68.50379943847656,270.2551574707031
2019-07-18,16.902666091918945,68.62794494628906,271.2444763183594
2019-07-19,17.211999893188477,68.55347442626953,269.7378234863281
2019-07-22,17.045333862304688,68.62794494628906,270.400390625
2019-07-23,17.344667434692383,68.57001495361328,272.3337707519531
2019-07-24,17.658666610717773,68.63617706298828,273.6136779785156
2019-07-25,15.254667282104492,68.56172943115234,272.3065490722656
2019-07-26,15.202667236328125,68.56172943115234,274.1309509277344
2019-07-29,15.718000411987305,68.60313415527344,273.6318359375
2019-07-30,16.150667190551758,68.58657836914062,272.9600524902344
2019-07-31,16.107332229614258,68.66926574707031,269.9737548828125
2019-08-01,15.59000015258789,69.1610336303711,267.6228332519531
2019-08-02,15.62266731262207,69.22737121582031,265.60772705078125
2019-08-05,15.221332550048828,69.52592468261719,257.6201477050781
2019-08-06,15.383333206176758,69.7000503540039,261.23272705078125
2019-08-07,15.561332702636719,69.7000503540039,261.38702392578125
2019-08-08,15.886667251586914,69.75811767578125,266.5155029296875
2019-08-09,15.667332649230957,69.63373565673828,264.7000427246094
2019-08-12,15.267333030700684,69.9405517578125,261.47784423828125
2019-08-13,15.666666984558105,69.8327407836914,265.544189453125
2019-08-14,14.641332626342773,70.08152770996094,257.6927490234375
2019-08-15,14.37600040435791,70.42151641845703,258.3735046386719
2019-08-16,14.662667274475098,70.34693908691406,262.185791015625
2019-08-19,15.121999740600586,70.12300109863281,265.3445739746094
2019-08-20,15.057332992553711,70.30548095703125,263.31134033203125
2019-08-21,14.722000122070312,70.27227020263672,265.45355224609375
2019-08-22,14.8100004196167,70.13959503173828,265.37176513671875
2019-08-23,14.09333324432373,70.39666748046875,258.5550842285156
2019-08-26,14.333333015441895,70.3552017211914,261.4142761230469
2019-08-27,14.272000312805176,70.5956802368164,260.3885803222656
2019-08-28,14.37266731262207,70.62055206298828,262.2221374511719
2019-08-29,14.780667304992676,70.57910919189453,265.57147216796875
2019-08-30,15.040666580200195,70.57083129882812,265.45355224609375
2019-09-02,15.040666580200195,70.57083129882812,265.45355224609375
2019-09-03,15.000666618347168,70.63561248779297,263.90130615234375
2019-09-04,14.711999893188477,70.76861572265625,266.896728515625
2019-09-05,15.305333137512207,70.40290069580078,270.3278503417969
2019-09-06,15.16333293914795,70.48602294921875,270.5364685058594
2019-09-09,15.452667236328125,70.16190338134766,270.6727294921875
2019-09-10,15.702667236328125,69.80453491210938,270.60906982421875
2019-09-11,16.47333335876465,69.76297760009766,272.5334167480469
2019-09-12,16.391332626342773,69.6299819946289,273.4773864746094
2019-09-13,16.34666633605957,69.23108673095703,273.2959289550781
2019-09-16,16.187332153320312,69.41389465332031,272.4517822265625
2019-09-17,16.319332122802734,69.5718002319336,273.14154052734375
2019-09-18,16.232667922973633,69.62169647216797,273.3050231933594
2019-09-19,16.440000534057617,69.72139739990234,273.2867736816406
2019-09-20,16.041332244873047,69.97074890136719,271.9955749511719
2019-09-23,16.082000732421875,70.02062225341797,271.9317932128906
2019-09-24,14.880666732788086,70.26161193847656,269.7979431152344
2019-09-25,15.24666690826416,69.92918395996094,271.39385986328125
2019-09-26,16.17066764831543,70.04556274414062,270.8283386230469
2019-09-27,16.142000198364258,70.12034606933594,269.3694152832031
2019-09-30,16.058000564575195,70.17019653320312,270.6186828613281
2019-10-01,16.312667846679688,70.23851776123047,267.399658203125
2019-10-02,16.208667755126953,70.39678192138672,262.6762390136719
2019-10-03,15.535332679748535,70.62996673583984,264.8282470703125
2019-10-04,15.428667068481445,70.74657440185547,268.41192626953125
2019-10-07,15.847999572753906,70.56330871582031,267.25384521484375
2019-10-08,16.003332138061523,70.5966567993164,263.104736328125
2019-10-09,16.302000045776367,70.51336669921875,265.6033020019531
2019-10-10,16.31599998474121,70.29681396484375,267.399658203125
2019-10-11,16.525999069213867,70.03861999511719,270.171875
2019-10-14,17.130666732788086,70.15523529052734,269.87091064453125
2019-10-15,17.19266700744629,69.97197723388672,272.5427551269531
2019-10-16,17.316667556762695,70.04692077636719,272.1050109863281
2019-10-17,17.46466636657715,70.04692077636719,272.907470703125
2019-10-18,17.1299991607666,70.08028411865234,271.712890625
2019-10-21,16.899999618530273,69.9136962890625,273.554931640625
2019-10-22,17.038667678833008,70.03861999511719,272.66131591796875
2019-10-23,16.978666305541992,70.07192993164062,273.4546203613281
2019-10-24,19.978666305541992,70.08028411865234,273.9014892578125
2019-10-25,21.875333786010742,69.9636459350586,275.0230407714844
2019-10-28,21.847333908081055,69.81372833251953,276.5732421875
2019-10-29,21.08133316040039,69.83039855957031,276.4910888671875
2019-10-30,21.000667572021484,70.05528259277344,277.33929443359375
2019-10-31,20.994667053222656,70.38843536376953,276.6006164550781
2019-11-01,20.887332916259766,70.32583618164062,279.1629943847656
2019-11-04,21.1646671295166,70.1255111694336,280.2845764160156
2019-11-05,21.148000717163086,69.88343048095703,279.974609375
2019-11-06,21.77199935913086,70.03368377685547,280.0382995605469
2019-11-07,22.369333267211914,69.67475891113281,281.023193359375
2019-11-08,22.47599983215332,69.60795593261719,281.7161865234375
2019-11-11,23.006000518798828,69.64973449707031,281.1781921386719
2019-11-12,23.32866668701172,69.6914291381836,281.7709655761719
2019-11-13,23.073999404907227,69.816650390625,281.86212158203125
2019-11-14,23.290000915527344,70.01698303222656,282.2724609375
2019-11-15,23.47800064086914,69.99192810058594,284.3150939941406
2019-11-18,23.332666397094727,70.09212493896484,284.5247802734375
2019-11-19,23.968000411987305,70.16720581054688,284.4427185058594
2019-11-20,23.481332778930664,70.35922241210938,283.38494873046875
2019-11-21,23.655332565307617,70.24237823486328,282.9290466308594
2019-11-22,22.202667236328125,70.28408813476562,283.5582580566406
2019-11-25,22.422666549682617,70.35091400146484,285.7558898925781
2019-11-26,21.92799949645996,70.46772766113281,286.4034118652344
2019-11-27,22.086000442504883,70.35922241210938,287.67999267578125
2019-11-28,22.086000442504883,70.35922241210938,287.67999267578125
2019-11-29,21.996000289916992,70.35922241210938,286.613037109375
2019-12-02,22.32466697692871,70.17518615722656,284.1783752441406
2019-12-03,22.413333892822266,70.55159759521484,282.2724609375
2019-12-04,22.20199966430664,70.40943145751953,284.01416015625
2019-12-05,22.024667739868164,70.3341064453125,284.5247802734375
2019-12-06,22.392667770385742,70.24211120605469,287.1236877441406
2019-12-09,22.635332107543945,70.25882720947266,286.220947265625
2019-12-10,23.256000518798828,70.2086410522461,285.90179443359375
2019-12-11,23.51333236694336,70.44286346435547,286.71337890625
2019-12-12,23.978666305541992,70.10823059082031,289.1845703125
2019-12-13,23.892667770385742,70.4261245727539,289.3577880859375
2019-12-16,25.433332443237305,70.23374938964844,291.3457336425781
2019-12-17,25.266000747680664,70.24211120605469,291.40948486328125
2019-12-18,26.209999084472656,70.15007019042969,291.4277648925781
2019-12-19,26.93600082397461,70.20030975341797,292.62237548828125
2019-12-20,27.03933334350586,70.217041015625,293.90521240234375
2019-12-23,27.947999954223633,70.17259216308594,294.3542175292969
2019-12-24,28.350000381469727,70.2396469116211,294.3634033203125
2019-12-25,28.350000381469727,70.2396469116211,294.3634033203125
2019-12-26,28.729333877563477,70.3067398071289,295.9304504394531
2019-12-27,28.691999435424805,70.40728759765625,295.8570251464844
2019-12-30,27.64666748046875,70.38216400146484,294.2259521484375
2019-12-31,27.8886661529541,70.3067398071289,294.9407958984375
2020-01-01,27.8886661529541,70.3067398071289,294.9407958984375
2020-01-02,28.68400001525879,70.39891815185547,297.698974609375
2020-01-03,29.534000396728516,70.65045928955078,295.4447326660156
2020-01-06,30.1026668548584,70.56663513183594,296.57183837890625
2020-01-07,31.270666122436523,70.50791931152344,295.73797607421875
2020-01-08,32.80933380126953,70.39891815185547,297.3141174316406
2020-01-09,32.089332580566406,70.48279571533203,299.3301086425781
2020-01-10,31.876667022705078,70.60016632080078,298.4687194824219
2020-01-13,34.990665435791016,70.55824279785156,300.5213623046875
2020-01-14,35.861331939697266,70.65888214111328,300.0631408691406
2020-01-15,34.56666564941406,70.76781463623047,300.7413330078125
2020-01-16,34.232666015625,70.72591400146484,303.24298095703125
2020-01-17,34.03333282470703,70.71753692626953,304.1868896484375
2020-01-20,34.03333282470703,70.71753692626953,304.1868896484375
2020-01-21,36.47999954223633,70.89358520507812,303.5911865234375
2020-01-22,37.97066879272461,70.95227813720703,303.6278381347656
2020-01-23,38.14666748046875,71.07804107666016,303.97607421875
2020-01-24,37.654666900634766,71.18700408935547,301.27276611328125
2020-01-27,37.201332092285156,71.4217300415039,296.4435729980469
2020-01-28,37.793331146240234,71.29598999023438,299.5500793457031
2020-01-29,38.732666015625,71.4972152709961,299.3025817871094
2020-01-30,42.72066879272461,71.51397705078125,300.2739562988281
2020-01-31,43.371334075927734,71.69842529296875,294.82159423828125
2020-02-03,52.0,71.63372039794922,297.01165771484375
2020-02-04,59.137332916259766,71.41525268554688,301.53857421875
2020-02-05,48.97999954223633,71.29764556884766,305.0207214355469
2020-02-06,49.930667877197266,71.36489868164062,306.04705810546875
2020-02-07,49.871334075927734,71.58332061767578,304.41595458984375
2020-02-10,51.41866683959961,71.69253540039062,306.6885986328125
2020-02-11,51.62533187866211,71.57490539550781,307.22003173828125
2020-02-12,51.15266799926758,71.49088287353516,309.1993408203125
2020-02-13,53.599998474121094,71.5581283569336,308.86944580078125
2020-02-14,53.33533477783203,71.63372039794922,309.3642883300781
2020-02-17,53.33533477783203,71.63372039794922,309.3642883300781
2020-02-18,57.22666549682617,71.74297332763672,308.567138671875
2020-02-19,61.16133117675781,71.73457336425781,310.0423889160156
2020-02-20,59.96066665649414,71.91098022460938,308.7687072753906
2020-02-21,60.06666564941406,72.08744049072266,305.5888671875
2020-02-24,55.58599853515625,72.31427001953125,295.453857421875
2020-02-25,53.32733154296875,72.37308502197266,286.5010070800781
2020-02-26,51.91999816894531,72.3310775756836,285.447265625
2020-02-27,45.266666412353516,72.41512298583984,272.6272888183594
2020-02-28,44.53266525268555,72.89396667480469,271.4818115234375
2020-03-02,49.574668884277344,72.84598541259766,283.2387390136719
2020-03-03,49.70066833496094,73.28382873535156,275.1289367675781
2020-03-04,49.96666717529297,73.26696014404297,286.69342041015625
2020-03-05,48.30266571044922,73.54475402832031,277.1632080078125
2020-03-06,46.89866638183594,74.04988861083984,272.5815124511719
2020-03-09,40.53333282470703,73.8899154663086,251.2943878173828
2020-03-10,43.02199935913086,72.89652252197266,264.29754638671875
2020-03-11,42.28200149536133,71.51588439941406,251.41343688964844
2020-03-12,37.369998931884766,67.6264877319336,227.3589324951172
2020-03-13,36.44133377075195,70.48040008544922,246.79498291015625
2020-03-16,29.67133331298828,71.22122955322266,219.78973388671875
2020-03-17,28.68000030517578,69.74801635742188,231.6566619873047
2020-03-18,24.08133316040039,68.0642318725586,219.9272003173828
2020-03-19,28.50933265686035,68.02220916748047,220.39456176757812
2020-03-20,28.50200080871582,69.17550659179688,210.8968505859375
2020-03-23,28.952667236328125,70.70769500732422,205.50457763671875
2020-03-24,33.66666793823242,70.78343963623047,224.1239471435547
2020-03-25,35.95000076293945,71.73480224609375,227.47914123535156
2020-03-26,35.21066665649414,72.0631103515625,240.7616424560547
2020-03-27,34.29066848754883,72.45033264160156,233.59039306640625
2020-03-30,33.47533416748047,72.526123046875,241.17637634277344
2020-03-31,34.93333435058594,71.85262298583984,237.58152770996094
2020-04-01,32.104000091552734,72.223876953125,226.88922119140625
2020-04-02,30.29800033569336,72.56137084960938,232.12477111816406
2020-04-03,32.000667572021484,72.5276107788086,228.76959228515625
2020-04-06,34.41600036621094,72.75540924072266,244.13516235351562
2020-04-07,36.36333465576172,72.82294464111328,244.38404846191406
2020-04-08,36.589332580566406,73.00851440429688,252.5876922607422
2020-04-09,38.20000076293945,73.81009674072266,256.4313659667969
2020-04-10,38.20000076293945,73.81009674072266,256.4313659667969
2020-04-13,43.39666748046875,73.57386779785156,254.090087890625
2020-04-14,47.32600021362305,73.57386779785156,261.5840148925781
2020-04-15,48.65533447265625,73.93663787841797,256.02581787109375
2020-04-16,49.680667877197266,73.97884368896484,257.2609558105469
2020-04-17,50.259334564208984,73.87759399414062,264.2109680175781
2020-04-20,49.75733184814453,73.75947570800781,259.5561828613281
2020-04-21,45.781333923339844,73.85226440429688,251.6752471923828
2020-04-22,48.807334899902344,73.793212890625,257.2609558105469
2020-04-23,47.04199981689453,73.91136169433594,257.242431640625
2020-04-24,48.34333419799805,73.88605499267578,260.8281555175781
2020-04-27,53.25,73.62448120117188,264.5888977050781
2020-04-28,51.27466583251953,73.8438720703125,263.3722839355469
2020-04-29,53.367332458496094,73.89446258544922,270.2668151855469
2020-04-30,52.12533187866211,73.83537292480469,267.7504577636719
2020-05-01,46.75466537475586,73.80499267578125,260.6622009277344
2020-05-04,50.74599838256836,73.88108825683594,261.3812255859375
2020-05-05,51.2140007019043,73.81343078613281,263.796142578125
2020-05-06,52.172000885009766,73.48370361328125,262.0079040527344
2020-05-07,52.00266647338867,73.72047424316406,265.16949462890625
2020-05-08,54.62799835205078,73.50907135009766,269.5571594238281
2020-05-11,54.08599853515625,73.28082275390625,269.6124267578125
2020-05-12,53.96066665649414,73.51752471923828,264.23858642578125
2020-05-13,52.73066711425781,73.60206604003906,259.5653991699219
2020-05-14,53.55533218383789,73.80499267578125,262.6716613769531
2020-05-15,53.27799987792969,73.84722137451172,263.87921142578125
2020-05-18,54.242000579833984,73.71197509765625,271.916748046875
2020-05-19,53.867332458496094,73.80499267578125,269.1238708496094
2020-05-20,54.37066650390625,73.9994125366211,273.69580078125
2020-05-21,55.17333221435547,74.07552337646484,271.8061828613281
2020-05-22,54.45866775512695,74.1008529663086,272.3224182128906
2020-05-25,54.45866775512695,74.1008529663086,272.3224182128906
2020-05-26,54.591331481933594,74.05862426757812,275.677490234375
2020-05-27,54.68199920654297,74.09239196777344,279.779296875
2020-05-28,53.72066879272461,74.11776733398438,279.2631530761719
2020-05-29,55.66666793823242,74.32909393310547,280.5074768066406
2020-06-01,59.87333297729492,74.26900482177734,281.64129638671875
2020-06-02,58.770668029785156,74.32829284667969,283.97332763671875
2020-06-03,58.86399841308594,74.15887451171875,287.75250244140625
2020-06-04,57.62533187866211,73.98101806640625,286.9967041015625
2020-06-05,59.04399871826172,73.9725341796875,294.3522033691406
2020-06-08,63.327999114990234,74.04876708984375,297.9102783203125
2020-06-09,62.711334228515625,74.09957122802734,295.6888122558594
2020-06-10,68.336669921875,74.41299438476562,294.03887939453125
2020-06-11,64.85600280761719,74.27747344970703,277.08782958984375
2020-06-12,62.35200119018555,74.35371398925781,280.40618896484375
2020-06-15,66.05999755859375,74.50617218017578,283.02392578125
2020-06-16,65.47533416748047,74.41299438476562,288.47149658203125
2020-06-17,66.11933135986328,74.4299087524414,287.273193359375
2020-06-18,66.9306640625,74.51461791992188,287.3837890625
2020-06-19,66.72666931152344,74.54005432128906,285.74139404296875
2020-06-22,66.28800201416016,74.51461791992188,287.5744934082031
2020-06-23,66.78533172607422,74.48075866699219,288.8984680175781
2020-06-24,64.0566635131836,74.48922729492188,281.5289611816406
2020-06-25,65.73200225830078,74.56546783447266,284.5470886230469
2020-06-26,63.982666015625,74.70099639892578,277.7887268066406
2020-06-29,67.29000091552734,74.75180053710938,281.87152099609375
2020-06-30,71.98733520507812,74.82811737060547,285.482177734375
2020-07-01,74.64199829101562,74.84671783447266,287.4819030761719
2020-07-02,80.57733154296875,74.9655532836914,289.0650939941406
2020-07-03,80.57733154296875,74.9655532836914,289.0650939941406
2020-07-06,91.43866729736328,74.9400634765625,293.5274963378906
2020-07-07,92.65733337402344,75.05891418457031,290.5001525878906
2020-07-08,91.05867004394531,75.01644134521484,292.7220153808594
2020-07-09,92.9520034790039,75.22007751464844,291.0555725097656
2020-07-10,102.97666931152344,75.1352310180664,294.0274658203125
2020-07-13,99.80400085449219,75.16918182373047,291.4814453125
2020-07-14,101.12000274658203,75.26250457763672,295.2587585449219
2020-07-15,103.06732940673828,75.27100372314453,297.9714050292969
2020-07-16,100.04266357421875,75.3218994140625,296.99005126953125
2020-07-17,100.05599975585938,75.3983154296875,297.8509521484375
2020-07-20,109.53333282470703,75.47467041015625,300.2580871582031
2020-07-21,104.55733489990234,75.51708984375,300.89691162109375
2020-07-22,106.15533447265625,75.61893463134766,302.609619140625
2020-07-23,100.87133026123047,75.68684387207031,298.99896240234375
2020-07-24,94.46666717529297,75.66983795166016,297.0733642578125
2020-07-27,102.63999938964844,75.61893463134766,299.2396545410156
2020-07-28,98.43267059326172,75.65287780761719,297.341796875
2020-07-29,99.94066619873047,75.77168273925781,300.9988098144531
2020-07-30,99.16600036621094,75.81413269042969,299.9247741699219
2020-07-31,95.38400268554688,75.91593170166016,302.2948913574219
2020-08-03,99.0,75.88961791992188,304.39642333984375
2020-08-04,99.13333129882812,76.05109405517578,305.5722351074219
2020-08-05,99.00133514404297,75.9491195678711,307.47015380859375
2020-08-06,99.30533599853516,76.068115234375,309.52545166015625
2020-08-07,96.84733581542969,75.98310089111328,309.74761962890625
2020-08-10,94.57133483886719,75.89808654785156,310.67340087890625
2020-08-11,91.6259994506836,75.63455200195312,308.10894775390625
2020-08-12,103.65066528320312,75.43901824951172,312.4046936035156
2020-08-13,108.06666564941406,75.19254302978516,311.83990478515625
2020-08-14,110.04733276367188,75.10750579833984,311.8492126464844
2020-08-17,122.3759994506836,75.20100402832031,312.83978271484375
2020-08-18,125.80599975585938,75.30303192138672,313.5157165527344
2020-08-19,125.23533630371094,75.17549896240234,312.21026611328125
2020-08-20,133.45533752441406,75.30303192138672,313.1824035644531
2020-08-21,136.6653289794922,75.46454620361328,314.2933654785156
2020-08-24,134.27999877929688,75.37952423095703,317.4780578613281
2020-08-25,134.8893280029297,75.23499298095703,318.589111328125
2020-08-26,143.54466247558594,75.19254302978516,321.7832336425781
2020-08-27,149.25,74.92046356201172,322.48675537109375
2020-08-28,147.55999755859375,74.97997283935547,324.56976318359375
2020-08-31,166.10667419433594,75.20100402832031,323.3940734863281
2020-09-01,158.35000610351562,75.40797424316406,326.4399719238281
2020-09-02,149.1233367919922,75.56974029541016,331.16156005859375
2020-09-03,135.6666717529297,75.5782470703125,319.7648620605469
2020-09-04,139.44000244140625,75.13542175292969,317.1541442871094
2020-09-07,139.44000244140625,75.13542175292969,317.1541442871094
2020-09-08,110.06999969482422,75.24612426757812,308.4885559082031
2020-09-09,122.09333038330078,75.19507598876953,314.580322265625
2020-09-10,123.77999877929688,75.21205139160156,309.11810302734375
2020-09-11,124.23999786376953,75.28875732421875,309.2754211425781
2020-09-14,139.8733367919922,75.28875732421875,313.3489990234375
2020-09-15,149.9199981689453,75.33130645751953,314.93218994140625
2020-09-16,147.25332641601562,75.31427001953125,313.68231201171875
2020-09-17,141.14332580566406,75.31427001953125,310.92333984375
2020-09-18,147.38333129882812,75.22913360595703,307.3438720703125
2020-09-21,149.79666137695312,75.27167510986328,303.92333984375
2020-09-22,141.41000366210938,75.29723358154297,307.0185241699219
2020-09-23,126.78666687011719,75.12691497802734,299.8984375
2020-09-24,129.26333618164062,75.13542175292969,300.6978454589844
2020-09-25,135.77999877929688,75.12691497802734,305.5591735839844
2020-09-28,140.39999389648438,75.19507598876953,310.63427734375
2020-09-29,139.69000244140625,75.24612426757812,308.9425354003906
2020-09-30,143.00332641601562,75.12691497802734,311.2850341796875
2020-10-01,149.3866729736328,75.20367431640625,313.2835388183594
2020-10-02,138.3633270263672,75.15252685546875,310.30902099609375
2020-10-05,141.89332580566406,74.87101745605469,315.8116760253906
2020-10-06,137.9933319091797,74.9733657836914,311.32220458984375
2020-10-07,141.76666259765625,74.87101745605469,316.74127197265625
2020-10-08,141.97332763671875,74.99893951416016,319.54833984375
2020-10-09,144.6666717529297,75.01602172851562,322.40203857421875
2020-10-12,147.43333435058594,75.12690734863281,327.5886535644531
2020-10-13,148.88333129882812,75.1866455078125,325.4508361816406
2020-10-14,153.76666259765625,75.22930145263672,323.40582275390625
2020-10-15,149.6266632080078,75.1866455078125,323.0061340332031
2020-10-16,146.55667114257812,75.12690734863281,322.81097412109375
2020-10-19,143.61000061035156,75.05867004394531,317.9031066894531
2020-10-20,140.64666748046875,74.9306869506836,319.17657470703125
2020-10-21,140.8800048828125,74.8454360961914,318.5723571777344
2020-10-22,141.92999267578125,74.71745300292969,320.3198547363281
2020-10-23,140.2100067138672,74.81127166748047,321.4074401855469
2020-10-26,140.0933380126953,74.92216491699219,315.4678039550781
2020-10-27,141.55999755859375,75.10133361816406,314.3802490234375
2020-10-28,135.33999633789062,74.99893951416016,303.63507080078125
2020-10-29,136.94332885742188,74.83688354492188,306.7210693359375
2020-10-30,129.34666442871094,74.70894622802734,303.5235900878906
2020-11-02,133.50332641601562,74.81231689453125,306.925537109375
2020-11-03,141.3000030517578,74.79522705078125,312.3446350097656
2020-11-04,140.32666015625,75.30792999267578,319.3253479003906
2020-11-05,146.02999877929688,75.38484191894531,325.552978515625
2020-11-06,143.31666564941406,75.21395111083984,325.4786682128906
2020-11-09,140.4199981689453,74.86360168457031,329.5685119628906
2020-11-10,136.7866668701172,74.71835327148438,329.0852355957031
2020-11-11,139.0433349609375,74.76961517333984,331.52984619140625
2020-11-12,137.25332641601562,75.01739501953125,328.3136901855469
2020-11-13,136.1666717529297,75.04303741455078,332.8589782714844
2020-11-16,136.02999877929688,75.08577728271484,337.0139465332031
2020-11-17,147.20333862304688,75.21395111083984,335.20135498046875
2020-11-18,162.2133331298828,75.29938507080078,331.16729736328125
2020-11-19,166.42333984375,75.4532241821289,332.5616149902344
2020-11-20,163.20333862304688,75.52153778076172,330.28424072265625
2020-11-23,173.9499969482422,75.46173858642578,332.2640686035156
2020-11-24,185.1266632080078,75.38484191894531,337.61810302734375
2020-11-25,191.3333282470703,75.3507080078125,337.09759521484375
2020-11-26,191.3333282470703,75.3507080078125,337.09759521484375
2020-11-27,195.25332641601562,75.51301574707031,338.03643798828125
2020-11-30,189.1999969482422,75.61557006835938,336.5399169921875
2020-12-01,194.9199981689453,75.38704681396484,340.220703125
2020-12-02,189.60667419433594,75.25865173339844,340.93646240234375
2020-12-03,197.7933349609375,75.40415954589844,340.843505859375
2020-12-04,199.67999267578125,75.20731353759766,343.7807922363281
2020-12-07,213.9199981689453,75.30999755859375,343.07440185546875
2020-12-08,216.6266632080078,75.335693359375,344.0782470703125
2020-12-09,201.4933319091797,75.20731353759766,340.9923095703125
2020-12-10,209.02333068847656,75.36135864257812,340.8807678222656
2020-12-11,203.3300018310547,75.481201171875,340.48101806640625
2020-12-14,213.27667236328125,75.45550537109375,338.95660400390625
2020-12-15,211.0833282470703,75.48971557617188,343.5391540527344
2020-12-16,207.58999633789062,75.41271209716797,344.0782470703125
2020-12-17,218.63333129882812,75.42981719970703,346.0023498535156
2020-12-18,231.6666717529297,75.40415954589844,344.6207580566406
2020-12-21,216.6199951171875,75.41271209716797,343.3885192871094
2020-12-22,213.44667053222656,75.53254699707031,342.80987548828125
2020-12-23,215.32666015625,75.44751739501953,343.1178894042969
2020-12-24,220.58999633789062,75.57633972167969,344.4527893066406
2020-12-25,220.58999633789062,75.57633972167969,344.4527893066406
2020-12-28,221.22999572753906,75.55057525634766,347.4118957519531
2020-12-29,221.99667358398438,75.57633972167969,346.7490539550781
2020-12-30,231.5933380126953,75.62789154052734,347.2438049316406
2020-12-31,235.22332763671875,75.73087310791016,349.0080871582031
2021-01-01,235.22332763671875,75.73087310791016,349.0080871582031
2021-01-04,243.2566680908203,75.62789154052734,344.2567138671875
2021-01-05,245.0366668701172,75.4990463256836,346.6277770996094
2021-01-06,251.9933319091797,75.16414642333984,348.7001037597656
2021-01-07,272.0133361816406,75.00956726074219,353.8808898925781
2021-01-08,293.3399963378906,74.94086456298828,355.8971862792969
2021-01-11,270.39666748046875,74.86360931396484,353.4981994628906
2021-01-12,283.14666748046875,74.846435546875,353.57281494140625
2021-01-13,284.8033447265625,75.04393768310547,354.52496337890625
2021-01-14,281.6666564941406,74.94947814941406,353.283447265625
2021-01-15,275.38665771484375,75.00956726074219,350.7070617675781
2021-01-18,275.38665771484375,75.00956726074219,350.7070617675781
2021-01-19,281.51666259765625,75.11263275146484,353.4607849121094
2021-01-20,283.48333740234375,75.10404968261719,358.35223388671875
2021-01-21,281.663330078125,75.00096893310547,358.6789245605469
2021-01-22,282.21331787109375,75.03531646728516,357.4093933105469
2021-01-25,293.6000061035156,75.20709228515625,358.8189697265625
2021-01-26,294.36334228515625,75.19853210449219,358.2587890625
2021-01-27,288.0533447265625,75.19853210449219,349.5028381347656
2021-01-28,278.4766540527344,75.13836669921875,352.5086669921875
2021-01-29,264.510009765625,75.07828521728516,345.45159912109375
2021-02-01,279.9366760253906,75.10320281982422,351.20184326171875
2021-02-02,290.92999267578125,75.00862121582031,356.1678771972656
2021-02-03,284.89666748046875,74.87960052490234,356.447998046875
2021-02-04,283.3299865722656,74.89681243896484,360.499267578125
2021-02-05,284.07666015625,74.79361724853516,361.9180908203125
2021-02-08,287.8066711425781,74.87960052490234,364.5318603515625
2021-02-09,283.1533203125,74.84516906738281,364.2891540527344
2021-02-10,268.2733459472656,74.96562957763672,364.1304626464844
2021-02-11,270.5533447265625,74.88819122314453,364.718505859375
2021-02-12,272.0400085449219,74.69037628173828,366.5201721191406
2021-02-15,272.0400085449219,74.69037628173828,366.5201721191406
2021-02-16,265.40667724609375,74.33771514892578,366.2027587890625
2021-02-17,266.04998779296875,74.49256896972656,366.28680419921875
2021-02-18,262.4599914550781,74.44954681396484,364.72784423828125
2021-02-19,260.4333190917969,74.19152069091797,364.0837707519531
2021-02-22,238.1666717529297,73.98511505126953,361.2833251953125
2021-02-23,232.94667053222656,73.96788024902344,361.7220153808594
2021-02-24,247.33999633789062,73.92488098144531,365.7080078125
2021-02-25,227.4066619873047,73.27983093261719,356.8959655761719
2021-02-26,225.1666717529297,73.91629791259766,355.0570983886719
2021-03-01,239.47666931152344,73.82067108154297,363.6636657714844
2021-03-02,228.81333923339844,73.81207275390625,360.8258972167969
2021-03-03,217.73333740234375,73.57947540283203,356.04656982421875
2021-03-04,207.14666748046875,73.346923828125,351.6405334472656
2021-03-05,199.31666564941406,73.3038330078125,358.1095886230469
2021-03-08,187.6666717529297,72.9679183959961,356.3265686035156
2021-03-09,224.52667236328125,73.20909118652344,361.4140319824219
2021-03-10,222.68666076660156,73.346923828125,363.6636657714844
2021-03-11,233.1999969482422,73.35553741455078,367.3509521484375
2021-03-12,231.2433319091797,72.91621398925781,367.8456115722656
2021-03-15,235.97999572753906,73.00233459472656,370.0393371582031
2021-03-16,225.6266632080078,72.9937515258789,369.57257080078125
2021-03-17,233.93666076660156,72.9679183959961,370.8327331542969
2021-03-18,217.72000122070312,72.66644287109375,365.43731689453125
2021-03-19,218.2899932861328,72.72669982910156,364.76116943359375
2021-03-22,223.3333282470703,72.93345642089844,367.6737976074219
2021-03-23,220.72000122070312,73.09712219238281,364.7799072265625
2021-03-24,210.08999633789062,73.20909118652344,362.9255676269531
2021-03-25,213.4633331298828,73.15740203857422,364.9671936035156
2021-03-26,206.23666381835938,73.02822875976562,370.8486022949219
2021-03-29,203.76333618164062,72.93345642089844,370.6612548828125
2021-03-30,211.8733367919922,73.0109634399414,369.6778869628906
2021-03-31,222.64332580566406,72.97651672363281,371.1763610839844
2021-04-01,220.5833282470703,73.21136474609375,375.1847229003906
2021-04-02,220.5833282470703,73.21136474609375,375.1847229003906
2021-04-05,230.35000610351562,73.09911346435547,380.56982421875
2021-04-06,230.5399932861328,73.35812377929688,380.3450012207031
2021-04-07,223.6566619873047,73.27176666259766,380.78521728515625
2021-04-08,227.93333435058594,73.4358139038086,382.5926818847656
2021-04-09,225.67333984375,73.34085083007812,385.3741760253906
2021-04-12,233.9933319091797,73.3235855102539,385.5146789550781
2021-04-13,254.10667419433594,73.51353454589844,386.65728759765625
2021-04-14,244.07666015625,73.46167755126953,385.3367614746094
2021-04-15,246.28334045410156,73.77252197265625,389.4762268066406
2021-04-16,246.5933380126953,73.57396697998047,390.7781066894531
2021-04-19,238.2100067138672,73.5307846069336,388.858154296875
2021-04-20,239.663330078125,73.65167999267578,386.0111389160156
2021-04-21,248.0399932861328,73.72933197021484,389.66357421875
2021-04-22,239.89666748046875,73.76390838623047,386.104736328125
2021-04-23,243.13333129882812,73.77252197265625,390.29107666015625
2021-04-26,246.06666564941406,73.72071838378906,391.1058349609375
2021-04-27,234.913330078125,73.5307846069336,391.0215148925781
2021-04-28,231.46665954589844,73.5653305053711,390.9090576171875
2021-04-29,225.6666717529297,73.50492095947266,393.4003601074219
2021-04-30,236.47999572753906,73.60847473144531,390.8155212402344
2021-05-03,228.3000030517578,73.62664031982422,391.6584167480469
2021-05-04,224.53334045410156,73.72174835205078,389.2421875
2021-05-05,223.64666748046875,73.76499938964844,389.36383056640625
2021-05-06,221.17999267578125,73.79956817626953,392.47314453125
2021-05-07,224.1233367919922,73.80821990966797,395.3295593261719
2021-05-10,209.67999267578125,73.63529968261719,391.41485595703125
2021-05-11,205.73333740234375,73.4883041381836,387.92156982421875
2021-05-12,196.6300048828125,73.22891998291016,379.6801452636719
2021-05-13,190.56333923339844,73.37586212158203,384.240966796875
2021-05-14,196.5800018310547,73.54879760742188,390.1412048339844
2021-05-17,192.27667236328125,73.47962951660156,389.1484375
2021-05-18,192.6233367919922,73.40182495117188,385.7956848144531
2021-05-19,187.82000732421875,73.32401275634766,384.7842102050781
2021-05-20,195.5933380126953,73.56611633300781,388.9237060546875
2021-05-21,193.6266632080078,73.58341217041016,388.6052551269531
2021-05-24,202.14666748046875,73.66986846923828,392.56683349609375
2021-05-25,201.56333923339844,73.8600845336914,391.69586181640625
2021-05-26,206.3766632080078,73.83416748046875,392.47314453125
2021-05-27,210.28334045410156,73.73042297363281,392.6792297363281
2021-05-28,208.4066619873047,73.72174835205078,393.3816223144531
2021-05-31,208.4066619873047,73.72174835205078,393.3816223144531
2021-06-01,207.96665954589844,73.716552734375,393.0351257324219
2021-06-02,201.7066650390625,73.79450225830078,393.6531982421875
2021-06-03,190.94667053222656,73.65592956542969,392.1921691894531
2021-06-04,199.68333435058594,73.95038604736328,395.7791442871094
2021-06-07,201.7100067138672,73.89844512939453,395.3951110839844
2021-06-08,201.19667053222656,74.0370101928711,395.47943115234375
2021-06-09,199.5933380126953,74.18421936035156,394.889404296875
2021-06-10,203.3733367919922,74.34010314941406,396.7250671386719
2021-06-11,203.29666137695312,74.32278442382812,397.380615234375
2021-06-14,205.89666748046875,74.13224792480469,398.27032470703125
2021-06-15,199.7866668701172,74.13224792480469,397.5398254394531
2021-06-16,201.6233367919922,73.9244155883789,395.3201904296875
2021-06-17,205.53334045410156,74.17555236816406,395.1891174316406
2021-06-18,207.77000427246094,74.40937042236328,389.8578186035156
2021-06-21,206.94332885742188,74.14956665039062,395.43902587890625
2021-06-22,207.90333557128906,74.25347137451172,397.5531311035156
2021-06-23,218.85667419433594,74.20155334472656,397.07391357421875
2021-06-24,226.60667419433594,74.2361831665039,399.42291259765625
2021-06-25,223.9566650390625,74.09761810302734,400.8416442871094
2021-06-28,229.57333374023438,74.29682159423828,401.64984130859375
2021-06-29,226.9199981689453,74.33146667480469,401.86590576171875
2021-06-30,226.56666564941406,74.3834228515625,402.20416259765625
2021-07-01,225.97332763671875,74.37645721435547,404.4309997558594
2021-07-02,226.3000030517578,74.50655364990234,407.5222473144531
2021-07-05,226.3000030517578,74.50655364990234,407.5222473144531
2021-07-06,219.86000061035156,74.77544403076172,406.77996826171875
2021-07-07,214.88333129882812,74.93158721923828,408.21759033203125
2021-07-08,217.60333251953125,75.0009765625,404.8914794921875
2021-07-09,218.98333740234375,74.76677703857422,409.2135925292969
2021-07-12,228.56666564941406,74.74076080322266,410.6793518066406
2021-07-13,222.84666442871094,74.50655364990234,409.279296875
2021-07-14,217.7933349609375,74.75812530517578,409.8901062011719
2021-07-15,216.86666870117188,74.94025421142578,408.49005126953125
2021-07-16,214.74000549316406,74.87081909179688,405.2860412597656
2021-07-19,215.4066619873047,75.29585266113281,399.3008728027344
2021-07-20,220.1666717529297,75.21781158447266,405.0229187011719
2021-07-21,218.42999267578125,74.9749526977539,408.3022155761719
2021-07-22,216.4199981689453,75.13975524902344,409.1570739746094
2021-07-23,214.4600067138672,75.0530014038086,413.3666076660156
2021-07-26,219.2066650390625,75.00962829589844,414.3813171386719
2021-07-27,214.92666625976562,75.20046997070312,412.4927673339844
2021-07-28,215.66000366210938,75.26985931396484,412.3236083984375
2021-07-29,225.78334045410156,75.13975524902344,414.0336608886719
2021-07-30,229.06666564941406,75.25248718261719,412.02294921875
2021-08-02,236.55667114257812,75.43148803710938,411.1585388183594
2021-08-03,236.5800018310547,75.4488296508789,414.5035095214844
2021-08-04,236.97332763671875,75.4488296508789,412.4645690917969
2021-08-05,238.2100067138672,75.27510070800781,415.0766296386719
2021-08-06,233.03334045410156,74.91890716552734,415.7625427246094
2021-08-09,237.9199981689453,74.77991485595703,415.4243469238281
2021-08-10,236.663330078125,74.66698455810547,415.9410705566406
2021-08-11,235.94000244140625,74.7191162109375,416.974609375
2021-08-12,240.75,74.72781372070312,418.2243347167969
2021-08-13,239.05667114257812,75.02315521240234,418.98541259765625
2021-08-16,228.72332763671875,75.09265899658203,419.9718933105469
2021-08-17,221.90333557128906,75.01447296142578,417.2189636230469
2021-08-18,229.663330078125,74.99710845947266,412.6524658203125
2021-08-19,224.49000549316406,75.16214752197266,413.2913513183594
2021-08-20,226.75332641601562,75.144775390625,416.5799560546875
2021-08-23,235.43333435058594,75.16214752197266,420.2444152832031
2021-08-24,236.163330078125,75.01447296142578,420.9115905761719
2021-08-25,237.06666564941406,74.89286804199219,421.7947692871094
2021-08-26,233.72000122070312,74.90154266357422,419.3048400878906
2021-08-27,237.30667114257812,75.11869812011719,423.0538024902344
2021-08-30,243.6366729736328,75.20558166503906,424.9142761230469
2021-08-31,245.24000549316406,75.11004638671875,424.28466796875
2021-09-01,244.69667053222656,75.12310028076172,424.51019287109375
2021-09-02,244.1300048828125,75.22749328613281,425.8162536621094
2021-09-03,244.52333068847656,75.07088470458984,425.7129211425781
2021-09-06,244.52333068847656,75.07088470458984,425.7129211425781
2021-09-07,250.97332763671875,74.85336303710938,424.1907653808594
2021-09-08,251.2899932861328,74.97518157958984,423.6739501953125
2021-09-09,251.6199951171875,75.244873046875,421.860595703125
2021-09-10,245.42333984375,75.06218719482422,418.5343933105469
2021-09-13,247.6666717529297,75.17527770996094,419.60546875
2021-09-14,248.163330078125,75.35799407958984,417.34112548828125
2021-09-15,251.94332885742188,75.28841400146484,420.8269958496094
2021-09-16,252.3300018310547,75.14920043945312,420.15985107421875
2021-09-17,253.163330078125,75.05347442626953,416.0671081542969
2021-09-20,243.38999938964844,75.26231384277344,409.12945556640625
2021-09-21,246.4600067138672,75.244873046875,408.7430419921875
2021-09-22,250.64666748046875,75.32321166992188,412.7302551269531
2021-09-23,251.2133331298828,74.9229736328125,417.74493408203125
2021-09-24,258.1300048828125,74.7663345336914,418.43304443359375
2021-09-27,263.78668212890625,74.6793441772461,417.2359313964844
2021-09-28,259.1866760253906,74.35741424560547,408.82781982421875
2021-09-29,260.4366760253906,74.36611938476562,409.5159912109375
2021-09-30,258.49334716796875,74.34871673583984,404.5107421875
2021-10-01,258.40667724609375,74.60143280029297,409.3179626464844
2021-10-04,260.510009765625,74.54914093017578,404.0394592285156
2021-10-05,260.1966552734375,74.36613464355469,408.243408203125
2021-10-06,260.9166564941406,74.40098571777344,409.94012451171875
2021-10-07,264.53668212890625,74.19185638427734,413.4843444824219
2021-10-08,261.8299865722656,74.00884246826172,412.7302551269531
2021-10-11,263.9800109863281,73.89559936523438,409.7421569824219
2021-10-12,268.5733337402344,74.16567993164062,408.7335510253906
2021-10-13,270.3599853515625,74.36613464355469,410.2040710449219
2021-10-14,272.7733459472656,74.49684143066406,417.1039733886719
2021-10-15,281.010009765625,74.31382751464844,420.2805480957031
2021-10-18,290.03668212890625,74.27027130126953,421.5247497558594
2021-10-19,288.0899963378906,74.06114196777344,424.77679443359375
2021-10-20,288.6000061035156,73.97399139404297,426.4451599121094
2021-10-21,298.0,73.86944580078125,427.5575256347656
2021-10-22,303.2266540527344,74.02629089355469,427.1144104003906
2021-10-25,341.6199951171875,74.06114196777344,429.40496826171875
2021-10-26,339.4766540527344,74.20927429199219,429.7913818359375
2021-10-27,345.9533386230469,74.47943115234375,427.88739013671875
2021-10-28,359.0133361816406,74.38356018066406,432.0160217285156
2021-10-29,371.3333435058594,74.40098571777344,432.8927307128906
2021-11-01,402.86334228515625,74.34339904785156,433.6372985839844
2021-11-02,390.6666564941406,74.48301696777344,435.3905334472656
2021-11-03,404.6199951171875,74.35211181640625,438.0487060546875
2021-11-04,409.9700012207031,74.6925048828125,440.1130065917969
2021-11-05,407.36334228515625,74.91944885253906,441.6400451660156
2021-11-08,387.64666748046875,74.75357055664062,442.0170593261719
2021-11-09,341.1666564941406,74.96305847167969,440.55596923828125
2021-11-10,355.98333740234375,74.45684814453125,437.0118103027344
2021-11-11,354.5033264160156,74.33463287353516,437.15325927734375
2021-11-12,344.47332763671875,74.34339904785156,440.45233154296875
2021-11-15,337.7966613769531,74.03792572021484,440.6031494140625
2021-11-16,351.57666015625,73.98555755615234,442.3469543457031
2021-11-17,363.0033264160156,74.14263916015625,441.2724609375
2021-11-18,365.4599914550781,74.22991943359375,442.77117919921875
2021-11-19,379.0199890136719,74.38703918457031,441.9793395996094
2021-11-22,385.6233215332031,74.02046203613281,440.735107421875
2021-11-23,369.6766662597656,73.72370147705078,441.3195495605469
2021-11-24,372.0,73.89826965332031,442.497802734375
2021-11-25,372.0,73.89826965332031,442.497802734375
2021-11-26,360.6400146484375,74.42194366455078,432.628662109375
2021-11-29,378.9966735839844,74.41319274902344,437.9355773925781
2021-11-30,381.586669921875,74.5528335571289,429.41436767578125
2021-12-01,365.0,74.60092163085938,424.6448059082031
2021-12-02,361.5333251953125,74.60965728759766,431.1488342285156
2021-12-03,338.3233337402344,74.89813995361328,427.39727783203125
2021-12-06,336.336669921875,74.69708251953125,432.4590759277344
2021-12-07,350.5833435058594,74.53099822998047,441.4043884277344
2021-12-08,356.32000732421875,74.3037109375,442.5732421875
2021-12-09,334.6000061035156,74.33868408203125,439.5851745605469
2021-12-10,339.010009765625,74.36490631103516,443.7231750488281
2021-12-13,322.13665771484375,74.61841583251953,439.79248046875
2021-12-14,319.5033264160156,74.49604034423828,436.7667236328125
2021-12-15,325.3299865722656,74.39986419677734,443.5912170410156
2021-12-16,308.97332763671875,74.49604034423828,439.679443359375
2021-12-17,310.8566589355469,74.62714385986328,434.9999694824219
2021-12-20,299.9800109863281,74.50479125976562,430.3744201660156
2021-12-21,312.84332275390625,74.42611694335938,438.0174255371094
2021-12-22,336.2900085449219,74.50479125976562,442.39703369140625
2021-12-23,355.6666564941406,74.39165496826172,445.1496887207031
2021-12-24,355.6666564941406,74.39165496826172,445.1496887207031
2021-12-27,364.64666748046875,74.42671203613281,451.4494934082031
2021-12-28,362.8233337402344,74.41792297363281,451.0805969238281
2021-12-29,362.0633239746094,74.17242431640625,451.6575927734375
2021-12-30,356.7799987792969,74.33904266357422,450.40899658203125
2021-12-31,352.260009765625,74.32146453857422,449.27386474609375
2022-01-03,399.9266662597656,73.82161712646484,451.8751220703125
2022-01-04,383.1966552734375,73.8128662109375,451.7237548828125
2022-01-05,362.7066650390625,73.55854797363281,443.04974365234375
2022-01-06,354.8999938964844,73.4796142578125,442.633544921875
2022-01-07,342.32000732421875,73.27790832519531,440.8835754394531
2022-01-10,352.7066650390625,73.21653747558594,440.3349914550781
2022-01-11,354.79998779296875,73.36561584472656,444.3455810546875
2022-01-12,368.739990234375,73.33932495117188,445.5469665527344
2022-01-13,343.85333251953125,73.4620590209961,439.4079895019531
2022-01-14,349.8699951171875,73.05870056152344,439.5876770019531
2022-01-17,349.8699951171875,73.05870056152344,439.5876770019531
2022-01-18,343.5033264160156,72.6026611328125,431.802734375
2022-01-19,331.8833312988281,72.77803039550781,427.3190612792969
2022-01-20,332.0899963378906,72.85698699951172,422.5894470214844
2022-01-21,314.6333312988281,73.12886047363281,414.2937927246094
2022-01-24,310.0,73.01482391357422,416.05316162109375
2022-01-25,306.1333312988281,72.91838836669922,410.9736633300781
2022-01-26,312.4700012207031,72.51496887207031,409.94256591796875
2022-01-27,276.3666687011719,72.75173950195312,407.918212890625
2022-01-28,282.1166687011719,72.83944702148438,418.0490417480469
2022-01-31,312.239990234375,72.78680419921875,425.57855224609375
2022-02-01,310.4166564941406,72.75786590576172,428.4541931152344
2022-02-02,301.88665771484375,72.86323547363281,432.61627197265625
2022-02-03,297.0466613769531,72.55580139160156,422.44757080078125
2022-02-04,307.7733459472656,72.10784149169922,424.4340515136719
2022-02-07,302.4466552734375,72.1693115234375,423.0718994140625
2022-02-08,307.3333435058594,71.9321517944336,426.5529479980469
2022-02-09,310.6666564941406,71.98484802246094,432.79595947265625
2022-02-10,301.51666259765625,71.32605743408203,425.0205078125
2022-02-11,286.6666564941406,71.79158782958984,416.6396179199219
2022-02-14,291.9200134277344,71.38753509521484,415.27752685546875
2022-02-15,307.4766540527344,71.23821258544922,421.974609375
2022-02-16,307.7966613769531,71.3348388671875,422.44757080078125
2022-02-17,292.1166687011719,71.4929428100586,413.42352294921875
2022-02-18,285.6600036621094,71.61593627929688,410.74658203125
2022-02-21,285.6600036621094,71.61593627929688,410.74658203125
2022-02-22,273.84332275390625,71.5719985961914,406.3386535644531
2022-02-23,254.67999267578125,71.21184539794922,399.1306457519531
2022-02-24,266.92333984375,71.36996459960938,405.1372985839844
2022-02-25,269.9566650390625,71.43145751953125,414.07623291015625
2022-02-28,290.1433410644531,71.95852661132812,413.0167541503906
2022-03-01,288.1233215332031,72.3359375,406.72650146484375
2022-03-02,293.2966613769531,71.44737243652344,414.2086181640625
2022-03-03,279.7633361816406,71.7640609741211,412.1465148925781
2022-03-04,279.42999267578125,72.01918029785156,408.79803466796875
2022-03-07,268.1933288574219,71.66728973388672,396.7469177246094
2022-03-08,274.79998779296875,71.33296203613281,393.7389221191406
2022-03-09,286.3233337402344,71.13941955566406,404.2953796386719
2022-03-10,279.4333190917969,70.7611312866211,402.46978759765625
2022-03-11,265.1166687011719,70.70832061767578,397.352294921875
2022-03-14,255.4566650390625,70.05728149414062,394.4483642578125
2022-03-15,267.2966613769531,70.17166900634766,403.12249755859375
2022-03-16,280.07666015625,70.27721405029297,412.0614013671875
2022-03-17,290.5333251953125,70.33880615234375,417.2167053222656
2022-03-18,301.7966613769531,70.54115295410156,421.7863464355469
2022-03-21,307.0533447265625,69.8197250366211,421.6629943847656
2022-03-22,331.32666015625,69.6437759399414,426.59710693359375
2022-03-23,333.03668212890625,69.96049499511719,421.1032409667969
2022-03-24,337.97332763671875,69.87252044677734,427.4510192871094
2022-03-25,336.8800048828125,69.25668334960938,429.53851318359375
2022-03-28,363.9466552734375,69.45903015136719,432.5938720703125
2022-03-29,366.5233459472656,69.76695251464844,437.9454650878906
2022-03-30,364.663330078125,69.92529296875,435.2412109375
2022-03-31,359.20001220703125,69.97809600830078,428.542236328125
2022-04-01,361.5299987792969,69.82640075683594,429.75677490234375
2022-04-04,381.8166809082031,69.87931060791016,433.4383239746094
2022-04-05,363.7533264160156,69.17372131347656,427.9634094238281
2022-04-06,348.586669921875,68.9620590209961,423.68402099609375
2022-04-07,352.4200134277344,68.82093811035156,425.8190002441406
2022-04-08,341.8299865722656,68.45052337646484,424.6803894042969
2022-04-11,325.30999755859375,68.13298797607422,417.4216003417969
2022-04-12,328.98333740234375,68.3534927368164,415.87493896484375
2022-04-13,340.7900085449219,68.43286895751953,420.6382141113281
2022-04-14,328.3333435058594,67.96540832519531,415.40057373046875
2022-04-15,328.3333435058594,67.96540832519531,415.40057373046875
2022-04-18,334.7633361816406,67.74494171142578,415.5713806152344
2022-04-19,342.7166748046875,67.32157135009766,422.27972412109375
2022-04-20,325.73333740234375,67.74494171142578,421.96661376953125
2022-04-21,336.260009765625,67.38331604003906,415.6567687988281
2022-04-22,335.01666259765625,67.29512023925781,404.25146484375
2022-04-25,332.67333984375,67.71846771240234,406.59515380859375
2022-04-26,292.1400146484375,67.89485168457031,394.81982421875
2022-04-27,293.836669921875,67.68318176269531,395.92999267578125
2022-04-28,292.5033264160156,67.65673828125,405.93096923828125
2022-04-29,290.2533264160156,67.1981201171875,390.9295349121094
2022-05-02,300.9800109863281,66.85437774658203,393.2826843261719
2022-05-03,303.0833435058594,67.013427734375,395.0855407714844
2022-05-04,317.5400085449219,67.44640350341797,407.1170654296875
2022-05-05,291.09332275390625,66.77484130859375,392.6469421386719
2022-05-06,288.54998779296875,66.49208068847656,390.30328369140625
2022-05-09,262.3699951171875,66.79253387451172,377.8068542480469
2022-05-10,266.67999267578125,66.98690032958984,378.67974853515625
2022-05-11,244.6666717529297,67.21665954589844,372.6639709472656
2022-05-12,242.6666717529297,67.34919738769531,372.2749328613281
2022-05-13,256.5299987792969,67.10182189941406,381.1752014160156
2022-05-16,241.4566650390625,67.20780944824219,379.6285705566406
2022-05-17,253.8699951171875,66.8101806640625,387.4377136230469
2022-05-18,236.60333251953125,67.09291076660156,371.8194274902344
2022-05-19,236.47332763671875,67.23432159423828,369.5423278808594
2022-05-20,221.3000030517578,67.43755340576172,369.7035827636719
2022-05-23,224.96665954589844,67.19898223876953,376.6207275390625
2022-05-24,209.3866729736328,67.74683380126953,373.7457275390625
2022-05-25,219.60000610351562,68.02073669433594,377.0477294921875
2022-05-26,235.91000366210938,67.95006561279297,384.58160400390625
2022-05-27,253.2100067138672,68.14444732666016,394.0227966308594
2022-05-30,253.2100067138672,68.14444732666016,394.0227966308594
2022-05-31,252.75332641601562,67.75566864013672,391.8118896484375
2022-06-01,246.7899932861328,67.452880859375,388.6427307128906
2022-06-02,258.3333435058594,67.51484680175781,396.0438537597656
2022-06-03,234.51666259765625,67.41747283935547,389.5442199707031
2022-06-06,238.27999877929688,67.0190658569336,390.73028564453125
2022-06-07,238.8866729736328,67.24923706054688,394.4782409667969
2022-06-08,241.86666870117188,66.97483825683594,390.18939208984375
2022-06-09,239.7066650390625,66.88629150390625,380.9095458984375
2022-06-10,232.22999572753906,66.31968688964844,369.8648681640625
2022-06-13,215.73666381835938,65.24842071533203,355.82171630859375
2022-06-14,220.88999938964844,64.894287109375,354.7495422363281
2022-06-15,233.0,65.63796997070312,359.8069763183594
2022-06-16,213.10000610351562,65.77962493896484,347.8987731933594
2022-06-17,216.75999450683594,65.81503295898438,348.6487731933594
2022-06-20,216.75999450683594,65.81503295898438,348.6487731933594
2022-06-21,237.0366668701172,65.51403045654297,357.4255676269531
2022-06-22,236.086669921875,66.05406188964844,356.7775573730469
2022-06-23,235.07000732421875,66.372802734375,360.2748107910156
2022-06-24,245.7066650390625,66.24884796142578,371.7293701171875
2022-06-27,244.9199981689453,65.93013000488281,370.3094482421875
2022-06-28,232.663330078125,65.96553039550781,362.7430419921875
2022-06-29,228.49000549316406,66.34622192382812,362.44757080078125
2022-06-30,224.47332763671875,66.62953186035156,359.5030212402344
2022-07-01,227.26333618164062,67.1609115600586,363.30517578125
2022-07-04,227.26333618164062,67.1609115600586,363.30517578125
2022-07-05,233.06666564941406,67.27622985839844,363.9913635253906
2022-07-06,231.73333740234375,66.86815643310547,365.2207336425781
2022-07-07,244.5433349609375,66.681884765625,370.69061279296875
2022-07-08,250.76333618164062,66.46007537841797,370.3857421875
2022-07-11,234.3433380126953,66.7084732055664,366.1545104980469
2022-07-12,233.07000732421875,66.82381439208984,362.91455078125
2022-07-13,237.0399932861328,67.03668975830078,361.0086364746094
2022-07-14,238.31333923339844,66.82381439208984,360.1318664550781
2022-07-15,240.06666564941406,67.06332397460938,367.0122375488281
2022-07-18,240.54666137695312,66.85929870605469,363.9818420410156
2022-07-19,245.52999877929688,66.80604553222656,373.81634521484375
2022-07-20,247.5,66.74397277832031,376.1987609863281
2022-07-21,271.7066650390625,67.29395294189453,380.0296936035156
2022-07-22,272.24334716796875,67.84394836425781,376.50372314453125
2022-07-25,268.4333190917969,67.5955581665039,376.9611511230469
2022-07-26,258.8599853515625,67.61331176757812,372.50128173828125
2022-07-27,274.82000732421875,67.79962158203125,382.17376708984375
2022-07-28,280.8999938964844,68.26973724365234,386.9671936035156
2022-07-29,297.1499938964844,68.21654510498047,392.6086730957031
2022-08-01,297.27667236328125,68.51248931884766,391.446044921875
2022-08-02,300.586669921875,67.81920623779297,388.8635559082031
2022-08-03,307.39666748046875,68.1569595336914,394.9530029296875
2022-08-04,308.6333312988281,68.32587432861328,394.6860656738281
2022-08-05,288.1700134277344,67.55257415771484,394.01904296875
2022-08-08,290.42333984375,67.8547592163086,393.5616455078125
2022-08-09,283.3333435058594,67.70365142822266,391.998779296875
2022-08-10,294.3566589355469,67.89031219482422,400.23236083984375
2022-08-11,286.6300048828125,67.5080795288086,400.23236083984375
2022-08-12,300.0299987792969,67.81920623779297,407.0078430175781
2022-08-15,309.32000732421875,67.89031219482422,408.68505859375
2022-08-16,306.5633239746094,67.80145263671875,409.4855651855469
2022-08-17,303.9966735839844,67.40145111083984,406.5789489746094
2022-08-18,302.8699951171875,67.52590942382812,407.7607116699219
2022-08-19,296.6666564941406,67.0992431640625,402.2811584472656
2022-08-22,289.913330078125,66.79702758789062,393.9046936035156
2022-08-23,296.4533386230469,66.77034759521484,392.95172119140625
2022-08-24,297.0966796875,66.60149383544922,394.2095947265625
2022-08-25,296.07000732421875,66.9659194946289,399.7748718261719
2022-08-26,288.0899963378906,66.83258819580078,386.2429504394531
2022-08-29,284.82000732421875,66.5303726196289,383.6889953613281
2022-08-30,277.70001220703125,66.58372497558594,379.4769287109375
2022-08-31,275.6099853515625,66.30815124511719,376.58941650390625
2022-09-01,277.1600036621094,65.94832611083984,377.7711181640625
2022-09-02,270.2099914550781,66.11756134033203,373.78778076171875
2022-09-05,270.2099914550781,66.11756134033203,373.78778076171875
2022-09-06,274.4200134277344,65.52076721191406,372.37738037109375
2022-09-07,283.70001220703125,65.99283599853516,379.0671691894531
2022-09-08,289.260009765625,65.78799438476562,381.5448303222656
2022-09-09,299.67999267578125,65.76126098632812,387.47222900390625
2022-09-12,304.4200134277344,65.68110656738281,391.6366271972656
2022-09-13,292.1300048828125,65.3515396118164,374.6073303222656
2022-09-14,302.6099853515625,65.43169403076172,376.03680419921875
2022-09-15,303.75,65.23575592041016,371.76751708984375
2022-09-16,303.3500061035156,65.16449737548828,368.9313659667969
2022-09-19,309.07000732421875,65.11994934082031,371.7923583984375
2022-09-20,308.7300109863281,64.79928588867188,367.52471923828125
2022-09-21,300.79998779296875,64.97743225097656,361.1136474609375
2022-09-22,288.5899963378906,64.3094253540039,358.0804443359375
2022-09-23,275.3299865722656,64.1312484741211,352.0807800292969
2022-09-26,276.010009765625,63.31180191040039,348.59783935546875
2022-09-27,282.94000244140625,63.03567886352539,347.7079162597656
2022-09-28,287.80999755859375,64.01545715332031,354.549560546875
2022-09-29,268.2099914550781,63.685916900634766,347.143310546875
2022-09-30,265.25,63.53450393676758,341.7753601074219
2022-10-03,242.39999389648438,64.06651306152344,350.79864501953125
2022-10-04,249.44000244140625,64.22718811035156,361.6686706542969
2022-10-05,240.80999755859375,63.887996673583984,360.82659912109375
2022-10-06,238.1300048828125,63.64695358276367,357.10443115234375
2022-10-07,223.07000732421875,63.31667709350586,347.143310546875
2022-10-10,222.9600067138672,63.031002044677734,344.49285888671875
2022-10-11,216.5,63.04888153076172,342.31121826171875
2022-10-12,217.24000549316406,63.12028121948242,341.1820983886719
2022-10-13,221.72000122070312,62.89712142944336,350.1862487792969
2022-10-14,204.99000549316406,62.593605041503906,342.2059020996094
2022-10-17,219.35000610351562,62.72751235961914,350.99957275390625
2022-10-18,220.19000244140625,62.8703727722168,355.1236572265625
2022-10-19,222.0399932861328,62.352596282958984,352.6070556640625
2022-10-20,207.27999877929688,61.93302917480469,349.650390625
2022-10-21,214.44000244140625,62.0401496887207,358.14739990234375
2022-10-24,211.25,61.95092010498047,362.5298767089844
2022-10-25,222.4199981689453,62.54005813598633,368.3189697265625
2022-10-26,224.63999938964844,62.790000915527344,365.5439758300781
2022-10-27,225.08999633789062,63.12028121948242,363.59197998046875
2022-10-28,228.52000427246094,62.99533462524414,372.2420959472656
2022-10-31,227.5399932861328,62.79893112182617,369.5533447265625
2022-11-01,227.82000732421875,62.86426544189453,367.93609619140625
2022-11-02,214.97999572753906,62.76582336425781,358.7023620605469
2022-11-03,215.30999755859375,62.52423095703125,355.0088195800781
2022-11-04,207.47000122070312,62.542137145996094,360.1185302734375
2022-11-07,197.0800018310547,62.30058670043945,363.5632629394531
2022-11-08,191.3000030517578,62.57793045043945,365.52484130859375
2022-11-09,177.58999633789062,62.667423248291016,357.9942626953125
2022-11-10,190.72000122070312,63.96477127075195,377.66754150390625
2022-11-11,195.97000122070312,63.96477127075195,381.3228759765625
2022-11-14,190.9499969482422,63.75897979736328,378.07904052734375
2022-11-15,194.4199981689453,64.20635986328125,381.3036804199219
2022-11-16,186.9199981689453,64.57319641113281,378.39483642578125
2022-11-17,183.1699981689453,64.30477142333984,377.23699951171875
2022-11-18,180.19000244140625,64.19742584228516,378.9498291015625
2022-11-21,167.8699951171875,64.19742584228516,377.5719299316406
2022-11-22,169.91000366210938,64.5284652709961,382.65283203125
2022-11-23,183.1999969482422,64.92213439941406,385.0641784667969
2022-11-24,183.1999969482422,64.92213439941406,385.0641784667969
2022-11-25,182.86000061035156,64.92213439941406,384.9780578613281
2022-11-28,182.9199981689453,64.84161376953125,378.8349304199219
2022-11-29,180.8300018310547,64.60001373291016,378.18426513671875
2022-11-30,194.6999969482422,65.10110473632812,390.09735107421875
2022-12-01,194.6999969482422,65.64360809326172,389.8102722167969
2022-12-02,194.86000061035156,65.91265869140625,389.360595703125
2022-12-05,182.4499969482422,65.39253997802734,382.356201171875
2022-12-06,179.82000732421875,65.60778045654297,376.84466552734375
2022-12-07,174.0399932861328,66.18170166015625,376.2035217285156
2022-12-08,173.44000244140625,65.99337768554688,379.1507568359375
2022-12-09,179.0500030517578,65.60778045654297,376.3184509277344
2022-12-12,167.82000732421875,65.60778045654297,381.74383544921875
2022-12-13,160.9499969482422,66.05615997314453,384.6336364746094
2022-12-14,156.8000030517578,66.21756744384766,382.1744079589844
2022-12-15,157.6699981689453,66.25345611572266,372.8258361816406
2022-12-16,150.22999572753906,66.0830307006836,368.4241943359375
2022-12-19,149.8699951171875,65.68849182128906,365.300048828125
2022-12-20,137.8000030517578,65.25802612304688,365.7999267578125
2022-12-21,137.57000732421875,65.41046905517578,371.26953125
2022-12-22,125.3499984741211,65.40149688720703,365.9729309082031
2022-12-23,123.1500015258789,65.19657135009766,368.0781555175781
2022-12-26,123.1500015258789,65.19657135009766,368.0781555175781
2022-12-27,109.0999984741211,64.69316864013672,366.6266174316406
2022-12-28,112.70999908447266,64.60328674316406,362.0702209472656
2022-12-29,121.81999969482422,64.84599304199219,368.58758544921875
2022-12-30,123.18000030517578,64.5763168334961,367.6166687011719
2023-01-02,123.18000030517578,64.5763168334961,367.6166687011719
2023-01-03,108.0999984741211,64.91791534423828,366.069091796875
2023-01-04,113.63999938964844,65.28645324707031,368.89520263671875
2023-01-05,110.33999633789062,65.21456146240234,364.68487548828125
2023-01-06,113.05999755859375,65.93365478515625,373.0478820800781
2023-01-09,119.7699966430664,66.11341857910156,372.8363952636719
2023-01-10,118.8499984741211,65.85275268554688,375.4510498046875
2023-01-11,123.22000122070312,66.20330810546875,380.1996765136719
2023-01-12,123.55999755859375,66.7156753540039,381.5838623046875
2023-01-13,122.4000015258789,66.49095916748047,383.0642395019531
2023-01-16,122.4000015258789,66.49095916748047,383.0642395019531
2023-01-17,131.49000549316406,66.40106964111328,382.3625183105469
2023-01-18,128.77999877929688,67.01234436035156,376.3258361816406
2023-01-19,127.16999816894531,66.87748718261719,373.5862121582031
2023-01-20,133.4199981689453,66.58084869384766,380.5457458496094
2023-01-23,143.75,66.4190673828125,385.11175537109375
2023-01-24,143.88999938964844,66.7156753540039,384.69842529296875
2023-01-25,144.42999267578125,66.79656219482422,384.8426208496094
2023-01-26,160.27000427246094,66.6707534790039,389.0721435546875
2023-01-27,177.89999389648438,66.59881591796875,389.96612548828125
2023-01-30,166.66000366210938,66.41008758544922,385.07330322265625
2023-01-31,173.22000122070312,66.7156753540039,390.73516845703125
2023-02-01,181.41000366210938,67.14459228515625,394.88775634765625
2023-02-02,188.27000427246094,67.18963623046875,400.6361999511719
2023-02-03,189.97999572753906,66.59496307373047,396.3778076171875
2023-02-06,194.75999450683594,66.18048095703125,393.9553527832031
2023-02-07,196.80999755859375,66.09037780761719,399.1077880859375
2023-02-08,201.2899932861328,66.20751190185547,394.74365234375
2023-02-09,207.32000732421875,65.93720245361328,391.321533203125
2023-02-10,196.88999938964844,65.65787506103516,392.2346496582031
2023-02-13,194.63999938964844,65.83808898925781,396.83917236328125
2023-02-14,209.25,65.61285400390625,396.65655517578125
2023-02-15,214.24000549316406,65.46866607666016,397.9446716308594
2023-02-16,202.0399932861328,65.21636962890625,392.46539306640625
2023-02-17,208.30999755859375,65.36053466796875,391.48492431640625
2023-02-20,208.30999755859375,65.36053466796875,391.48492431640625
2023-02-21,197.3699951171875,64.79288482666016,383.6313781738281
2023-02-22,200.86000061035156,64.93704986572266,383.1026611328125
2023-02-23,202.07000732421875,65.17131805419922,385.14056396484375
2023-02-24,196.8800048828125,64.8109130859375,381.0263366699219
2023-02-27,207.6300048828125,64.91902160644531,382.3240661621094
2023-02-28,205.7100067138672,64.93704986572266,380.9110412597656
2023-03-01,202.77000427246094,64.55235290527344,379.44989013671875
2023-03-02,190.89999389648438,64.41690063476562,382.4009704589844
2023-03-03,197.7899932861328,64.91357421875,388.53387451171875
2023-03-06,193.80999755859375,64.76005554199219,388.80303955078125
2023-03-07,187.7100067138672,64.68779754638672,382.8431091308594
2023-03-08,182.0,64.63360595703125,383.4679870605469
2023-03-09,172.9199981689453,64.85035705566406,376.3930358886719
2023-03-10,173.44000244140625,65.62700653076172,370.9619445800781
2023-03-13,174.47999572753906,66.15079498291016,370.4332275390625
2023-03-14,183.25999450683594,65.7353744506836,376.5565185546875
2023-03-15,180.4499969482422,66.4126968383789,374.2013854980469
2023-03-16,184.1300048828125,66.09661102294922,380.76678466796875
2023-03-17,180.1300048828125,66.57525634765625,376.3146057128906
2023-03-20,183.25,66.2862548828125,379.93310546875
2023-03-21,197.5800018310547,66.10565185546875,384.9217834472656
2023-03-22,191.14999389648438,66.6926498413086,378.3602600097656
2023-03-23,192.22000122070312,66.84617614746094,379.3830871582031
2023-03-24,190.41000366210938,66.98164367675781,381.8726806640625
2023-03-27,191.80999755859375,66.2862548828125,382.58673095703125
2023-03-28,189.19000244140625,66.16886138916016,381.7279052734375
2023-03-29,193.8800048828125,66.24112701416016,387.2762451171875
2023-03-30,195.27999877929688,66.3313980102539,389.54388427734375
2023-03-31,207.4600067138672,66.67460632324219,395.03436279296875
2023-04-03,194.77000427246094,66.95795440673828,396.5396423339844
2023-04-04,192.5800018310547,67.22956848144531,394.3395690917969
2023-04-05,185.52000427246094,67.4106216430664,393.30706787109375
2023-04-06,185.05999755859375,67.39250183105469,394.8413391113281
2023-04-07,185.05999755859375,67.39250183105469,394.8413391113281
2023-04-10,184.50999450683594,66.93986511230469,395.2466125488281
2023-04-11,186.7899932861328,66.96701049804688,395.3527526855469
2023-04-12,180.5399932861328,67.03943634033203,393.7413024902344
2023-04-13,185.89999389648438,67.00324249267578,398.97125244140625
2023-04-14,185.0,66.70445251464844,397.9966735839844
2023-04-17,187.0399932861328,66.34232330322266,399.4248046875
2023-04-18,184.30999755859375,66.44192504882812,399.6853332519531
2023-04-19,180.58999633789062,66.35137939453125,399.6177673339844
2023-04-20,162.99000549316406,66.64109802246094,397.4369812011719
2023-04-21,165.0800018310547,66.5234146118164,397.74578857421875
2023-04-24,162.5500030517578,66.78594970703125,398.1607360839844
2023-04-25,160.6699981689453,67.22050476074219,391.8404541015625
2023-04-26,153.75,66.985107421875,390.18072509765625
2023-04-27,160.19000244140625,66.69541931152344,397.94842529296875
2023-04-28,164.30999755859375,67.06658935546875,401.3450012207031
2023-05-01,161.8300018310547,66.37686920166016,400.93975830078125
2023-05-02,160.30999755859375,67.03028106689453,396.4334716796875
2023-05-03,160.61000061035156,67.3116226196289,393.7123718261719
2023-05-04,161.1999969482422,67.22086334228516,390.9237365722656
2023-05-05,170.05999755859375,66.975830078125,398.1607360839844
2023-05-08,171.7899932861328,66.65818786621094,398.266845703125
2023-05-09,169.14999389648438,66.5855941772461,396.5203552246094
2023-05-10,168.5399932861328,66.99400329589844,398.373046875
2023-05-11,172.0800018310547,67.21182250976562,397.6782531738281
2023-05-12,167.97999572753906,66.85787200927734,397.1571350097656
2023-05-15,166.35000610351562,66.6854476928711,398.52740478515625
2023-05-16,166.52000427246094,66.5220718383789,395.8641357421875
2023-05-17,173.86000061035156,66.40409851074219,400.6695861816406
2023-05-18,176.88999938964844,66.13185119628906,404.529296875
2023-05-19,180.13999938964844,65.95033264160156,403.94073486328125
2023-05-22,188.8699951171875,65.93218231201172,404.104736328125
2023-05-23,185.77000427246094,65.9775619506836,399.56951904296875
2023-05-24,182.89999389648438,65.79603576660156,396.6747131347656
2023-05-25,184.47000122070312,65.55101776123047,400.1098327636719
2023-05-26,193.1699981689453,65.63268280029297,405.29156494140625
2023-05-29,193.1699981689453,65.63268280029297,405.29156494140625
2023-05-30,201.16000366210938,66.06829833984375,405.4459533691406
2023-05-31,203.92999267578125,66.2861328125,403.19769287109375
2023-06-01,207.52000427246094,66.46537017822266,407.02850341796875
2023-06-02,213.97000122070312,66.09233856201172,412.9145812988281
2023-06-05,217.61000061035156,66.10140991210938,412.123291015625
2023-06-06,221.30999755859375,66.19242095947266,413.02069091796875
2023-06-07,224.57000732421875,65.81936645507812,411.59259033203125
2023-06-08,234.86000061035156,66.14688873291016,414.0821228027344
2023-06-09,244.39999389648438,66.01045227050781,414.82513427734375
2023-06-12,249.8300018310547,66.14688873291016,418.5883483886719
2023-06-13,258.7099914550781,65.8557357788086,421.3480529785156
2023-06-14,256.7900085449219,65.91032409667969,421.8498229980469
2023-06-15,255.89999389648438,66.31979370117188,427.07977294921875
2023-06-16,260.5400085449219,66.17420196533203,425.6250915527344
2023-06-19,260.5400085449219,66.17420196533203,425.6250915527344
2023-06-20,274.45001220703125,66.26519775390625,423.4168395996094
2023-06-21,259.4599914550781,66.37437438964844,421.2473449707031
2023-06-22,264.6099853515625,66.05591583251953,422.7679748535156
2023-06-23,256.6000061035156,66.24698638916016,419.57183837890625
2023-06-26,241.0500030517578,66.3288803100586,417.8575439453125
2023-06-27,250.2100067138672,66.20149993896484,422.4386901855469
2023-06-28,256.239990234375,66.41078186035156,422.6517028808594
2023-06-29,257.5,65.91032409667969,424.31756591796875
2023-06-30,261.7699890136719,66.1377944946289,429.3248291015625
2023-07-03,279.82000732421875,65.94989776611328,429.81878662109375
2023-07-04,279.82000732421875,65.94989776611328,429.81878662109375
2023-07-05,282.4800109863281,65.6762466430664,429.1795349121094
2023-07-06,276.5400085449219,65.25664520263672,425.8187561035156
2023-07-07,274.42999267578125,65.22016143798828,424.7436828613281
2023-07-10,269.6099853515625,65.4482192993164,425.8187561035156
2023-07-11,269.7900085449219,65.58503723144531,428.5306701660156
2023-07-12,271.989990234375,66.10496520996094,431.97857666015625
2023-07-13,277.8999938964844,66.5063247680664,435.40716552734375
2023-07-14,281.3800048828125,66.19617462158203,435.13592529296875
2023-07-17,290.3800048828125,66.26914978027344,436.6468200683594
2023-07-18,293.3399963378906,66.35127258300781,439.8913879394531
2023-07-19,291.260009765625,66.5063247680664,440.86962890625
2023-07-20,262.8999938964844,66.19617462158203,437.9446105957031
2023-07-21,260.0199890136719,66.24180603027344,437.9446105957031
2023-07-24,269.05999755859375,66.13233947753906,439.9010925292969
2023-07-25,265.2799987792969,66.05937957763672,441.1020202636719
2023-07-26,264.3500061035156,66.27827453613281,441.1697998046875
2023-07-27,255.7100067138672,65.71273803710938,438.244873046875
2023-07-28,266.44000244140625,65.94075775146484,442.5354309082031
2023-07-31,267.42999267578125,66.05937957763672,443.37799072265625
2023-08-01,261.07000732421875,65.6505355834961,442.1092529296875
2023-08-02,254.11000061035156,65.4401626586914,435.9591979980469
2023-08-03,259.32000732421875,65.03772735595703,434.70977783203125
2023-08-04,253.86000061035156,65.57735443115234,432.7437438964844
2023-08-07,251.4499969482422,65.47676086425781,436.52093505859375
2023-08-08,249.6999969482422,65.71454620361328,434.6226501464844
2023-08-09,242.19000244140625,65.73284149169922,431.717041015625
2023-08-10,245.33999633789062,65.36700439453125,431.87200927734375
2023-08-11,242.64999389648438,65.15662384033203,431.62017822265625
2023-08-14,239.75999450683594,65.0743408203125,434.0027770996094
2023-08-15,232.9600067138672,64.92798614501953,428.9471435546875
2023-08-16,225.60000610351562,64.74507141113281,425.7994384765625
2023-08-17,219.22000122070312,64.68103790283203,422.5549011230469
2023-08-18,215.49000549316406,64.81824493408203,422.75823974609375
2023-08-21,231.27999877929688,64.50727081298828,425.5089111328125
2023-08-22,233.19000244140625,64.5895767211914,424.3562927246094
2023-08-23,236.86000061035156,65.17493438720703,429.08270263671875
2023-08-24,230.0399932861328,65.01946258544922,423.135986328125
2023-08-25,238.58999633789062,65.01946258544922,426.1190185546875
2023-08-28,238.82000732421875,65.13837432861328,428.82122802734375
2023-08-29,257.17999267578125,65.54076385498047,435.0196838378906
2023-08-30,256.8999938964844,65.51334381103516,436.81146240234375
2023-08-31,258.0799865722656,65.62312316894531,436.1722717285156
2023-09-01,245.00999450683594,65.30758666992188,436.98577880859375
2023-09-04,245.00999450683594,65.30758666992188,436.98577880859375
2023-09-05,256.489990234375,64.94993591308594,435.09722900390625
2023-09-06,251.9199981689453,64.87655639648438,432.1723327636719
2023-09-07,251.49000549316406,65.09667205810547,430.8454284667969
2023-09-08,248.5,65.11500549316406,431.4942932128906
2023-09-11,273.5799865722656,65.01412200927734,434.3320617675781
2023-09-12,267.4800109863281,65.05998992919922,431.9494934082031
2023-09-13,271.29998779296875,65.1608657836914,432.453125
2023-09-14,276.0400085449219,65.0508041381836,436.1819152832031
2023-09-15,274.3900146484375,64.92241668701172,430.9266357421875
2023-09-18,265.2799987792969,64.98661041259766,431.17938232421875
2023-09-19,266.5,64.84905242919922,430.2851867675781
2023-09-20,262.5899963378906,64.7665023803711,426.3294372558594
2023-09-21,255.6999969482422,64.36298370361328,419.2828674316406
2023-09-22,244.8800048828125,64.62894439697266,418.34014892578125
2023-09-25,246.99000549316406,64.15202331542969,420.0993347167969
2023-09-26,244.1199951171875,64.08784484863281,413.9275817871094
2023-09-27,240.5,63.85857391357422,414.0927734375
2023-09-28,246.3800048828125,64.02365112304688,416.493408203125
2023-09-29,250.22000122070312,63.99613952636719,415.4826354980469
2023-10-02,251.60000610351562,63.55654525756836,415.3174133300781
2023-10-03,246.52999877929688,63.041568756103516,409.7579650878906
2023-10-04,261.1600036621094,63.45538330078125,412.7417907714844
2023-10-05,260.04998779296875,63.50138473510742,412.5862731933594
2023-10-06,260.5299987792969,63.25306701660156,417.48480224609375
2023-10-09,259.6700134277344,63.89680099487305,420.1576232910156
2023-10-10,263.6199951171875,63.83243179321289,422.344482421875
2023-10-11,262.989990234375,64.12671661376953,424.0745544433594
2023-10-12,258.8699951171875,63.57493209838867,421.48919677734375
2023-10-13,251.1199951171875,63.869205474853516,419.3898010253906
2023-10-16,253.9199981689453,63.538150787353516,423.8023986816406
2023-10-17,254.85000610351562,63.12431716918945,423.7829284667969
2023-10-18,242.67999267578125,62.848411560058594,418.1360168457031
2023-10-19,220.11000061035156,62.5725212097168,414.46209716796875
2023-10-20,211.99000549316406,62.80243682861328,409.3691711425781
2023-10-23,212.0800018310547,63.041568756103516,408.65966796875
2023-10-24,216.52000427246094,63.25306701660156,411.74066162109375
2023-10-25,212.4199981689453,62.77485656738281,405.8313293457031
2023-10-26,205.75999450683594,63.1978759765625,400.9716491699219
2023-10-27,207.3000030517578,63.1978759765625,399.1541748046875
2023-10-30,197.36000061035156,63.041568756103516,403.92633056640625
2023-10-31,200.83999633789062,63.02314758300781,406.46307373046875
2023-11-01,205.66000366210938,63.634681701660156,410.79791259765625
2023-11-02,218.50999450683594,64.0036392211914,418.67059326171875
2023-11-03,219.9600067138672,64.3818359375,422.4902648925781
2023-11-06,219.27000427246094,64.10511016845703,423.4621887207031
2023-11-07,222.17999267578125,64.42794036865234,424.66741943359375
2023-11-08,222.11000061035156,64.63086700439453,424.9784240722656
2023-11-09,209.97999572753906,64.15121459960938,421.6641540527344
2023-11-10,214.64999389648438,64.2711181640625,428.2441101074219
2023-11-13,223.7100067138672,64.25267791748047,427.8359375
2023-11-14,237.41000366210938,65.03671264648438,436.1362609863281
2023-11-15,242.83999633789062,64.67697143554688,437.0595703125
2023-11-16,233.58999633789062,65.06438446044922,437.5941467285156
2023-11-17,234.3000030517578,65.15660858154297,438.138427734375
2023-11-20,235.60000610351562,65.24884033203125,441.5110168457031
2023-11-21,241.1999969482422,65.3410873413086,440.5487976074219
2023-11-22,234.2100067138672,65.39643096923828,442.24969482421875
2023-11-23,234.2100067138672,65.39643096923828,442.24969482421875
2023-11-24,235.4499969482422,65.08280944824219,442.5218811035156
2023-11-27,236.0800018310547,65.47943878173828,441.7248840332031
2023-11-28,246.72000122070312,65.75616455078125,442.1622314453125
2023-11-29,244.13999938964844,66.0974349975586,441.8511962890625
2023-11-30,240.0800018310547,65.88528442382812,443.5909729003906
2023-12-01,238.8300018310547,66.42269897460938,446.2152099609375
2023-12-04,235.5800018310547,66.15447235107422,443.8728332519531
2023-12-05,238.72000122070312,66.57994079589844,443.7853698730469
2023-12-06,239.3699951171875,66.77420043945312,441.99700927734375
2023-12-07,242.63999938964844,66.75569152832031,445.3695983886719
2023-12-08,243.83999633789062,66.43196105957031,447.2843322753906
2023-12-11,239.74000549316406,66.44119262695312,449.0240478515625
2023-12-12,237.00999450683594,66.63544464111328,451.0749206542969
2023-12-13,239.2899932861328,67.48641967773438,457.2952880859375
2023-12-14,251.0500030517578,67.99515533447266,458.76287841796875
2023-12-15,253.5,67.89341735839844,458.007568359375
2023-12-18,252.0800018310547,67.75468444824219,460.5838623046875
2023-12-19,257.2200012207031,67.88416290283203,463.3846740722656
2023-12-20,247.13999938964844,68.10616302490234,456.9633483886719
2023-12-21,254.5,68.0969009399414,461.2962341308594
2023-12-22,252.5399932861328,68.05146789550781,462.22332763671875
2023-12-25,252.5399932861328,68.05146789550781,462.22332763671875
2023-12-26,256.6099853515625,68.11639404296875,464.175048828125
2023-12-27,261.44000244140625,68.5523681640625,465.0143127441406
2023-12-28,253.17999267578125,68.38540649414062,465.19000244140625
2023-12-29,248.47999572753906,68.22772216796875,463.8432922363281
2024-01-01,248.47999572753906,68.22772216796875,463.8432922363281
2024-01-02,248.4199981689453,67.94014739990234,461.2474670410156
2024-01-03,238.4499969482422,67.99580383300781,457.4805908203125
2024-01-04,237.92999267578125,67.68968200683594,456.0069885253906
2024-01-05,237.49000549316406,67.4856185913086,456.6315612792969
2024-01-08,240.4499969482422,67.78243255615234,463.150390625
2024-01-09,234.9600067138672,67.77313995361328,462.44781494140625
2024-01-10,233.94000244140625,67.6525650024414,465.06317138671875
2024-01-11,227.22000122070312,68.00507354736328,464.8581848144531
2024-01-12,218.88999938964844,68.14421844482422,465.18023681640625
2024-01-15,218.88999938964844,68.14421844482422,465.18023681640625
2024-01-16,219.91000366210938,67.66183471679688,463.4724426269531
2024-01-17,215.5500030517578,67.504150390625,460.8961486816406
2024-01-18,211.8800048828125,67.41138458251953,464.9947814941406
2024-01-19,212.19000244140625,67.41138458251953,470.79150390625
2024-01-22,208.8000030517578,67.52268981933594,471.7869567871094
2024-01-23,209.13999938964844,67.36500549316406,473.16290283203125
2024-01-24,207.8300018310547,67.22586059570312,473.6801452636719
2024-01-25,182.6300048828125,67.54125213623047,476.25640869140625
2024-01-26,183.25,67.439208984375,475.6513671875
2024-01-29,190.92999267578125,67.708251953125,479.418212890625
2024-01-30,191.58999633789062,67.82882690429688,479.0473937988281
2024-01-31,187.2899932861328,68.11639404296875,471.2306823730469
2024-02-01,188.86000061035156,68.5275650024414,477.3982238769531
2024-02-02,187.91000366210938,67.9135971069336,482.4239501953125
2024-02-05,181.05999755859375,67.3740005493164,480.6673583984375
2024-02-06,185.10000610351562,67.69031524658203,482.0628967285156
2024-02-07,187.5800018310547,67.56007385253906,486.0834655761719
2024-02-08,189.55999755859375,67.38330841064453,486.2981872558594
2024-02-09,193.57000732421875,67.32746887207031,489.1086730957031
2024-02-12,188.1300048828125,67.34607696533203,488.89398193359375
2024-02-13,184.02000427246094,66.7599868774414,482.1604309082031
2024-02-14,188.7100067138672,67.01117706298828,486.5421447753906
2024-02-15,200.4499969482422,67.1972427368164,489.89910888671875
2024-02-16,199.9499969482422,66.9832763671875,487.45947265625
2024-02-19,199.9499969482422,66.9832763671875,487.45947265625
2024-02-20,193.75999450683594,67.06697845458984,484.7758483886719
2024-02-21,194.77000427246094,66.88092041015625,485.2149353027344
2024-02-22,197.41000366210938,66.9088363647461,495.2566833496094
2024-02-23,191.97000122070312,67.15070343017578,495.5982666015625
2024-02-26,199.39999389648438,67.02977752685547,493.7831115722656
2024-02-27,199.72999572753906,66.92745208740234,494.700439453125
2024-02-28,202.0399932861328,67.07627868652344,494.0466613769531
2024-02-29,201.8800048828125,67.18794250488281,495.82269287109375
2024-03-01,202.63999938964844,67.46968078613281,500.4776306152344
2024-03-04,188.13999938964844,67.31108856201172,499.9408874511719
2024-03-05,180.74000549316406,67.6749038696289,494.94439697265625
2024-03-06,176.5399932861328,67.79619598388672,497.4524230957031
2024-03-07,178.64999389648438,67.90814208984375,502.39031982421875
2024-03-08,175.33999633789062,67.97344207763672,499.37493896484375
2024-03-11,177.77000427246094,67.94548797607422,498.94549560546875
2024-03-12,177.5399932861328,67.74021911621094,504.3128356933594
2024-03-13,169.47999572753906,67.62828826904297,503.5223693847656
2024-03-14,162.5,67.22710418701172,502.5270080566406
2024-03-15,163.57000732421875,67.18981170654297,499.07635498046875
2024-03-18,173.8000030517578,67.10582733154297,502.04241943359375
2024-03-19,171.32000732421875,67.28306579589844,504.83233642578125
2024-03-20,175.66000366210938,67.40436553955078,509.5016784667969
2024-03-21,172.82000732421875,67.46034240722656,511.1854248046875
2024-03-22,170.8300018310547,67.68426513671875,510.2162780761719
2024-03-25,172.6300048828125,67.55362701416016,508.8067321777344
2024-03-26,177.6699981689453,67.60961151123047,507.8669128417969
2024-03-27,179.8300018310547,67.84284210205078,512.1349487304688
2024-03-28,175.7899932861328,67.75888061523438,512.0370483398438
2024-03-29,175.7899932861328,67.75888061523438,512.0370483398438
2024-04-01,175.22000122070312,67.296630859375,511.1462097167969
2024-04-02,166.6300048828125,67.22178649902344,507.8963317871094
2024-04-03,168.3800048828125,67.2685775756836,508.4542541503906
2024-04-04,171.11000061035156,67.40892028808594,502.248046875
2024-04-05,164.89999389648438,67.07205963134766,507.4949645996094
2024-04-08,172.97999572753906,67.01593780517578,507.77880859375
2024-04-09,176.8800048828125,67.25920867919922,508.3661804199219
2024-04-10,171.75999450683594,66.47322082519531,503.27581787109375
2024-04-11,174.60000610351562,66.47322082519531,507.0740051269531
2024-04-12,171.0500030517578,66.62290954589844,500.0747985839844
2024-04-15,161.47999572753906,66.18314361572266,493.8098449707031
2024-04-16,157.11000061035156,66.01471710205078,492.9092102050781
2024-04-17,155.4499969482422,66.33284759521484,489.9920654296875
2024-04-18,149.92999267578125,66.1550521850586,488.9837951660156
2024-04-19,147.0500030517578,66.23928833007812,484.7157897949219
2024-04-22,142.0500030517578,66.2673568725586,489.1795959472656
2024-04-23,144.67999267578125,66.38900756835938,494.9844665527344
2024-04-24,162.1300048828125,66.22057342529297,494.7495422363281
2024-04-25,170.17999267578125,66.0334243774414,492.87005615234375
2024-04-26,168.2899932861328,66.18314361572266,497.5394592285156
2024-04-29,194.0500030517578,66.379638671875,499.301513671875
2024-04-30,183.27999877929688,66.12700653076172,491.3919677734375
2024-05-01,179.99000549316406,66.3653793334961,489.7962951660156
2024-05-02,180.00999450683594,66.62818145751953,494.3775634765625
2024-05-03,181.19000244140625,66.96607208251953,500.5055236816406
2024-05-06,184.75999450683594,67.0317611694336,505.67413330078125
2024-05-07,177.80999755859375,67.16315460205078,506.232177734375
2024-05-08,174.72000122070312,67.00360870361328,506.281005859375
2024-05-09,171.97000122070312,67.18193817138672,509.19818115234375
2024-05-10,168.47000122070312,66.99422454833984,509.8541259765625
2024-05-13,171.88999938964844,67.050537109375,509.9226379394531
2024-05-14,177.5500030517578,67.24764251708984,512.2622680664062
2024-05-15,173.99000549316406,67.67937469482422,518.6055908203125
2024-05-16,174.83999633789062,67.56674194335938,517.5384521484375
2024-05-17,177.4600067138672,67.3978042602539,518.282470703125
2024-05-20,174.9499969482422,67.33210754394531,518.8795776367188
2024-05-21,186.60000610351562,67.47289276123047,520.1522216796875
2024-05-22,180.11000061035156,67.38843536376953,518.6544799804688
2024-05-23,173.74000549316406,67.19132995605469,514.8661499023438
2024-05-24,179.24000549316406,67.26641845703125,518.2728271484375
2024-05-27,179.24000549316406,67.26641845703125,518.2728271484375
2024-05-28,176.75,66.94731140136719,518.6348876953125
2024-05-29,176.19000244140625,66.70326232910156,515.003173828125
2024-05-30,178.7899932861328,66.99422454833984,511.5867614746094
2024-05-31,178.0800018310547,67.23825073242188,516.2462768554688
2024-06-03,176.2899932861328,67.61388397216797,516.6672973632812
2024-06-04,174.77000427246094,67.8680648803711,517.2449340820312
2024-06-05,175.0,68.05635833740234,523.3924560546875
2024-06-06,177.94000244140625,68.06576538085938,523.382568359375
2024-06-07,177.47999572753906,67.51972961425781,522.7462768554688
2024-06-10,173.7899932861328,67.41617584228516,524.361572265625
2024-06-11,170.66000366210938,67.6891860961914,525.6243286132812
2024-06-12,177.2899932861328,67.99986267089844,529.9412231445312
2024-06-13,182.47000122070312,68.30113220214844,531.00830078125
2024-06-14,178.00999450683594,68.4046859741211,531.3313598632812
2024-06-17,187.44000244140625,68.15050506591797,535.5602416992188
2024-06-18,184.86000061035156,68.3858642578125,536.9208984375
2024-06-19,184.86000061035156,68.3858642578125,536.9208984375
2024-06-20,181.57000732421875,68.25406646728516,535.4623413085938
2024-06-21,183.00999450683594,68.27288055419922,534.7445068359375
2024-06-24,182.5800018310547,68.31053924560547,533.0061645507812
2024-06-25,187.35000610351562,68.34821319580078,535.0586547851562
2024-06-26,196.3699951171875,68.02811431884766,535.7265014648438
2024-06-27,197.4199981689453,68.15050506591797,536.571044921875
2024-06-28,197.8800048828125,67.83039855957031,534.4596557617188
2024-07-01,209.86000061035156,67.4725112915039,535.5596313476562
2024-07-02,231.25999450683594,67.67081451416016,539.1637573242188
2024-07-03,246.38999938964844,68.05799865722656,541.56982421875
2024-07-04,246.38999938964844,68.05799865722656,541.56982421875
2024-07-05,251.52000427246094,68.36962127685547,544.6928100585938
2024-07-08,252.94000244140625,68.36962127685547,545.3212890625
2024-07-09,262.3299865722656,68.34129333496094,545.8517456054688
2024-07-10,263.260009765625,68.39795684814453,551.2529296875
2024-07-11,241.02999877929688,68.73793029785156,546.499755859375
2024-07-12,248.22999572753906,68.91735076904297,549.9468383789062
2024-07-15,252.63999938964844,68.70014953613281,551.459228515625
2024-07-16,256.55999755859375,68.96456146240234,554.7294311523438
2024-07-17,248.5,69.03065490722656,546.9515380859375
2024-07-18,249.22999572753906,68.85124206542969,542.748291015625
2024-07-19,239.1999969482422,68.67179870605469,539.1441040039062
2024-07-22,251.50999450683594,68.64350128173828,544.7025756835938
2024-07-23,246.3800048828125,68.6529312133789,543.8482055664062
2024-07-24,215.99000549316406,68.45462799072266,531.523193359375
2024-07-25,220.25,68.605712890625,528.7537841796875
2024-07-26,219.8000030517578,68.87955474853516,534.6757202148438
2024-07-29,232.10000610351562,68.96456146240234,534.989990234375
2024-07-30,222.6199951171875,69.049560546875,532.279541015625
2024-07-31,232.07000732421875,69.42728424072266,540.931396484375
2024-08-01,216.86000061035156,69.68681335449219,533.2713012695312
2024-08-02,207.6699981689453,70.48247528076172,523.3427124023438
2024-08-05,198.8800048828125,70.41618347167969,508.10107421875
2024-08-06,200.63999938964844,69.98046112060547,512.7855224609375
2024-08-07,191.75999450683594,69.80995178222656,509.3580322265625
2024-08-08,198.83999633789062,69.70576477050781,521.133056640625
2024-08-09,200.0,69.9520263671875,523.4309692382812
2024-08-12,197.49000549316406,70.0751724243164,523.7060546875
2024-08-13,207.8300018310547,70.34040069580078,532.3187866210938
2024-08-14,201.3800048828125,70.47300720214844,533.9979858398438
2024-08-15,214.13999938964844,70.17936706542969,543.15087890625
2024-08-16,216.1199951171875,70.33092498779297,544.3687133789062
2024-08-19,222.72000122070312,70.41618347167969,549.5736083984375
2024-08-20,221.10000610351562,70.62457275390625,548.679931640625
2024-08-21,223.27000427246094,70.776123046875,550.5655517578125
2024-08-22,210.66000366210938,70.49195098876953,546.244384765625
2024-08-23,220.32000732421875,70.80453491210938,552.0484619140625
2024-08-26,213.2100067138672,70.72874450683594,550.7324829101562
2024-08-27,209.2100067138672,70.72874450683594,551.4887084960938
2024-08-28,205.75,70.68138122558594,548.2870483398438
2024-08-29,206.27999877929688,70.57720947265625,548.3362426757812
2024-08-30,214.11000061035156,70.43511962890625,553.5706787109375
2024-09-02,214.11000061035156,70.43511962890625,553.5706787109375
2024-09-03,210.60000610351562,70.73533630371094,542.1786499023438
2024-09-04,219.41000366210938,71.04888153076172,541.0689697265625
2024-09-05,230.1699981689453,71.21990966796875,539.7529907226562
2024-09-06,210.72999572753906,71.30541229248047,530.6689453125
2024-09-09,216.27000427246094,71.4004135131836,536.6102905273438
2024-09-10,226.1699981689453,71.63795471191406,538.94775390625
2024-09-11,228.1300048828125,71.59994506835938,544.4766845703125
2024-09-12,229.80999755859375,71.52393341064453,549.06298828125
2024-09-13,230.2899932861328,71.67596435546875,551.9305419921875
2024-09-16,226.77999877929688,71.86597442626953,552.7457885742188
2024-09-17,227.8699951171875,71.77098083496094,552.9716186523438
2024-09-18,227.1999969482422,71.55242919921875,551.33154296875
2024-09-19,243.9199981689453,71.55242919921875,560.73974609375
2024-09-20,238.25,71.5429458618164,559.7703247070312
2024-09-23,250.0,71.49542999267578,561.169189453125
2024-09-24,254.27000427246094,71.5809555053711,562.7748413085938
2024-09-25,257.0199890136719,71.3149185180664,561.5336303710938
2024-09-26,254.22000122070312,71.3149185180664,563.7599487304688
2024-09-27,260.4599914550781,71.52393341064453,562.9423217773438
2024-09-30,261.6300048828125,71.3624267578125,565.1981811523438
2024-10-01,258.0199890136719,71.572998046875,560.1348876953125
2024-10-02,249.02000427246094,71.4395980834961,560.3712768554688
2024-10-03,240.66000366210938,71.12516021728516,559.3468017578125
2024-10-04,250.0800018310547,70.65821838378906,564.4298095703125
2024-10-07,240.8300018310547,70.44857025146484,559.3270874023438
2024-10-08,244.5,70.55338287353516,564.616943359375
2024-10-09,241.0500030517578,70.36280059814453,568.5277709960938
2024-10-10,238.77000427246094,70.33423614501953,567.5328369140625
2024-10-11,217.8000030517578,70.34375762939453,570.9313354492188
2024-10-14,219.16000366210938,70.29611206054688,575.6005859375
2024-10-15,219.57000732421875,70.57244110107422,571.1283569335938
2024-10-16,221.3300018310547,70.66775512695312,573.6107788085938
2024-10-17,220.88999938964844,70.32471466064453,573.659912109375
2024-10-18,220.6999969482422,70.36280059814453,575.8665161132812
2024-10-21,218.85000610351562,69.88636016845703,574.9208984375
2024-10-22,217.97000122070312,69.91494750976562,574.6155395507812
2024-10-23,213.64999389648438,69.74342346191406,569.364990234375
2024-10-24,260.4800109863281,69.8577651977539,570.596435546875
2024-10-25,269.19000244140625,69.71485900878906,570.3994140625
2024-10-28,262.510009765625,69.62907409667969,572.1627807617188
2024-10-29,259.5199890136719,69.68624114990234,573.0886840820312
2024-10-30,257.54998779296875,69.61954498291016,571.35498046875
2024-10-31,249.85000610351562,69.61001586914062,560.1546020507812
2024-11-01,248.97999572753906,69.3404541015625,562.5187377929688
2024-11-04,242.83999633789062,69.61766052246094,561.3070678710938
2024-11-05,251.44000244140625,69.78971862792969,568.0942993164062
2024-11-06,288.5299987792969,69.2162094116211,582.2203369140625
2024-11-07,296.9100036621094,69.73236846923828,586.7221069335938
2024-11-08,321.2200012207031,69.86619567871094,589.2635498046875
2024-11-11,350.0,69.73236846923828,589.8251342773438
2024-11-12,328.489990234375,69.31177520751953,587.992919921875
2024-11-13,330.239990234375,69.2831039428711,588.2786254882812
2024-11-14,311.17999267578125,69.26399993896484,584.4959106445312
2024-11-15,320.7200012207031,69.2831039428711,577.00927734375
2024-11-18,338.739990234375,69.35002136230469,579.3734741210938
2024-11-19,346.0,69.47428131103516,581.4913330078125
2024-11-20,342.0299987792969,69.39781188964844,581.6884155273438
2024-11-21,339.6400146484375,69.35956573486328,584.8109741210938
2024-11-22,352.55999755859375,69.38825225830078,586.6236572265625
2024-11-25,338.5899963378906,70.0287094116211,588.6134643554688
2024-11-26,338.2300109863281,69.90442657470703,591.6869506835938
2024-11-27,332.8900146484375,70.09559631347656,589.89404296875
2024-11-28,332.8900146484375,70.09559631347656,589.89404296875
2024-11-29,345.1600036621094,70.35369873046875,593.55859375
2024-12-02,357.0899963378906,70.39492797851562,594.6224975585938
2024-12-03,351.4200134277344,70.23192596435547,594.8982543945312
2024-12-04,357.92999267578125,70.47163391113281,598.5922241210938
2024-12-05,369.489990234375,70.4812240600586,597.6072998046875
2024-12-06,389.2200012207031,70.67298126220703,598.7400512695312
2024-12-09,389.7900085449219,70.4620361328125,595.65673828125
2024-12-10,400.989990234375,70.38533782958984,593.8047485351562
2024-12-11,424.7699890136719,70.23192596435547,598.395263671875
2024-12-12,418.1000061035156,69.9538803100586,595.31201171875
2024-12-13,436.2300109863281,69.67583465576172,595.19384765625
2024-12-16,463.0199890136719,69.75252532958984,597.7352905273438
2024-12-17,479.8599853515625,69.76212310791016,595.2725830078125
2024-12-18,440.1300048828125,69.21560668945312,577.5313720703125
2024-12-19,436.1700134277344,69.02385711669922,577.35400390625
2024-12-20,421.05999755859375,69.23477172851562,584.2886352539062
2024-12-23,430.6000061035156,69.01427459716797,587.7874755859375
2024-12-24,462.2799987792969,69.11332702636719,594.3207397460938
2024-12-25,462.2799987792969,69.11332702636719,594.3207397460938
2024-12-26,454.1300048828125,69.16143798828125,594.3604125976562
2024-12-27,431.6600036621094,69.01714324951172,588.1038208007812
2024-12-30,417.4100036621094,69.2864761352539,581.3926391601562
2024-12-31,403.8399963378906,69.17106628417969,579.2774658203125
2025-01-01,403.8399963378906,69.17106628417969,579.2774658203125
2025-01-02,379.2799987792969,69.19992065429688,577.8541259765625
2025-01-03,410.44000244140625,69.11332702636719,585.0792846679688
2025-01-06,411.04998779296875,69.0459976196289,588.44970703125
2025-01-07,394.3599853515625,68.80551147460938,581.7977905273438
2025-01-08,394.94000244140625,68.88247680664062,582.6477661132812
2025-01-09,394.94000244140625,68.88247680664062,582.6477661132812
2025-01-10,394.739990234375,68.52657318115234,573.7523193359375
2025-01-13,403.30999755859375,68.45924377441406,574.6419067382812
2025-01-14,396.3599853515625,68.50732421875,575.4326171875
2025-01-15,428.2200012207031,69.05561828613281,585.8997192382812
2025-01-16,413.82000732421875,69.1902847290039,584.7728881835938
2025-01-17,426.5,69.20951843261719,590.6439819335938
2025-01-20,426.5,69.20951843261719,590.6439819335938
2025-01-21,424.07000732421875,69.41153717041016,596.0504150390625
2025-01-22,415.1099853515625,69.26725006103516,599.401123046875
2025-01-23,412.3800048828125,69.16143798828125,602.6727905273438
2025-01-24,406.5799865722656,69.29610443115234,600.9133911132812
2025-01-27,397.1499938964844,69.66162872314453,592.4132080078125
2025-01-28,398.0899963378906,69.62316131591797,597.5034790039062
2025-01-29,389.1000061035156,69.58466339111328,594.8248901367188
2025-01-30,400.2799987792969,69.68087005615234,598.0173950195312
2025-01-31,404.6000061035156,69.58466339111328,594.8347778320312
2025-02-03,383.67999267578125,69.64738464355469,590.831787109375
2025-02-04,392.2099914550781,69.74390411376953,594.7952880859375
2025-02-05,378.1700134277344,70.10095977783203,597.2068481445312
2025-02-06,374.32000732421875,70.02377319335938,599.2825317382812
2025-02-07,361.6199951171875,69.81145477294922,593.796875
2025-02-10,350.7300109863281,69.83075714111328,597.82958984375
2025-02-11,328.5,69.7149658203125,598.2843017578125
2025-02-12,336.510009765625,69.35789489746094,596.3568725585938
2025-02-13,355.94000244140625,69.7728500366211,602.6530151367188
2025-02-14,355.8399963378906,69.99482727050781,602.623291015625
2025-02-17,355.8399963378906,69.99482727050781,602.623291015625
2025-02-18,354.1099853515625,69.73424530029297,604.3925170898438
2025-02-19,360.55999755859375,69.83075714111328,605.8158569335938
2025-02-20,354.3999938964844,69.91761016845703,603.29541015625
2025-02-21,337.79998779296875,70.22642517089844,592.9765625
2025-02-24,330.5299987792969,70.32294464111328,590.2783203125
2025-02-25,302.79998779296875,70.76686096191406,587.3427124023438
2025-02-26,290.79998779296875,70.87300872802734,587.6392822265625
2025-02-27,281.95001220703125,70.7861557006836,578.2593383789062
2025-02-28,292.9800109863281,71.0853271484375,587.283447265625
2025-03-03,284.6499938964844,71.24891662597656,576.9942626953125
2025-03-04,272.0400085449219,71.04563903808594,570.1644897460938
2025-03-05,279.1000061035156,70.79398345947266,576.2925415039062
2025-03-06,263.45001220703125,70.73590850830078,566.0626220703125
2025-03-07,262.6700134277344,70.65846252441406,569.2353515625
2025-03-10,222.14999389648438,70.98755645751953,554.073486328125
2025-03-11,230.5800018310547,70.7165298461914,549.467529296875
2025-03-12,248.08999633789062,70.57135772705078,552.3832397460938
2025-03-13,240.67999267578125,70.78428649902344,545.019775390625
2025-03-14,249.97999572753906,70.61007690429688,556.2775268554688
2025-03-17,238.00999450683594,70.70687103271484,560.567138671875
2025-03-18,225.30999755859375,70.78428649902344,554.5083618164062
2025-03-19,235.86000061035156,70.99724578857422,560.54736328125
2025-03-20,236.25999450683594,71.0262680053711,558.9264526367188
2025-03-21,248.7100067138672,70.96820068359375,559.11083984375
2025-03-24,278.3900146484375,70.65846252441406,569.1236572265625
2025-03-25,288.1400146484375,70.74559783935547,570.4917602539062
2025-03-26,272.05999755859375,70.5907211303711,563.6810302734375
2025-03-27,273.1300048828125,70.56167602539062,562.18408203125
2025-03-28,263.54998779296875,70.96820068359375,550.8626708984375
2025-03-31,259.1600036621094,71.09402465820312,554.5604858398438
2025-04-01,268.4599914550781,71.31739044189453,556.1267700195312
2025-04-02,282.760009765625,71.25910186767578,559.6461791992188
2025-04-03,267.2799987792969,71.6281509399414,532.06640625
2025-04-04,239.42999267578125,71.68640899658203,500.9176330566406
2025-04-07,233.2899932861328,70.82211303710938,500.025390625
2025-04-08,221.86000061035156,70.41426849365234,492.1936340332031
2025-04-09,272.20001220703125,70.57936096191406,543.8834838867188
2025-04-10,252.39999389648438,70.01611328125,520.0510864257812
2025-04-11,252.30999755859375,69.93842315673828,529.3302001953125
2025-04-14,252.35000610351562,70.33658599853516,534.4654541015625
2025-04-15,254.11000061035156,70.51136016845703,532.9684448242188
2025-04-16,241.5500030517578,70.7055892944336,521.1217041015625
2025-04-17,241.3699951171875,70.55021667480469,521.8651733398438
2025-04-18,241.3699951171875,70.55021667480469,521.8651733398438
2025-04-21,227.5,70.16178131103516,509.443359375
2025-04-22,237.97000122070312,70.28802490234375,522.697998046875
2025-04-23,250.74000549316406,70.43368530273438,530.79736328125
2025-04-24,259.510009765625,70.83183288574219,541.9701538085938
2025-04-25,284.95001220703125,71.06489562988281,545.885986328125
2025-04-28,285.8800048828125,71.23971557617188,546.0941772460938
2025-04-29,292.0299987792969,71.4242172241211,549.5341796875
2025-04-30,282.1600036621094,71.37564849853516,549.7523803710938
2025-05-01,280.5199890136719,71.17689514160156,553.6483764648438
2025-05-02,287.2099914550781,70.82620239257812,561.8668212890625
2025-05-05,280.260009765625,70.72876739501953,558.6448974609375
2025-05-06,275.3500061035156,70.8846435546875,553.9755249023438
2025-05-07,276.2200012207031,71.02103424072266,556.3052978515625
2025-05-08,284.82000732421875,70.64109802246094,560.1815185546875
2025-05-09,298.260009765625,70.69953918457031,559.4677734375
2025-05-12,318.3800048828125,70.45599365234375,577.9567260742188
2025-05-13,334.07000732421875,70.4267578125,581.7734985351562
2025-05-14,347.67999267578125,70.18321228027344,582.5170288085938
2025-05-15,342.82000732421875,70.56316375732422,585.3622436523438
2025-05-16,349.9800109863281,70.61185455322266,589.0699462890625
2025-05-19,342.0899963378906,70.59237670898438,589.7142944335938
2025-05-20,343.82000732421875,70.4657211303711,587.7315673828125
2025-05-21,334.6199951171875,70.0273208618164,577.827880859375
2025-05-22,341.0400085449219,70.22217559814453,578.0558471679688
2025-05-23,339.3399963378906,70.32933807373047,574.1102294921875
2025-05-26,339.3399963378906,70.32933807373047,574.1102294921875
2025-05-27,362.8900146484375,70.66057586669922,586.0463256835938
2025-05-28,356.8999938964844,70.50469207763672,582.65576171875
2025-05-29,358.42999267578125,70.75798797607422,584.9557495117188
2025-05-30,346.4599914550781,70.89439392089844,584.3014526367188
2025-06-02,342.69000244140625,70.73799133300781,587.5928344726562
2025-06-03,344.2699890136719,70.65979766845703,590.9436645507812
2025-06-04,332.04998779296875,71.09965515136719,590.7849731445312
2025-06-05,284.70001220703125,70.96281433105469,587.9298095703125
2025-06-06,295.1400146484375,70.58161163330078,593.96728515625
2025-06-09,308.5799865722656,70.68911743164062,594.5026245117188
2025-06-10,326.0899963378906,70.82597351074219,597.873291015625
2025-06-11,326.42999267578125,71.05076599121094,596.1681518554688
2025-06-12,319.1099853515625,71.31468963623047,598.5374755859375
2025-06-13,325.30999755859375,71.060546875,591.8457641601562
2025-06-16,329.1300048828125,70.92371368408203,597.4766845703125
2025-06-17,316.3500061035156,71.14852142333984,592.3711547851562
2025-06-18,322.04998779296875,71.1876220703125,592.281982421875
2025-06-19,322.04998779296875,71.1876220703125,592.281982421875
2025-06-20,322.1600036621094,71.23648834228516,590.8909301757812
2025-06-23,348.67999267578125,71.41242218017578,596.7274780273438
2025-06-24,340.4700012207031,71.6274642944336,603.3196411132812
2025-06-25,327.54998779296875,71.64701843261719,603.65771484375
2025-06-26,325.7799987792969,71.85228729248047,608.380615234375
2025-06-27,323.6300048828125,71.68611145019531,611.4032592773438
2025-06-30,317.6600036621094,71.96957397460938,614.3265380859375
2025-07-01,300.7099914550781,71.91564178466797,614.127685546875
2025-07-02,315.6499938964844,71.83720397949219,616.9116821289062
2025-07-03,315.3500061035156,71.66069793701172,621.7738037109375
2025-07-04,315.3500061035156,71.66069793701172,621.7738037109375
2025-07-07,293.94000244140625,71.42535400390625,617.140380859375
2025-07-08,297.80999755859375,71.38613891601562,616.8023681640625
2025-07-09,295.8800048828125,71.6705093383789,620.5010986328125
2025-07-10,309.8699951171875,71.68030548095703,622.2510986328125
2025-07-11,313.510009765625,71.38613891601562,620.0635986328125
2025-07-14,316.8999938964844,71.37632751464844,621.2467651367188
2025-07-15,310.7799987792969,71.16060638427734,618.592041015625
2025-07-16,321.6700134277344,71.29788208007812,620.66015625
2025-07-17,319.4100036621094,71.31749725341797,624.4583740234375
2025-07-18,329.6499938964844,71.4351577758789,624.0010375976562
2025-07-21,328.489990234375,71.64107513427734,625.1842651367188
2025-07-22,332.1099853515625,71.7587661743164,625.2737426757812
2025-07-23,332.55999755859375,71.6116714477539,630.59326171875
2025-07-24,305.29998779296875,71.52342224121094,630.802001953125
2025-07-25,316.05999755859375,71.6999282836914,633.4667358398438
2025-07-28,325.5899963378906,71.5822525024414,633.3076782226562
2025-07-29,321.20001220703125,71.95487213134766,631.63720703125
2025-07-30,319.0400085449219,71.76856231689453,630.841796875
2025-07-31,308.2699890136719,71.77836608886719,628.4754028320312
2025-08-01,302.6300048828125,72.400146484375,618.1743774414062
2025-08-04,309.260009765625,72.4493408203125,627.5704956054688
2025-08-05,308.7200012207031,72.4788589477539,624.3887329101562
2025-08-06,319.9100036621094,72.41983032226562,629.17138671875
2025-08-07,322.2699890136719,72.39031219482422,628.6443481445312
2025-08-08,329.6499938964844,72.23289489746094,633.5462646484375
2025-08-11,339.0299987792969,72.28209686279297,632.29345703125
2025-08-12,340.8399963378906,72.29193115234375,639.02490234375
2025-08-13,339.3800048828125,72.55756378173828,641.2123413085938
2025-08-14,335.5799865722656,72.35095977783203,641.27197265625
2025-08-15,330.55999755859375,72.25257110595703,639.7706298828125
2025-08-18,335.1600036621094,72.17387390136719,639.63134765625
2025-08-19,329.30999755859375,72.31160736083984,636.1612548828125
2025-08-20,323.8999938964844,72.36080169677734,634.470947265625
2025-08-21,320.1099853515625,72.18370819091797,631.925537109375
2025-08-22,340.010009765625,72.54772186279297,641.6299438476562
2025-08-25,346.6000061035156,72.4493408203125,638.8060302734375
2025-08-26,351.6700134277344,72.53789520263672,641.4807739257812
2025-08-27,349.6000061035156,72.60675811767578,642.9423828125
2025-08-28,345.9800109863281,72.69529724121094,645.2192993164062
2025-08-29,333.8699951171875,72.60675811767578,641.3713989257812
2025-09-01,333.8699951171875,72.60675811767578,641.3713989257812
2025-09-02,329.3599853515625,72.4517822265625,636.61865234375
2025-09-03,334.0899963378906,72.68869018554688,640.06884765625
2025-09-04,338.5299987792969,72.96507263183594,645.4181518554688
2025-09-05,350.8399963378906,73.310546875,643.5488891601562
2025-09-08,346.3999938964844,73.54744720458984,645.1298217773438
2025-09-09,346.9700012207031,73.40925598144531,646.6212768554688
2025-09-10,347.7900085449219,73.5375747680664,648.4906005859375
2025-09-11,368.80999755859375,73.69551086425781,653.8796997070312
2025-09-12,395.94000244140625,73.6066665649414,653.660888671875
2025-09-15,410.0400085449219,73.74486541748047,657.1409301757812
2025-09-16,421.6199951171875,73.7547378540039,656.2361450195312
2025-09-17,425.8599853515625,73.62640380859375,655.4208374023438
2025-09-18,416.8500061035156,73.4388656616211,658.4832763671875
2025-09-19,426.07000732421875,73.46847534179688,661.74462890625
2025-09-22,434.2099914550781,73.33029174804688,664.8753662109375
2025-09-23,425.8500061035156,73.47834777832031,661.256103515625
2025-09-24,442.7900085449219,73.33029174804688,659.1522216796875
2025-09-25,423.3900146484375,73.25131225585938,656.1112670898438
2025-09-26,440.3999938964844,73.25131225585938,659.8701782226562
2025-09-29,443.2099914550781,73.4388656616211,661.7246704101562
2025-09-30,444.7200012207031,73.40925598144531,664.21728515625
2025-10-01,459.4599914550781,73.59442138671875,666.4806518554688
2025-10-02,436.0,73.67365264892578,667.248291015625
2025-10-03,429.8299865722656,73.58451843261719,667.2384033203125
2025-10-06,453.25,73.41617584228516,669.6312866210938
2025-10-07,433.0899963378906,73.55481719970703,667.1486206054688
2025-10-08,438.69000244140625,73.55481719970703,671.1268920898438
2025-10-09,435.5400085449219,73.50531005859375,669.1826171875
2025-10-10,413.489990234375,73.79247283935547,651.0960693359375
2025-10-13,435.8999938964844,73.91130828857422,661.0865478515625
2025-10-14,429.239990234375,74.02023315429688,660.2789306640625
2025-10-15,435.1499938964844,73.97071838378906,663.2102661132812
2025-10-16,428.75,74.24798583984375,658.6936645507812
2025-10-17,439.30999755859375,74.14895629882812,662.4326171875
2025-10-20,447.42999267578125,74.24798583984375,669.3222045898438
2025-10-21,442.6000061035156,74.33709716796875,669.3121948242188
2025-10-22,438.9700012207031,74.33709716796875,665.83251953125
2025-10-23,448.9800109863281,74.18856811523438,669.7808837890625
2025-10-24,433.7200012207031,74.28759002685547,675.2546997070312
2025-10-27,452.4200134277344,74.32720184326172,683.2211303710938
2025-10-28,460.54998779296875,74.36680603027344,685.0357666015625
2025-10-29,461.510009765625,74.00042724609375,685.3648071289062
2025-10-30,440.1000061035156,73.87168884277344,677.8270874023438
2025-10-31,456.55999755859375,73.85189819335938,680.050537109375
2025-11-03,468.3699951171875,73.76644897460938,681.3267822265625
2025-11-04,444.260009765625,73.80619049072266,673.2506103515625
2025-11-05,462.07000732421875,73.5975570678711,675.583740234375
2025-11-06,445.9100036621094,73.88566589355469,668.3351440429688
2025-11-07,429.5199890136719,73.8459243774414,668.9931640625
2025-11-10,445.2300109863281,73.8260498046875,679.432373046875
2025-11-11,439.6199951171875,74.0346908569336,680.9877319335938
2025-11-12,430.6000061035156,74.0048828125,681.3666381835938
2025-11-13,401.989990234375,73.78630828857422,670.0599975585938
2025-11-14,404.3500061035156,73.67703247070312,669.9503784179688
2025-11-17,408.9200134277344,73.7167739868164,663.7088012695312
2025-11-18,401.25,73.77638244628906,658.1353149414062
2025-11-19,403.989990234375,73.74658203125,660.6777954101562
2025-11-20,395.2300109863281,73.8558578491211,650.6075439453125
2025-11-21,391.0899963378906,74.0346908569336,657.08837890625
2025-11-24,417.7799987792969,74.1638412475586,666.759765625
2025-11-25,419.3999938964844,74.33273315429688,673.03125
2025-11-26,426.5799865722656,74.41221618652344,677.6775512695312
2025-11-27,426.5799865722656,74.41221618652344,677.6775512695312
2025-11-28,430.1700134277344,74.29299926757812,681.3765869140625
2025-12-01,430.1400146484375,74.00296783447266,678.2658081054688
2025-12-02,429.239990234375,74.0727310180664,679.5220947265625
2025-12-03,446.739990234375,74.18236541748047,681.8751220703125
2025-12-04,454.5299987792969,74.04283142089844,682.3736572265625
2025-12-05,455.0,73.953125,683.6697998046875
2025-12-08,439.5799865722656,73.84349060058594,681.6159057617188
2025-12-09,445.1700134277344,73.79366302490234,681.027587890625
2025-12-10,451.45001220703125,74.01293182373047,685.5443115234375
2025-12-11,446.8900146484375,74.01293182373047,687.1395263671875
2025-12-12,458.9599914550781,73.78369903564453,679.7514038085938
2025-12-15,475.30999755859375,73.87339782714844,678.7244262695312
2025-12-16,489.8800048828125,74.01293182373047,676.8699340820312
2025-12-17,467.260009765625,73.99299621582031,669.4219360351562
2025-12-18,483.3699951171875,74.1500015258789,674.4769287109375
2025-12-19,481.20001220703125,74.04000091552734,680.5900268554688
2025-12-22,488.7300109863281,74.0199966430664,684.8300170898438
2025-12-23,485.55999755859375,74.01000213623047,687.9600219726562
2025-12-24,485.3999938964844,74.19000244140625,690.3800048828125
2025-12-25,485.3999938964844,74.19000244140625,690.3800048828125
2025-12-26,475.19000244140625,74.19000244140625,690.3099975585938
2025-12-29,459.6400146484375,74.30000305175781,687.8499755859375
2025-12-30,454.42999267578125,74.2699966430664,687.010009765625
2025-12-31,449.7200012207031,74.06999969482422,681.9199829101562
2026-01-01,449.7200012207031,74.06999969482422,681.9199829101562
2026-01-02,438.07000732421875,74.04000091552734,683.1699829101562
2026-01-05,451.6700134277344,74.18000030517578,687.719970703125
2026-01-06,432.9599914550781,74.18000030517578,691.8099975585938
2026-01-07,431.4100036621094,74.26000213623047,689.5800170898438
2026-01-08,435.79998779296875,74.12999725341797,689.510009765625
2026-01-09,445.010009765625,74.29000091552734,694.0700073242188
2026-01-12,448.9599914550781,74.22000122070312,695.1599731445312
2026-01-13,447.20001220703125,74.27999877929688,693.77001953125
2026-01-14,439.20001220703125,74.43000030517578,690.3599853515625
2026-01-15,438.57000732421875,74.31999969482422,692.239990234375
