,TSLA,BND,SPY
2015-01-05,-0.04204102817052724,0.0029036965797846204,-0.018059511116517712
2015-01-06,0.005664237314159992,0.0028954785044672526,-0.009419231928557315
2015-01-07,-0.0015619306272327549,0.0006016296570321433,0.012461129090043599
2015-01-08,-0.0015643062581811584,-0.001563020397413073,0.017745289630374916
2015-01-09,-0.018801629106854012,0.0016859845321701705,-0.008013501421063607
2015-01-12,-0.021532914950603166,0.0013219524377039438,-0.007833444064146211
2015-01-13,0.010088497728839352,0.0009599284557142429,-0.00281253830993089
2015-01-14,-0.05659733676235856,0.0022790761137907456,-0.006037579243341251
2015-01-15,-0.004255528597720826,0.004427457785427746,-0.009160688592209199
2015-01-16,0.006254228739435819,-0.0029778767549024643,0.013114029094481339
2015-01-19,0.0,0.0,0.0
2015-01-20,-0.00590461088227523,-0.0010764852939194602,0.0021326976857742874
2015-01-21,0.024175518017267583,-0.0019130937565206008,0.005048216414178519
2015-01-22,0.02569055090301542,0.000239657661232906,0.014870966192059187
2015-01-23,-0.0016366947705445112,0.0032349785820533494,-0.00548277258752794
2015-01-26,0.02613147671721605,-0.0011940758274628926,0.002342056421461569
2015-01-27,-0.0027596300325537504,0.0005982199118077514,-0.013190855222839915
2015-01-28,-0.03209052877530916,0.003584490596959311,-0.012824190476035113
2015-01-29,0.02924214605280495,-0.001071773711819879,0.009243313799196962
2015-01-30,-0.007797333058199185,0.0054829329583607755,-0.012574698318406519
2015-02-02,0.0360511389604945,-0.001187651764186226,0.012384191292648117
2015-02-03,0.0351758385028933,-0.003092297565068236,0.014460888341743194
2015-02-04,0.0008701251992371262,0.00035788163908678783,-0.0038079771245080885
2015-02-05,0.011164535201252157,-0.002146397349106044,0.010095539918638208
2015-02-06,-0.016426056915829212,-0.006453790153797545,-0.0027655461904695366
2015-02-09,0.0005520394593698796,-0.00036097736297735494,-0.004475745850367585
2015-02-10,-0.005471765552931385,-0.0018046607286739125,0.010653520380559778
2015-02-11,-0.016135698387415576,0.0,0.0005800158420381507
2015-02-12,-0.04661658846022321,0.0004823055486684602,0.00961657230149049
2015-02-13,0.004386864226918918,-0.00229000391598011,0.00411655938873956
2015-02-16,0.0,0.0,0.0
2015-02-17,0.0028462803614237586,-0.003985381522404463,0.0015729874314291958
2015-02-18,0.0005383231478952588,0.002788862040668638,9.567577839986185e-05
2015-02-19,0.035459277020091884,-0.0008461769937643249,-0.0007143516115759585
2015-02-20,0.025506564298148016,0.0002418975360882758,0.0060007651800377815
2015-02-23,-0.04500019733692018,0.002057207919156756,-0.00014213702583409926
2015-02-24,-0.015578320500655551,0.004104962363838283,0.0028409696445590438
2015-02-25,-0.001714777553045277,0.0009619248321408591,-0.0008500065498565634
2015-02-26,0.016833573717678796,-0.0027631266041060476,-0.0011811927441910397
2015-02-27,-0.0185820116516362,0.0008436446503450323,-0.0034062475225078437
2015-03-02,-0.02955644716492234,-0.003232436784063153,0.006313204442558895
2015-03-03,0.011300918070464405,-0.001209857634086542,-0.004103578118676454
2015-03-04,0.014431779204036044,0.0,-0.0042157049020494775
2015-03-05,-0.008940979178158281,0.0006056615813310184,0.00109413675380865
2015-03-06,-0.03364400833280279,-0.005811750995472265,-0.014064345914842957
2015-03-09,-0.015473474370690798,0.0012186799752971211,0.004144640451134718
2015-03-10,-0.0029337926038629503,0.003890803979734514,-0.01622237089012668
2015-03-11,0.017969786081706296,0.0010911933720161304,-0.002341584053239809
2015-03-12,-0.013781390917263936,0.0007262287530571676,0.012714270670135752
2015-03-13,-0.012508496633278132,-0.0009679586870126045,-0.006132478463747426
2015-03-16,0.037205883869277256,0.001937100604019637,0.013360407015827303
2015-03-17,-0.00495657224609003,0.0008462632097860912,-0.002972376369096863
2015-03-18,0.030709164308927006,0.006155943495645522,0.012021615829082233
2015-03-19,-0.025210528438961433,-0.002999242359060461,-0.004561487356573357
2015-03-20,0.012420115455768377,0.002646797474559426,0.008827009936449137
2015-03-23,0.007825204316233458,0.0004804137912524098,-0.0019488093049014887
2015-03-24,0.010469325694766773,0.0016800482017245155,-0.0056187214054992385
2015-03-25,-0.036783689389238594,-0.001557588355723838,-0.01465416496568539
2015-03-26,-0.020020535165919506,-0.00323818089237482,-0.002381375112767481
2015-03-27,-0.028412417028683246,0.0009627448893134716,0.0022900087140820258
2015-03-30,0.030108169094502424,0.0012017109422843841,0.012199405083165527
2015-03-31,-0.009445338842494988,0.0010807475198446603,-0.00873942446012832
2015-04-01,-0.0062510704017435526,0.003979297150317196,-0.0035363204614399235
2015-04-02,0.018177920738268627,-0.001317364331914872,0.003597516742299689
2015-04-03,0.0,0.0,0.0
2015-04-06,0.06335084074758979,0.0008400620313300244,0.006733348840815667
2015-04-07,0.0007385693434276419,0.0005981731197421958,-0.002646454581783475
2015-04-08,0.02174665976455148,-0.0007178383418114942,0.003376903683890209
2015-04-09,0.011653015949509848,-0.0021563675445982478,0.004423497920715835
2015-04-10,0.0038555516327911654,-0.0004802906390737327,0.005457579539567492
2015-04-13,-0.005310595640134919,0.0002401672157226198,-0.004522948316751818
2015-04-14,-0.011059221524362783,0.001801974494420877,0.0019127295907632735
2015-04-15,0.0017834849910411954,0.0009582751867749373,0.004487232833208177
2015-04-16,-0.005437155028403029,-0.0002390753235176346,-0.00028540413024891187
2015-04-17,0.0004354513000803806,0.001676103086431624,-0.011503600440498252
2015-04-20,-0.007350472676152187,-0.0010761262681299177,0.009137168904524984
2015-04-21,0.02016856020521529,-0.0011968735173811806,-0.0011915843407912519
2015-04-22,0.04789641514821552,-0.003715960636840876,0.004914548955353926
2015-04-23,-0.0038279091473925053,0.001924718232925171,0.0025163449952152472
2015-04-24,-0.0007776197845633659,0.0015611175917091824,0.00232012852928154
2015-04-27,0.060065042656655576,-0.0007191821878231863,-0.004157851957133474
2015-04-28,-0.004621129472000773,-0.0031195499161916773,0.0031789935591248764
2015-04-29,0.00854744301337429,-0.0031293119610575904,-0.004114741761648277
2015-04-30,-0.027532837607318394,0.0010862647309657358,-0.01002029513739422
2015-05-01,-8.840630703377261e-05,-0.0030326587180051767,0.010841224964786011
2015-05-04,0.01982033262823535,-0.001454843970698949,0.002847422630650742
2015-05-05,0.010585201507501196,-0.0015783510682000346,-0.011451969967546605
2015-05-06,-0.01081772507834955,-0.0027959469944309756,-0.004116609809947103
2015-05-07,0.027643952080381284,0.002072264911486821,0.003989592642287487
2015-05-08,-0.000802367109835278,0.002677013054022126,0.013165950089816691
2015-05-11,0.012171892568897835,-0.005217697087271711,-0.004772807136216306
2015-05-12,0.021921607801995036,-0.00121967073438356,-0.002991360155541356
2015-05-13,-0.006374116918974937,-0.0004890206267786912,0.0001907062875750043
2015-05-14,0.0037831669775971744,0.0019548881124908934,0.010427789623392414
2015-05-15,0.019418271142708665,0.0040248558261541945,0.0010837660092979373
2015-05-18,-0.0003617094762363715,-0.00364377173178132,0.0031068138069667572
2015-05-19,-0.006472295749399448,-0.002194611947683889,-0.00032861356238300665
2015-05-20,-0.011289082211751178,0.0,-0.0007040721717341825
2015-05-21,0.005197378373454464,0.0031770164554572045,0.002912455999932728
2015-05-22,0.008590523912465953,-0.0006088066374492218,-0.0023890380835737135
2015-05-25,0.0,0.0,0.0
2015-05-26,-0.0010898750183484518,0.002436773142623805,-0.01075159470249909
2015-05-27,-0.00012128073379813475,0.00048625807851632175,0.009492483944772534
2015-05-28,0.016246998689338543,0.00012156836021093298,-0.0011285726523160289
2015-05-29,-0.0025849904207780883,0.0003647236653563368,-0.006212785068719917
2015-06-01,-0.005382784466743784,-0.003334523688080404,0.0020365109459972164
2015-06-02,-0.004409611340134401,-0.0028079757415329087,-0.0009926241454613072
2015-06-03,0.0025769365731915794,-0.00440828843275165,0.0026496855067206226
2015-06-04,-0.01232978096437809,0.002459186810673808,-0.008446676480982518
2015-06-05,0.013093670696398219,-0.003925490312197244,-0.0017136507377125687
2015-06-08,0.028698768522178453,0.001231729191192521,-0.006149436674450226
2015-06-09,-0.00113150446221999,-0.002953212708370234,-0.00014364199045857617
2015-06-10,-0.020703187995237737,-0.002097111810020813,0.011993240396982685
2015-06-11,0.0028321502750325855,0.004698768335334114,0.003223542789035694
2015-06-12,-0.0028638677326909834,-0.0007384644582100197,-0.007655042311142002
2015-06-15,-0.0012366685227346297,0.00012283952015956778,-0.004285181932514814
2015-06-16,0.010943373157369374,0.0025859316004099853,0.005451396713729961
2015-06-17,0.028800573289696096,0.0003684115647208941,0.0016171377271287923
2015-06-18,0.005683373161624372,-0.000736234514836509,0.010399303944879978
2015-06-19,0.0023674530537807215,0.0028258885502778774,-0.0044390869372561426
2015-06-22,-0.010361630404811084,-0.004778182799985653,0.005122967011643498
2015-06-23,0.030332307745169373,-0.0023393873387030917,0.0007078704123741897
2015-06-24,-0.009339929636816735,0.0018512053816328589,-0.007262666480644775
2015-06-25,0.013651601690611415,-0.0013551567313332402,-0.0030403577546722627
2015-06-26,-0.006324607704336294,-0.0018501009635631949,-0.00019075908844745637
2015-06-29,-0.018982328906347767,0.005065996530625672,-0.020970063589818344
2015-06-30,0.02381499635902573,-0.0009829948436452796,0.002093188774892951
2015-07-01,0.003317596250232091,-0.0024291543809208394,0.008015575695830002
2015-07-02,0.04038639915454456,0.002472430140619375,-0.0009157750990415048
2015-07-03,0.0,0.0,0.0
2015-07-06,-0.001071274437522196,0.003452229248322558,-0.0028461767523974
2015-07-07,-0.04232804124569667,0.0009828853846503005,0.006289042870959216
2015-07-08,-0.04823057784907436,0.002823812237697343,-0.01677731677576777
2015-07-09,0.011609720385955313,-0.0033055647124242693,0.0018093696294352313
2015-07-10,0.004768851945843755,-0.004667173071573827,0.012591446782725724
2015-07-13,0.011614881028806812,-0.0023439878738135134,0.011036510896516694
2015-07-14,0.013312443878506386,0.0018548947409753325,0.004338486850412604
2015-07-15,-0.009448430502932648,0.002839593771385429,-0.00033250747969004735
2015-07-16,0.013452917723576485,0.0,0.008024324685032891
2015-07-17,0.029923479333326286,0.00012261132533697428,0.0008479070210953843
2015-07-20,0.027670547578698246,-0.0013531304020777402,0.0005177549774049162
2015-07-21,-0.054878507378390284,0.001848492880066388,-0.003950901842992072
2015-07-22,0.004123425201304931,0.00036938450363166453,-0.0017948751015565145
2015-07-23,-0.0025011922264167596,0.0023372181033955997,-0.005630040825719829
2015-07-24,-0.0066990980175530845,0.000612670605284471,-0.010371578503803103
2015-07-27,-0.046720231391331746,0.00196243196348056,-0.005817707343676148
2015-07-28,0.04667806507496031,-0.0017141751223422874,0.012283219119863853
2015-07-29,-0.003776200204621105,-0.0008569784909969735,0.006878712543651355
2015-07-30,0.011257673505236987,0.00036731124812217075,0.00023752737287030534
2015-07-31,-0.0023988239767867015,0.0034343391018110125,-0.0015180007742416901
2015-08-03,-0.023144884928617437,0.0023153057572962155,-0.003372890127498751
2015-08-04,0.02419330078904558,-0.0034218494152267187,-0.001954132427334665
2015-08-05,0.014458436896063187,-0.0015942587246043916,0.003295115798131798
2015-08-06,-0.08884613070827718,0.0006140923381454666,-0.008187422259309463
2015-08-07,-0.014707655017798138,0.0020867210144537296,-0.001920104936028344
2015-08-10,-0.005649254943673188,-0.002082375677367909,0.01259919710835744
2015-08-11,-0.015634065274604314,0.0038053012026271205,-0.009023285868337227
2015-08-12,0.0033702625495031224,-0.0003668081890871866,0.0011981930265061447
2015-08-13,0.018222278547613824,-0.002079258508611792,-0.001244336656153755
2015-08-14,0.0026389930841606013,-0.00036808590471371083,0.0036422126742998717
2015-08-17,0.04869422505161958,0.001839403064695544,0.005586840828759376
2015-08-18,0.022471468870960187,-0.0018360258730777401,-0.002896852346459089
2015-08-19,-0.02098032399177252,0.003555792144108505,-0.007905173978851487
2015-08-20,-0.05120474567775368,0.0008552795762331034,-0.020881605042297302
2015-08-21,-0.047113613026361856,0.001587440930475914,-0.030102492045538054
2015-08-24,-0.05156653613722739,-0.00024374291239837031,-0.04210689826589531
2015-08-25,0.005299957738899019,-0.003291802217000983,-0.011767514470302887
2015-08-26,0.021860631008791875,-0.0042811670770217525,0.03839382258299229
2015-08-27,0.08072407396744574,0.0013508413022937926,0.024735278734007604
2015-08-28,0.022593474526899193,0.0004909714300724843,4.988159060514974e-05
2015-08-31,0.00233425311787383,-0.0013487356857385668,-0.00807895295541905
2015-09-01,-0.04187746789935942,0.002435983309188261,-0.029847858249082315
2015-09-02,0.0379667326201818,-0.0007367172898942176,0.018980926705223222
2015-09-03,-0.008559158628931418,0.0007372604424091822,0.0007165158343851452
2015-09-04,-0.014822516253377382,0.0024552199146821163,-0.01513669593052347
2015-09-07,0.0,0.0,0.0
2015-09-08,0.0257924872165749,-0.0024492065739265545,0.02513104753139861
2015-09-09,0.002981841490309778,-0.0002457615743266528,-0.013371880672913172
2015-09-10,-0.0017275792568650639,-0.002087027416214804,0.0054417681924134875
2015-09-11,0.007083127758706009,0.002091392209093268,0.0045445009261431135
2015-09-14,0.011788685834209334,0.0002458219879255541,-0.0037106687022708806
2015-09-15,0.0015008533688181114,-0.004172839865780653,0.01249911069592713
2015-09-16,0.03423117949694654,-0.0006165986143720215,0.008667309640889131
2015-09-17,-0.000686427307326376,0.005673052295229741,-0.0022480180809079098
2015-09-18,-0.005532854221774852,0.0028202416878462255,-0.01634161985542315
2015-09-21,0.013736467307306599,-0.0036681898496013776,0.005167485768495572
2015-09-22,-0.012339109416155347,0.0018409420751066552,-0.012979470520348646
2015-09-23,0.000459842504490382,0.0,-0.0015987862748335635
2015-09-24,0.007890882645230857,0.00036758736571829154,-0.003615985924465659
2015-09-25,-0.02360137483948066,-0.0018366323830718567,-0.0002589403911332777
2015-09-28,-0.03300761554870424,0.002576457705946833,-0.02509714657925144
2015-09-29,-0.00716505256437161,0.0007336104079891381,0.0005847165121919407
2015-09-30,0.007095082009808129,0.001957310172510107,0.01865850069446262
2015-10-01,-0.03429950833940998,0.0005381037719613957,0.002609116094939523
2015-10-02,0.032057758124643954,0.003789576790280247,0.014938184498686669
2015-10-05,-0.005735797824596434,-0.0038971214860673564,0.017794554464181322
2015-10-06,-0.01905337856419076,0.001344794406697991,-0.003426424762240421
2015-10-07,-0.03934404066335062,0.0,0.008190838581886961
2015-10-08,-0.022590068231747584,-0.001587003071931714,0.009026609643817185
2015-10-09,-0.02659664782558413,-0.0001226714135551532,0.0005962225735591797
2015-10-12,-0.023154721971044956,0.0017124071309861932,0.0009436364763264482
2015-10-13,0.017023869860745666,0.000610756486275843,-0.006301844898997988
2015-10-14,-0.010809577491181055,0.003660300679796835,-0.004794184429721904
2015-10-15,0.020426012486898237,-0.001945556086917155,0.015354879152709833
2015-10-16,0.025755735523108614,-0.00036564336060718183,0.00454662906017278
2015-10-19,0.00480158072748571,0.0,0.0004913712885208366
2015-10-20,-0.06606755350432658,-0.001583847343025302,-0.0012780955948180628
2015-10-21,-0.013800880426347861,0.001830598134067385,-0.006203736026903606
2015-10-22,0.0077586303749297425,0.0017055445309359651,0.016893786706678737
2015-10-23,-0.01242211222596079,-0.002553711540813741,0.010961509293587746
2015-10-26,0.02950887527409196,0.0010974373628203082,-0.0024574525650647994
2015-10-27,-0.022809699646425874,0.0002431706050627369,-0.0019322563268161508
2015-10-28,0.012407945034625278,-0.002800182455327427,0.011374301143154408
2015-10-29,-0.006245254663083899,-0.003541180525785448,-0.0005741372491389063
2015-10-30,-0.022208650663342766,0.0022057765390577355,-0.004309890642248848
2015-11-02,0.03315139413174362,-0.001971967265957608,0.011831295747901871
2015-11-03,-0.025445558566223325,-0.0017190132676700998,0.0028991567920531036
2015-11-04,0.11173506172895453,0.0006153005319415872,-0.0030330874069407487
2015-11-05,0.0006043683865557536,-0.0018435719980751664,-0.0009982636497379849
2015-11-06,0.0025456895572166793,-0.003940037113379757,-0.0005234594551177807
2015-11-09,-0.030254799225420848,-0.0008656145025113249,-0.009331494661047213
2015-11-10,-0.0391869859962497,0.0011138880960170905,0.0023064984855007964
2015-11-11,0.011916854312549408,0.00012327642177223375,-0.003931562759508123
2015-11-12,-0.028026284636262333,0.00012326122656936,-0.013959633152934359
2015-11-13,-0.02700290247242554,0.0018530515402277459,-0.01122836036072361
2015-11-16,0.03436451812394292,0.0,0.01520676081768113
2015-11-17,-0.0014463979691021756,0.0011101277375544782,-0.0007292941243203233
2015-11-18,0.033037326654939525,-0.0004927239562400043,0.015865879065300348
2015-11-19,0.0033021410176179433,0.0013563996510457255,-0.0008623737707876833
2015-11-20,-0.008070393546729338,-0.0002468736110998737,0.003644479057553829
2015-11-23,-0.010272166508136338,0.00036980357334037706,-0.0011469047890780848
2015-11-24,0.0022961761034103745,0.0003689743733730211,0.0013391444063541869
2015-11-25,0.052187810783939304,0.00012315586365718723,-0.00014291402916610796
2015-11-26,0.0,0.0,0.0
2015-11-27,0.008578708564050963,0.0004921852534451876,0.0011462443582204163
2015-11-30,-0.005828773569144241,-0.0004919431262928597,-0.0041511562577213335
2015-12-01,0.03009640513952827,0.003783634808861347,0.009535570721411757
2015-12-02,-0.021923391675773063,-0.0012275802677207404,-0.010205162317226457
2015-12-03,0.0031036038358105422,-0.007745652433970407,-0.014002890189726114
2015-12-04,-0.010012412396463,0.003964887754073887,0.01950296012681174
2015-12-07,0.003255441103328094,0.0017281777395838915,-0.006058505273793036
2015-12-08,-0.01908015011055786,0.00024604330664090845,-0.006719642175403329
2015-12-09,-0.009703589724369799,-0.00036966584571795913,-0.007779551373603311
2015-12-10,0.011357503870956798,-0.00012335138608021712,0.0025807939048070327
2015-12-11,-0.044259422857554354,0.002711485965523286,-0.01938077344158584
2015-12-14,0.007188217785247586,-0.00467048581346674,0.0050525081369872105
2015-12-15,0.011483228662796385,-0.0011104757951008182,0.010497570394471856
2015-12-16,0.06069926383234869,-0.0011136034546885831,0.014632272831424764
2015-12-17,-0.004775935638145934,0.002104161656118597,-0.015238650257397457
2015-12-18,-0.01255404258485504,0.0022228016492320535,-0.01781464966953472
2015-12-21,0.009112170445755297,-0.0011085270152429993,0.008249259426243105
2015-12-22,-0.011222896648004466,-0.0013573005122780035,0.009074315705876801
2015-12-23,-0.001087238493853948,0.00012378223004239075,0.012383326832260844
2015-12-24,0.003787586036986701,0.0007432319581670566,-0.0016505821998761272
2015-12-25,0.0,0.0,0.0
2015-12-28,-0.007026053028503343,0.0,-0.0022848570688548397
2015-12-29,0.03599040660703223,-0.003093701855824249,0.010671643807590003
2015-12-30,0.003794452891639599,0.0006205467523108243,-0.007087485791955173
2015-12-31,0.008064193426244648,0.0019847202311229495,-0.010003553869980863
2016-01-01,0.0,0.0,0.0
2016-01-04,-0.06916383417344563,-0.0004948190241966799,-0.013979656320680656
2016-01-05,8.951501876963697e-05,0.0012386059603433086,0.0016911902538432333
2016-01-06,-0.019648196488239345,0.004454536155305888,-0.012613738860368984
2016-01-07,-0.015476613580219345,0.00012322146433874082,-0.023991709011288775
2016-01-08,-0.021562746019443524,0.001231498523217578,-0.01097633806679621
2016-01-11,-0.014928912731952182,-0.004182733973247199,0.000989487864045735
2016-01-12,0.01019968109607805,0.0025943749072034894,0.008068331251602556
2016-01-13,-0.04600657570629507,0.0024647233143444414,-0.024940172182886577
2016-01-14,0.029304524761110118,-0.0012298635343271913,0.016416473469618165
2016-01-15,-0.005771584676250496,0.001723904087083561,-0.02146593661470253
2016-01-18,0.0,0.0,0.0
2016-01-19,-0.0013171814898143008,-0.0012286334507870533,0.0013312217072249943
2016-01-20,-0.02940598345394596,0.0011064165459804265,-0.012814989730661308
2016-01-21,0.006391513633018819,-0.0006140799180792689,0.005601642468330281
2016-01-22,0.012901930307042342,-0.0003695004652864986,0.02051533526977045
2016-01-25,-0.030461596504509303,0.0,-0.015116286212017327
2016-01-26,-0.014359893464118478,0.0014765447325624237,0.013643110513675838
2016-01-27,-0.028363311180212625,0.0,-0.010883595974943705
2016-01-28,0.00866696594809202,0.000736433694179528,0.005209605817211305
2016-01-29,0.007907252180474389,0.002945691000799666,0.02437704333242796
2016-02-01,0.030020838930620908,-0.002035447899129905,-0.00036124411096361
2016-02-02,-0.07190002137704643,0.003440462596297156,-0.018022061797204336
2016-02-03,-0.05088083130264043,0.0007343854611210343,0.00599490527727764
2016-02-04,0.010664105137480506,0.0007341573024628456,0.0015679082128086108
2016-02-05,-0.07260598006471042,-0.0009785723340161034,-0.019049861674404034
2016-02-08,-0.08985239514773324,0.00428411095356851,-0.013461119197880955
2016-02-09,0.0017568447590106118,-0.00012238332140035446,5.369442917868561e-05
2016-02-10,-0.03089374112383303,0.0020721035575061997,-0.0008625600304013048
2016-02-11,0.04733064290572564,0.0006085018251347218,-0.013008166897279683
2016-02-12,0.0037881413094784655,-0.003282763122577914,0.020617070726622666
2016-02-15,0.0,0.0,0.0
2016-02-16,0.027343852480015807,-0.00146329493678643,0.01687807428544419
2016-02-17,0.08706565860035376,-0.0002443122640786166,0.016334869908450678
2016-02-18,-0.011323158733693717,0.003420835211009443,-0.004095999199505762
2016-02-19,-0.0011392968371775059,-0.0013390926748854115,-0.00046834438992870986
2016-02-22,0.06699479062990088,0.00024361771438896618,0.01447925088297608
2016-02-23,-0.0029818286241705128,0.0006086483036196189,-0.01262954625028978
2016-02-24,0.010101004393246793,0.0007319631412319172,0.004575334961325561
2016-02-25,0.047094914915335684,0.0014598259436870986,0.01211183924038739
2016-02-26,0.015525816600528097,-0.0009720661706340561,-0.0023013265566271812
2016-02-29,0.008353468768718342,0.0006083410704627035,-0.007842004877755326
2016-03-01,-0.029073080259574557,-0.0033503265529267745,0.023506683700495357
2016-03-02,0.010678823954507921,-0.0006113162981510323,0.0044919614256027085
2016-03-03,0.039290607872446426,0.0004900962607590209,0.003920002952962243
2016-03-04,0.02707681972740761,-0.0004898561840748217,0.0032535082475888544
2016-03-07,0.021140033080221166,-0.00024449007542670653,0.0007982760757909713
2016-03-08,-0.013103370952345483,0.0033031287683735755,-0.010918064300662778
2016-03-09,0.030207303417474796,-0.0017068932040095186,0.004940026217828741
2016-03-10,-0.01696052509474255,-0.000488632619419449,0.0008021186841280503
2016-03-11,0.011307091998520313,-0.0013441952720407713,0.016137155490817623
2016-03-14,0.036867487272411736,0.002202851827397989,-0.00128208122120832
2016-03-15,0.014826854254383681,-0.0009774022616307887,-0.0016297528085252866
2016-03-16,0.01644223390939903,0.003911575226599462,0.005787225963447495
2016-03-17,0.02005139734476491,0.002191279222199638,0.006344486201714128
2016-03-18,0.028094340456043643,0.0008501708840398248,0.0039289000707458666
2016-03-21,0.023975234953553137,-0.001820853759636587,0.0014191958818956518
2016-03-22,-0.01711979903690175,-0.00024263159111403976,-0.0005372419648020932
2016-03-23,-0.04977800018235601,0.0021896402859775677,-0.0065998338811961155
2016-03-24,0.0232275906570083,-0.0012146156743009229,-0.0004430883549205733
2016-03-25,0.0,0.0,0.0
2016-03-28,0.011020873910291051,0.00048743501200165795,0.0005911639333564533
2016-03-29,-0.0005646003647661324,0.0041283418561604,0.009249809906439088
2016-03-30,-0.014078972960765879,-0.000362071709942402,0.004388053721960494
2016-03-31,0.012693337980441255,0.0019346110067097744,-0.002427350326292599
2016-04-01,0.03403399570678456,0.0011254665644784279,0.006812160078310425
2016-04-04,0.039563979070301736,0.0,-0.0032378275903767184
2016-04-05,0.03433343457363125,0.0018134350495810914,-0.00998793409762877
2016-04-06,0.038947853163352475,-0.0004824631599945617,0.010921412670540365
2016-04-07,-0.030969800698537053,0.0032591143382587617,-0.011966155489997132
2016-04-08,-0.02772166475041915,-0.0008422783431349945,0.0026967469540293276
2016-04-11,-0.0005998457768249255,-0.00012007878045283693,-0.002347033984740343
2016-04-12,-0.008402652353309281,-0.0015652939300898616,0.009312685416175137
2016-04-13,0.0270760454618868,0.0006023227689662125,0.010101099718535789
2016-04-14,-0.010489893292484176,-0.0008437810833612502,4.770598782477542e-05
2016-04-15,0.010521694235412493,0.0022924324945285957,-0.001105279509309609
2016-04-18,-0.002475334060495493,-0.00036114155811206583,0.007026670192946671
2016-04-19,-0.02564203697895895,0.0006021606626058773,0.003154160976659215
2016-04-20,0.010510619221744344,-0.0027682477489797686,0.0009526510904287466
2016-04-21,-0.006720777009723511,-0.001206693448699836,-0.005378413031839613
2016-04-22,0.021990432529629622,-0.00036279994263666016,0.0
2016-04-25,-0.007605979610801672,-0.001208161735780533,-0.0017226437309970644
2016-04-26,0.007624509088934195,-0.0014521967728770013,0.0014859808052871681
2016-04-27,-0.008946136908751234,0.00302959011474746,0.002058356538318984
2016-04-28,-0.014952135009967504,0.0018125326199021075,-0.009075844129221577
2016-04-29,-0.028056989923414988,0.0007235548718251827,-0.005398767009992755
2016-05-02,0.004319697802968259,-0.0017628242553057172,0.00794813343565215
2016-05-03,-0.03920601056164674,0.0027816673340876896,-0.008702864900445806
2016-05-04,-0.04201105333661326,0.00036279431048868993,-0.005578246316333968
2016-05-05,-0.04955961442777834,0.0018086860283266226,-0.00019535442631102296
2016-05-06,0.016073354609201562,-0.00048180612077941554,0.0036592419518741703
2016-05-09,-0.02796256243720341,0.0007229055305131293,0.0008262590524994451
2016-05-10,-0.0011008885097381071,0.0,0.012433936448150718
2016-05-11,0.0012937597581215154,0.00024124005408876492,-0.009354592573243337
2016-05-12,-0.00803978103371572,0.00011967966916404116,0.00029057029146883906
2016-05-13,0.001592002938870074,0.0010832447435173975,-0.008714489834814931
2016-05-16,0.003275341382076302,-0.002163841797625188,0.009865461594626979
2016-05-17,-0.01742759842604591,-0.0007229055305131293,-0.009333819790996456
2016-05-18,0.03180885470243422,-0.004699546840930546,0.00029343544000637323
2016-05-19,0.01913147353519906,0.0010895328178657238,-0.0034653859991587987
2016-05-20,0.023558406194412074,0.0,0.006317365193301949
2016-05-23,-0.01843105074925866,0.00024179382065625532,-0.0013622820372710676
2016-05-24,0.007816075741021722,-0.00048365392018878683,0.012962170307283749
2016-05-25,0.0076637497781955055,-0.000363603219941111,0.006783139776348257
2016-05-26,0.02522997924071091,0.0016952322052563584,0.00028671044863592954
2016-05-27,-0.00923954578720032,-0.0003622657901030113,0.004298996236356878
2016-05-30,0.0,0.0,0.0
2016-05-31,0.0008518675345341453,0.0008456948899815409,-0.0019023915523932455
2016-06-01,-0.016440468601288782,0.00035099275275585207,0.002048990199075229
2016-06-02,-0.0027327356754038856,0.001936000434015206,0.003043988465639025
2016-06-03,0.00013700139934802458,0.0062783834847779385,-0.0029876180302323974
2016-06-06,0.007717276207808599,-0.0015601051299489743,0.005089059391127249
2016-06-07,0.05283668197567204,0.00012062414274049971,0.001561123788785812
2016-06-08,0.013686831518021192,0.0012014943722484794,0.0032595339379235533
2016-06-09,-0.026154878987485475,0.0009599694435327155,-0.0013654639338720465
2016-06-10,-0.0460847232525351,0.0009590487860033914,-0.009477571464790668
2016-06-13,-0.00420496739684062,0.0002397437277168457,-0.007711730687804286
2016-06-14,-0.013356605490256634,-0.00011905866055805792,-0.0019669322353135232
2016-06-15,0.012746565418183309,0.002274695543489358,-0.0013937976392482954
2016-06-16,0.0010565546173815221,0.001076148009129252,0.0029843501591537702
2016-06-17,-0.011288062840889457,-0.0014331210478421008,-0.00372408712630945
2016-06-20,0.019631474173017693,-0.0022708288871794435,0.006439875442305176
2016-06-21,-0.0004096198348979563,-0.0013185437481224582,0.0028388900938467465
2016-06-22,-0.10450341756812143,0.0003607206142370867,-0.001631491504660909
2016-06-23,-0.001322128315258908,-0.0017997498769477538,0.013022742062540615
2016-06-24,-0.016547827629193046,0.005647208363832812,-0.0359090482626413
2016-06-27,0.027957518513328727,0.005017832983391868,-0.01790996255146604
2016-06-28,0.016318349791359932,0.0011895985955308053,0.01803580719193354
2016-06-29,0.041627392999816326,-0.00035699399212674177,0.017027649981738557
2016-06-30,0.009943412480724279,0.0013069317596925423,0.01364564620492259
2016-07-01,0.019879378262587677,0.002781517302865355,0.0021003301478779157
2016-07-04,0.0,0.0,0.0
2016-07-05,-0.011639738141737244,0.0034364363583347934,-0.007193059908042976
2016-07-06,0.002149711537805965,0.0017718243339650552,0.0059979319775538276
2016-07-07,0.006994990541306256,-0.001650216484921474,-0.000620158280166927
2016-07-08,0.0038899525017721537,0.002597195257196372,0.01489048353719613
2016-07-11,0.036903805062947104,-0.00294413291855522,0.003527020604396469
2016-07-12,-0.0005783013468687592,-0.0040170156192386175,0.007263045074900054
2016-07-13,-0.009436981531152133,0.0017796885947629626,-0.0001395977925643388
2016-07-14,-0.004493707690691684,-0.0015397003420140054,0.0055835305993992
2016-07-15,-0.005100971389125797,-0.0032019400940727083,-0.0013417550987765425
2016-07-18,0.026542674288099866,0.00035719980482640246,0.0026873633243222894
2016-07-19,-0.004375689688323026,0.0015458776546035669,-0.0010165360426909187
2016-07-20,0.013761894071912417,-0.0010681301112184238,0.004162675770128077
2016-07-21,-0.03441934896442955,0.001188060331440921,-0.003776801178922762
2016-07-22,0.0080272130645338,0.00011876656178499978,0.004485095217128698
2016-07-25,0.03482249963460071,-0.000592986129963724,-0.002716181246841587
2016-07-26,-0.002173785411705653,-0.00011930083854094775,0.00046181174628667776
2016-07-27,-0.0044442402825445315,0.002969433712859182,-0.0010610601608039838
2016-07-28,0.0092782587991731,-0.0005912349023625696,0.0011543580947683818
2016-07-29,0.0181258915884297,0.003199683280172172,0.0016145831663634258
2016-08-01,-0.02035866545145193,-0.0031373706571354854,-0.0008290513648284703
2016-08-02,-0.012216845667703868,-0.0009499429307092688,-0.006407029407776266
2016-08-03,-0.006205976906180188,0.0,0.0029227313038113767
2016-08-04,0.02134724289646428,0.001782612866598976,0.001063857846765659
2016-08-05,-0.00251507260151429,-0.003321325085494098,0.00817889124126503
2016-08-08,-0.01682385523320451,0.00011884545316953599,-0.0005957776474516674
2016-08-09,0.012911226187923619,0.002856611986729707,0.0005961328100547725
2016-08-10,-0.014972973712197857,0.0013058638050773563,-0.002475151906966233
2016-08-11,-0.003279367580152681,-0.0026082620011347313,0.004641075784452164
2016-08-12,0.003112321193226242,0.002258960546483557,-0.0008692122431959159
2016-08-15,-8.864212814152506e-05,-0.001660479423184702,0.002883799346096394
2016-08-16,-0.008776982760304364,-0.0004752628715786189,-0.005157710853770037
2016-08-17,-0.0016546746205348128,0.0015441458774991812,0.001880780768456658
2016-08-18,0.001209501174802119,0.001068498228181891,0.0022439527513309354
2016-08-19,0.006666333002271596,-0.002014844494267476,-0.0014618169028532968
2016-08-22,-0.009199968973795603,0.00142520221759046,-4.5741010484934286e-05
2016-08-23,0.00856766810594789,0.00047441114386415073,0.0020133488321729676
2016-08-24,-0.009873672296182856,-0.00011839780520217502,-0.0051147236402211416
2016-08-25,-0.007456626175134096,-0.0010671345064315885,-0.0006884518560553721
2016-08-26,-0.004389940220988597,-0.002492104394733796,-0.0018833540071200305
2016-08-29,-0.021773698929720697,0.0034497228380083733,0.0049240829206149694
2016-08-30,-0.017936898094209175,-0.0008292195695341897,-0.0016486867545759676
2016-08-31,0.003170288138355737,-0.000712812967954779,-0.0028439486765102773
2016-09-01,-0.05301630375559707,0.0013806298184808607,4.590312931473939e-05
2016-09-02,-0.014892723045455192,-0.0014255091984328727,0.004507808255692192
2016-09-05,0.0,0.0,0.0
2016-09-06,0.0255334510261378,0.002973941090050003,0.003022726753465488
2016-09-07,-0.0055218884189791595,0.00011897575307440178,-9.135871809484719e-05
2016-09-08,-0.021565611159450437,-0.003795659387151651,-0.002283037594496329
2016-09-09,-0.014643244819832146,-0.004405883346953909,-0.02393472407286301
2016-09-12,0.019694523621018867,0.00035845197156980646,0.014347039159838593
2016-09-13,-0.011346487834701269,-0.002869343191113316,-0.01437530860740277
2016-09-14,0.0018362791436163928,0.0013194555852258372,-0.0003750407067076855
2016-09-15,0.020416452841336197,0.0008379091225203528,0.009992799827255983
2016-09-16,0.02484780383791363,0.0008372675518728556,-0.003865417167663421
2016-09-19,0.00457645297210707,-0.0007171003062542702,0.00018736942303854143
2016-09-20,-0.008238786856348712,0.00023940472300276738,4.677127426311323e-05
2016-09-21,0.0028341798567572685,0.002870551448072911,0.011245763991724056
2016-09-22,0.005896172409194822,0.002027464866604989,0.006301279996017595
2016-09-23,0.004941130603694166,-0.00023788133227142794,-0.005479451831142512
2016-09-26,0.007423489184726462,0.001666221502087284,-0.008102307962233768
2016-09-27,-0.015216031256459872,0.0011886632271675968,0.00620814960730276
2016-09-28,0.002235048163077513,0.0,0.004963592807910144
2016-09-29,-0.027003426930455432,0.00011857059285169669,-0.009047104997598532
2016-09-30,0.016591937232549814,-0.00130566776344343,0.007546326523432567
2016-10-03,0.047394990482537924,-0.0010589973697715527,-0.0024042000223600812
2016-10-04,-0.010715983364832038,-0.003338472225665634,-0.005097862259945463
2016-10-05,-0.013953932130380098,-0.0016743789994926317,0.004425243568015658
2016-10-06,-0.03578625635704735,-0.00035914484234822464,0.0006956615827160562
2016-10-07,-0.021840779371141483,0.0008383256782911186,-0.00342938582451513
2016-10-10,0.02207415798926582,-0.0010775773685164358,0.005208073544561209
2016-10-11,-0.004229886150648454,-0.0015585659395356277,-0.01262965540461014
2016-10-12,0.007046466386483763,0.0006012291702994776,0.0013120482747375206
2016-10-13,-0.006302456879140883,0.0011996361437645042,-0.003275698211680833
2016-10-14,-0.018627583354229538,-0.002037602960186624,0.0005166155100511105
2016-10-17,-0.012976444351751049,0.0021616056283162433,-0.003472106394297625
2016-10-18,0.02650023191602613,0.0013178789751302489,0.006262267610869454
2016-10-19,0.02240090564098618,0.0007184137147553393,0.0026671978221077808
2016-10-20,-0.021910099567979402,-0.0005988561703650364,-0.0018666473611814727
2016-10-21,0.00497237481730628,0.0008387574376904627,0.0004676796243707759
2016-10-24,0.013344029700076643,-0.0014349740830744695,0.004252387182984929
2016-10-25,-0.0020714054958987926,0.0,-0.00335077445510934
2016-10-26,-0.0004941818395456377,-0.00179650475635873,-0.002007339965361399
2016-10-27,0.008751979915121444,-0.0027575672982731447,-0.002666740323444494
2016-10-28,-0.0198029875608402,-0.0004811409697940139,-0.002955562927990818
2016-10-31,-0.011201655407329203,0.0010821707984027817,4.737980502533823e-05
2016-11-01,-0.03509842661102913,-0.00032489527145762587,-0.007245680509422203
2016-11-02,-0.014518503789442305,0.0009635199457105337,-0.006018603199766437
2016-11-03,-0.0031911467456550158,-0.0006012674364402892,-0.004577314958591927
2016-11-04,0.01675382136299608,0.001805969272019592,-0.0011012939970942437
2016-11-07,0.013906348645120303,-0.0013220859744008662,0.02205679451590381
2016-11-08,0.008954005217394645,-0.0018057008030476496,0.004503920770785985
2016-11-09,-0.025033363190080093,-0.009889053097320133,0.010602325039321236
2016-11-10,-0.024781658082167812,-0.0042634866214866785,0.00249548805566846
2016-11-11,0.017318643404319323,-0.0018344915665879924,-0.0023051365215551733
2016-11-14,-0.03770682709596174,-0.0037993103625821867,0.0007856096625893372
2016-11-15,0.012785831275339055,0.001353315614046835,0.007802862809587197
2016-11-16,0.0008706682793555576,0.002088376939164416,-0.0018784120688808414
2016-11-17,0.025716307636262092,-0.004045459731214174,0.00514050602545324
2016-11-18,-0.019293934240147914,-0.002462244065704944,-0.002237282443813493
2016-11-21,-0.0027024465131613162,-0.0001233298821901041,0.0075512779360364934
2016-11-22,0.03603947721674805,0.0008640314620513845,0.0019532160700381773
2016-11-23,0.010304965252273535,-0.002589056817307145,0.000544056478351207
2016-11-24,0.0,0.0,0.0
2016-11-25,0.018173287121064252,0.00037049047671078306,0.003715309452743343
2016-11-28,-0.0026950938729078944,0.0023484688766055584,-0.004694694776410713
2016-11-29,-0.03339797817354062,0.0007397093109740016,0.001950453370245242
2016-11-30,-0.0008967014020552222,-0.0034496096343912264,-0.0023992926677195436
2016-12-01,-0.03970439621692412,-0.00371607006452368,-0.003675331603226084
2016-12-02,-0.002254227571355849,0.0036052922033977808,0.0005007768824207837
2016-12-05,0.029371246552803765,0.0012388232906181962,0.006008735885575822
2016-12-06,-0.0050855909965381585,-0.0001232977242604516,0.003167484302365242
2016-12-07,0.03927898836940713,0.0023510186011481693,0.013080715498896112
2016-12-08,-0.004452545532701246,-0.001974957637979391,0.00244891450980278
2016-12-09,-0.0005720111783587001,-0.0029688223447542628,0.006040083171817701
2016-12-12,0.0013008438960526725,-0.0011172181280967308,-0.0011476025735351891
2016-12-13,0.02972509618020802,0.0011184677004874022,0.0066738820979102
2016-12-14,0.0027252272268023514,-0.0050878466970609715,-0.008254177510236715
2016-12-15,-0.005586619127426196,-0.0014963517769945867,0.004117209552905621
2016-12-16,0.02485070240083087,0.0008745272073680255,-0.0019558944320402505
2016-12-19,0.0011852284519540124,0.002620667824434264,0.0021775358624172014
2016-12-20,0.02989199578262669,0.00012432880419499526,0.0038577185435497707
2016-12-21,-0.005220520683151264,0.001493371421389833,-0.0027829703514166138
2016-12-22,0.00361092210958347,-0.000685240898622208,-0.0017272309969460498
2016-12-23,0.023458878645067793,0.0004987719250664213,0.001464176245435489
2016-12-26,0.0,0.0,0.0
2016-12-27,0.029014693821664217,-0.0007483109777671748,0.002480923571061888
2016-12-28,0.0009565849240522617,0.002494297218504249,-0.008264287064641218
2016-12-29,-0.02302717301331647,0.0027365790303190973,-0.00022282800230888355
2016-12-30,-0.0046115136580925364,0.0021083540827233627,-0.003655052307510509
2017-01-02,0.0,0.0,0.0
2017-01-03,0.015442882835696947,0.00012444345523654476,0.007649874065942086
2017-01-04,0.04608509628379487,0.000741895629399858,0.005949395318264772
2017-01-05,-0.0010573016932267087,0.0050711038794897245,-0.000794369405109685
2017-01-06,0.009966895409707854,-0.003937520662631977,0.003577582032542992
2017-01-09,0.009912262252654847,0.002470448653970614,-0.0033009280810673003
2017-01-10,-0.006096497424114444,-0.0002468645357639465,0.0
2017-01-11,-0.0006090579683538655,0.0004928101394598983,0.002826051256667128
2017-01-12,-0.0006094291460314594,0.0002470486498580282,-0.0025098213183240015
2017-01-13,0.03554165910672369,-0.0016013510719030677,0.0022956369593114534
2017-01-16,0.0,0.0,0.0
2017-01-17,-0.009127294759965876,0.00308399393238723,-0.0035235586117748907
2017-01-18,0.011800718170465796,-0.0051652806100958015,0.0022099041221941285
2017-01-19,0.02265484584252664,-0.0017309044462389123,-0.0037045892445343176
2017-01-20,0.003979211340805033,0.0007432166715273247,0.0036738936813085488
2017-01-23,0.017121013222806347,0.0027224482733292366,-0.002601877997480573
2017-01-24,0.022858758549190616,-0.001481235366111222,0.006411696223280305
2017-01-25,-0.0005499330562692695,-0.0029660672525497755,0.008655383099243519
2017-01-26,-0.007702287210641479,0.0003720999769769584,-0.0010454413436926657
2017-01-27,0.0017424922931057463,0.001114899870752195,-0.0015697647251232683
2017-01-30,-0.009171674163915622,-0.00024722684461753186,-0.0062017173477276755
2017-01-31,0.005186895116227497,0.0021048690456086927,-8.791285736775567e-05
2017-02-01,-0.010677646659077555,-0.0017588627411992963,0.00039568137176559937
2017-02-02,0.009268250070681772,0.0006201908771445996,0.0006590274408928565
2017-02-03,-0.0008746279419173941,0.0002489547831268091,0.00689282887652376
2017-02-06,0.02562376061798921,0.003097339696930712,-0.0017878013586153374
2017-02-07,-0.0011251188300628323,0.0016050923041359688,4.380694180650124e-05
2017-02-08,0.01786550436031553,0.0027141110112609557,0.0013103783722361317
2017-02-09,0.027167272901938322,-0.0027067645517860894,0.005932695129528209
2017-02-10,0.00011148636943625334,-0.0002456480164717556,0.003946020204589562
2017-02-13,0.04223151490536248,-0.0011106409888166358,0.005442859981469539
2017-02-14,0.0013542446986194445,-0.002099475363794734,0.003995401419114808
2017-02-15,-0.004341936732680907,-0.0016091151412710447,0.005220277252848238
2017-02-16,-0.03864027372388368,0.0018600796827632493,-0.0008514729942611377
2017-02-17,0.012195542272078752,0.002350544840764357,0.0015763684549696677
2017-02-20,0.0,0.0,0.0
2017-02-21,0.01895455321252637,-0.0001236031240751112,0.005954951867594094
2017-02-22,-0.013987544509128647,0.000617602440643461,-0.0008877799092842364
2017-02-23,-0.06405612128285887,0.0018506851785742295,0.0006770935745259443
2017-02-24,0.003945460066550499,0.0036942887538771174,0.0012688871072885632
2017-02-27,-0.04190663914295778,-0.0020854574075066523,0.0015627690650790171
2017-02-28,0.015270331412970961,-0.0007382129870022736,-0.0026991913575924453
2017-03-01,0.00011993887695105343,-0.004093362903998532,0.013997802424845718
2017-03-02,0.0018399484050042325,-0.0018568754981483915,-0.006297664235175526
2017-03-03,0.004351614767985623,0.0007447087300394006,0.0006297187761603595
2017-03-06,-0.0014310232140101187,-0.0006197506968823596,-0.002978063679776377
2017-03-07,-0.010429562301419115,-0.0018603437270777734,-0.002986662451237132
2017-03-08,-0.006918982373962046,-0.002360204490000295,-0.0018567408460675727
2017-03-09,-0.007979851500776736,-0.003114173079413529,0.0012682434798001463
2017-03-10,-0.0049408426009909245,0.0019995169466677787,0.0035042732816741307
2017-03-13,0.010176830680722393,-0.001995526856899965,0.0005049004035939664
2017-03-14,0.04805628371511106,-0.00012385348997379086,-0.003826753806539074
2017-03-15,-0.008798421425113223,0.006245857131519372,0.008653594627306083
2017-03-16,0.024713450219121746,-0.0014891164641168686,-0.0019671296319175857
2017-03-17,-0.002098847828182704,0.0019892083830352902,-0.0017557917403512313
2017-03-20,0.0016061116267274134,0.001985750461472202,-0.001096995600245787
2017-03-21,-0.04291381746799239,0.00235295732421692,-0.012839686470738298
2017-03-22,0.017273078068332337,0.0013589441633501398,0.0023529826921864228
2017-03-23,-0.00090202828464514,-0.0004929026053999142,-0.0010672516076376537
2017-03-24,0.03289120992821504,-0.00024712254321956895,-0.0007258585846012799
2017-03-27,0.026827796887382016,0.0020991669435213023,-0.0010264702353272037
2017-03-28,0.0267559948391054,-0.0018481038371718217,0.007276805714177437
2017-03-29,-0.0002523309678981178,0.0019749647639655254,0.0009347888745581123
2017-03-30,0.0019467497819007917,-0.0016013016694708115,0.0031842544840627873
2017-03-31,0.0013673037946848599,0.0006168448778307578,-0.0023274158190750294
2017-04-03,0.07265538500445645,0.0036337425259842515,-0.0017393982944428066
2017-04-04,0.017352355705321898,-0.0011089382919006185,0.0006372103237766158
2017-04-05,-0.02864668535390913,0.0008640940235575822,-0.002972524622612216
2017-04-06,0.012542335863124032,0.00036912885954021313,0.0028111158707593287
2017-04-07,0.012855637977449375,-0.0022162051360860024,-0.0010193584183755267
2017-04-10,0.03255773135831275,0.0009863690378819623,0.0005951081453861029
2017-04-11,-0.011780116939354768,0.0032063445207448638,-0.001189732108569208
2017-04-12,-0.03845036378853883,0.002334825108045724,-0.004382055580943067
2017-04-13,0.024120725067491966,0.0014709684089226904,-0.006494559697406976
2017-04-14,0.0,0.0,0.0
2017-04-17,-0.008421007061268249,-0.0006120133395457472,0.008860077347365714
2017-04-18,-0.0039477635540767775,0.0035530727811134977,-0.0029842796020860263
2017-04-19,0.017552054419372798,-0.0018312625466915256,-0.0018387732407281199
2017-04-20,-0.00985204376039106,-0.001345538549887726,0.00813895927137498
2017-04-21,0.010214507204857837,0.0002448410923878708,-0.0031865880242930578
2017-04-24,0.007951603024820342,-0.0013461150600793115,0.010997880885539768
2017-04-25,0.018699422064641924,-0.0030650387496452547,0.0058185556556757945
2017-04-26,-0.011536362728744365,0.000983701599182929,-0.0006290505103798694
2017-04-27,-0.004965028404995131,0.0007366872749479114,0.0008392374150456572
2017-04-28,0.017626304762964118,0.0011053386054733494,-0.0021795550615668624
2017-05-01,0.027891854114518555,-0.0018681444742786324,0.0025199902791530615
2017-05-02,-0.012204567888302154,0.0017235350967554908,0.00037725425223489317
2017-05-03,-0.02467931806646917,-0.001106097777977988,-0.0012146078086802126
2017-05-04,-0.05002899014132822,-0.0011074438092429917,0.0011740671776883094
2017-05-05,0.04362697085089429,0.0006161983528845116,0.003937020316906459
2017-05-08,-0.003761964382840155,-0.001723080042871472,-0.0001666296703894954
2017-05-09,0.045802257580723316,-0.0004930194855685688,-0.0009179339515181795
2017-05-10,0.012326461540900224,-0.00012337644499338385,0.0017957054342425671
2017-05-11,-0.00651863161783095,0.0007393774665416242,-0.0020429124275782584
2017-05-12,0.005292405210798323,0.002959940942095951,-0.0016709434206813034
2017-05-15,-0.027492985952879856,-0.0002464182749460919,0.00552364355304924
2017-05-16,0.0035773656379796126,0.0009836142037089601,-0.0009153431715318572
2017-05-17,-0.03438380701321975,0.005405106754156508,-0.017744352240687267
2017-05-18,0.02270424662501913,-0.0008551190464510805,0.004028743699925341
2017-05-19,-0.007123221570720428,0.0006111499534875442,0.006504040816852852
2017-05-22,-0.0015442325945463908,-0.0008562312375816061,0.005077384270064655
2017-05-23,-0.020911878559512043,-0.002078902361727364,0.0022128722595438077
2017-05-24,0.020930680784285283,0.0020832332001470277,0.002332630064522334
2017-05-25,0.02130743638162036,0.0,0.004779705005248491
2017-05-26,0.026228617616507632,0.0004898234050747519,-0.0002067300203202338
2017-05-29,0.0,0.0,0.0
2017-05-30,0.030632936854847692,0.0014676667044488667,-0.0008690554826220609
2017-05-31,0.017636485991062267,0.0004872423627826361,-0.0002482995441519531
2017-06-01,-0.0018767257398862869,0.000269589947378579,0.007952065195799385
2017-06-02,-0.001527722510787366,0.003300129524540285,0.0033284795710402104
2017-06-05,0.021980248714097206,-0.0015835739081117017,-0.0007371125155251068
2017-06-06,0.0159218742715026,0.0018300064669627414,-0.003196822094013063
2017-06-07,0.019271708483604266,-0.0013397729140599557,0.0018502713894923417
2017-06-08,0.028777999979157753,-0.0007315257810971421,0.0004922687872563891
2017-06-09,-0.03427033634338705,-0.0008550115986712958,-0.0015178318062393226
2017-06-12,0.004729671679755576,-0.00024394899003798987,-0.0002053287274715876
2017-06-13,0.04718532194258196,0.00024400851566896975,0.004889889687417215
2017-06-14,0.012528228772248573,0.003665240487941146,-0.0012673475415567736
2017-06-15,-0.013975690849574174,-0.0010948984601053535,-0.001924665515091073
2017-06-16,-0.010497150563255842,0.0010960985767491938,0.00021870344992813706
2017-06-19,-0.004308019545855357,-0.0014607422236360135,0.00832503598317369
2017-06-20,0.006598147050542957,0.001462879112924309,-0.0067442740588602446
2017-06-21,0.01117554424882039,0.0004866547806336996,-0.0002465653149794633
2017-06-22,0.016498465012477537,0.00036518734691037835,-0.0004529984949408483
2017-06-23,0.0021954374532506815,0.00024320992621729154,0.0011944961987548908
2017-06-26,-0.015543088109582714,0.001094118781312492,0.0006579488917368703
2017-06-27,-0.040054017543423526,-0.0033999726784178508,-0.008056225394283634
2017-06-28,0.024477666146892174,0.0,0.008950515236977319
2017-06-29,-0.028256648657213446,-0.0020721652455327755,-0.008789279067679123
2017-06-30,0.0023839082899164143,-0.0007328392866694511,0.0018647447540622863
2017-07-03,-0.024861017541874753,0.00011024381967739139,0.0016957375013659792
2017-07-04,0.0,0.0,0.0
2017-07-05,-0.07240087231100589,0.000614534036325054,0.0023120008606012377
2017-07-06,-0.05582559174516721,-0.002330433189335679,-0.009144449660531517
2017-07-07,0.014214882525563466,-0.00024587543358411956,0.006485112837173679
2017-07-10,0.0090352135473033,0.0004916310467895091,0.0010737435934056183
2017-07-11,0.03534252795483339,0.0009828390892618888,-0.0007426578504597936
2017-07-12,0.007028925342357439,0.0023330702902109035,0.007514660853473298
2017-07-13,-0.018542123378747166,-0.00036756309088537,0.0016803794956627982
2017-07-14,0.013512209263288222,0.0003676982431881637,0.0046641456458946795
2017-07-17,-0.0250472625679502,0.0013464921319612522,-0.00012196685673349084
2017-07-18,0.027130254389051922,0.002324390047464542,0.0005293224885525305
2017-07-19,-0.009078761803985369,0.00012193313667108185,0.005413905698218091
2017-07-20,0.014327017051524393,0.0006101886997353922,0.00044551820073723825
2017-07-21,-0.004607190366594627,0.0010971325904256535,-0.0008902862329959182
2017-07-24,0.04299636569936682,-0.00048612596959829446,-0.00024333679828902888
2017-07-25,-0.008525099770780753,-0.0037789738230590286,0.0024312715779597482
2017-07-26,0.012514701075326817,0.0024469056566891467,4.0373505747925975e-05
2017-07-27,-0.027308396738741525,-0.0012198093015926004,-0.0009297530066989523
2017-07-28,0.001823831604937487,0.0018327261730046729,-0.0011728629937494128
2017-07-31,-0.034619599719763694,-0.00012245577382252737,-0.0005671745751884005
2017-08-01,-0.01205677008226358,0.004065898231745413,0.002229010539978038
2017-08-02,0.019776573954314758,-0.0006098146981636798,0.0004848191446649164
2017-08-03,0.0650526513735219,0.0020748969484114532,-0.0019396072284775245
2017-08-04,0.028292383368331286,-0.0015831769456181588,0.0018221719174795759
2017-08-07,-0.004875225943531958,0.00036638537865396614,0.0018590210271181018
2017-08-08,0.02829631263376431,-0.0013414544381736837,-0.0024609202357901427
2017-08-09,-0.004627365110779436,0.0007325337379890939,-4.039964001945062e-05
2017-08-10,-0.02236403470594972,0.0014643520060919624,-0.014115300427956834
2017-08-11,0.006949935317051015,0.0008518771058563246,0.001477132388688851
2017-08-14,0.016570221297372845,-0.000730067639876486,0.009912907769110024
2017-08-15,-0.004040664276399042,-0.0017052109197649434,-0.00012155286763471107
2017-08-16,0.0016007926501722114,0.0014652449677052815,0.0017443823492282462
2017-08-17,-0.030283041893870877,0.0018269455395556466,-0.015590986873543211
2017-08-18,-0.012673311114715258,-0.0004868900841780155,-0.0015631015503786427
2017-08-21,-0.027629053784943403,0.0004871272616113753,0.0007827743309596347
2017-08-22,0.010329693388882788,-0.0012163356426907468,0.010456987125205375
2017-08-23,0.03345540420719151,0.002923235614262998,-0.003585586133010854
2017-08-24,0.00045360154190454693,-0.0014578312368523916,-0.0023307022155345525
2017-08-25,-0.013827155730014362,0.001216751589864229,0.002336147078706663
2017-08-28,-0.006866784012039551,0.0004859433512989231,4.1059890742101146e-05
2017-08-29,0.004918102123601331,0.0010929894545990138,0.0011447741580943305
2017-08-30,0.016754972691134018,-0.00012179681760282612,0.004737477676503454
2017-08-31,0.0077014640323460615,0.0008486606099074034,0.006015987974129056
2017-09-01,-0.001404947921586297,-0.0016516888571738164,0.0014142965104422256
2017-09-04,0.0,0.0,0.0
2017-09-05,-0.016347760005731682,0.004135461821840103,-0.0071819175545121405
2017-09-06,-0.01447411322118497,-0.0016955815278857367,0.0034138810343262715
2017-09-07,0.01764727961577761,0.0031548758298964863,-0.00012158781377469285
2017-09-08,-0.02056417827336232,-0.0010887284240509443,-0.001174713648515846
2017-09-11,0.05908562240162629,-0.00302713593891768,0.010665949932735286
2017-09-12,-0.00258466740618446,-0.0014577113034319744,0.003370729668615846
2017-09-13,0.009593398738436676,-0.001216019884304087,0.0004796657146219907
2017-09-14,0.031155332074128017,0.0006091057036587966,-0.00031964709954990234
2017-09-15,0.005746213391062849,0.00012079953660348863,0.0013461033809072376
2017-09-18,0.013664753291859899,-0.0007294463395707274,0.0021268671105898473
2017-09-19,-0.025714352807659213,-0.0007310453474456136,0.0010012268299284255
2017-09-20,-0.0031724481425279283,-0.0008525417103867339,0.00036003386362137846
2017-09-21,-0.019871143403731972,-0.00024462202455166615,-0.0026793029045227845
2017-09-22,-0.041994069357169206,0.0009762343969297316,0.00020060785783559965
2017-09-25,-0.017374506834339942,0.002193940393089955,-0.002044758695693205
2017-09-26,0.0007536733698372267,-0.00048651446058023406,0.0006025168744516751
2017-09-27,-0.012396827077865047,-0.003042106649086329,0.0038944319481137857
2017-09-28,-0.004017951352455751,0.00024441517849127514,0.0011994972396969228
2017-09-29,0.004416978099188951,0.00012170278943979262,0.0035153278818587097
2017-10-02,0.001260661839917132,-0.0003911823346568477,0.004338787153808976
2017-10-03,0.019354062073632994,0.0004894364971881338,0.0021399459352355876
2017-10-04,0.019733448385671926,0.0,0.0011864423669332158
2017-10-05,0.0009013983077243992,-0.0007333801202468182,0.005925044663667389
2017-10-06,0.004362107763772327,-0.0011009963375359089,-0.0011386831767424832
2017-10-09,-0.03906072378558045,0.0009798346019211923,-0.0016510497364387033
2017-10-10,0.03688687271526536,0.0004892595179570858,0.0026380558858372094
2017-10-11,-0.0027841047196057733,0.0004889015082558679,0.001571147933736805
2017-10-12,0.003045706658163727,0.0008557826933914825,-0.0014899799766479038
2017-10-13,-0.00030928456166490204,0.002076196543601805,0.0012171836910761513
2017-10-16,-0.013977550178338238,-0.0009745847008781894,0.0013337572892990757
2017-10-17,0.014689141609866452,0.0001218975070598205,0.0007051302428449091
2017-10-18,0.010962764159067495,-0.0015855404772990855,0.0009784874250930997
2017-10-19,-0.021798981582458632,0.0004890166411579688,0.0002736542946428777
2017-10-20,-0.019072835359806528,-0.002442346592661515,0.005160508310170453
2017-10-23,-0.023413464914415094,0.0008559691874865383,-0.0038895255256026218
2017-10-24,0.0009494297097303317,-0.001712374524741267,0.0017572158449057351
2017-10-25,-0.034090140970734484,-0.0008569420695025975,-0.004950018575608173
2017-10-26,0.0010127374519863785,-0.0012269794740962237,0.0012926366745460438
2017-10-27,-0.0162492452064249,0.002210250965028804,0.00817606219161493
2017-10-30,-0.002462011664685293,0.002327960229826953,-0.0037251784572548408
2017-10-31,0.03577226121725574,-0.0006114356264028675,0.0015580459775170752
2017-11-01,-0.03152052936995098,0.0006495728079085605,0.0013222113325661589
2017-11-02,-0.06795811899941895,0.0009795417705020792,0.0003880545865251328
2017-11-03,0.022822982448676532,0.0008567049014402972,0.003338943213072154
2017-11-06,-0.010813823575954284,0.0007336053189168634,0.001547595746770991
2017-11-07,0.010799941188298634,0.00036682969419499223,-0.0006951640748336096
2017-11-08,-0.005423931052012332,-0.0007333903590287516,0.001700793038337034
2017-11-09,-0.004599405105758847,-0.000977624176683789,-0.0036277240960634893
2017-11-10,0.0,-0.004036408992276197,-0.00030982791929856646
2017-11-13,0.040958453553772145,0.00012246132263227238,0.0009296371654490265
2017-11-14,-0.021242868646299873,0.0012275571588740153,-0.0023223043329275717
2017-11-15,0.008422362244802972,0.0023311153627560977,-0.005005287798148683
2017-11-16,0.0038547989871628996,-0.001346279624910407,0.008501004263716139
2017-11-17,0.008160004160156609,0.0009808533531032726,-0.0029387476457295447
2017-11-20,-0.02002852395999022,-0.0006128922786367008,0.0017062707387136555
2017-11-21,0.02937742586698744,0.000857768316386176,0.006542805480555858
2017-11-22,-0.016393380639855182,0.0020807394748392216,-0.0008844780616956704
2017-11-23,0.0,0.0,0.0
2017-11-24,0.009436982537875505,-0.00024413840031956013,0.002309920576703428
2017-11-27,0.003993010599430358,-0.00036682969419499223,-0.0004993104696615625
2017-11-28,0.0023357961917807035,0.0,0.010144585230722702
2017-11-29,-0.031522607487023624,-0.0024438236141473,-0.0006085106343596269
2017-11-30,0.004259625415678148,-0.0014697913482683012,0.008754989865320528
2017-12-01,-0.00751174839672486,0.00267976138212056,-0.0020754413862067445
2017-12-04,-0.004338902370729869,0.00012211771080283818,-0.0012102296670015722
2017-12-05,-0.004914735046491203,0.0012261254944125888,-0.0035963387541240177
2017-12-06,0.03147841020585318,0.0011020786757247603,0.0001898251601331058
2017-12-07,-0.006448398065581062,-0.0013453313630980013,0.003153074144970347
2017-12-08,0.01249845338924227,-0.0003673705329750865,0.005452958330577795
2017-12-11,0.04372799282987505,-0.0007350110873650673,0.00301308611501816
2017-12-12,0.036848923969736935,-0.0001225919543398346,0.0017650832727789112
2017-12-13,-0.0058645813181393835,0.0028203163805660125,-0.00011255784711228234
2017-12-14,-0.003362543847205468,0.0003664317751095325,-0.004086348883395541
2017-12-15,0.016455137466531822,0.00012304477304980743,0.008327440232642758
2017-12-18,-0.013335307046188238,-0.0015889850539675399,0.0063413082280210364
2017-12-19,-0.02292913127888241,-0.00306003919776332,-0.0038404639705418298
2017-12-20,-0.006402953688585233,-0.0019656664386944467,-0.0005242949763002436
2017-12-21,0.008146410493583334,0.000615428542535934,0.0020600152890595247
2017-12-22,-0.019477747277796942,0.0004921113562750268,-0.00026129351402814915
2017-12-25,0.0,0.0,0.0
2017-12-26,-0.02432353347942262,0.0009981179671096907,-0.0011965510582309102
2017-12-27,-0.01780707079988264,0.003076489843095942,0.0004866609853961812
2017-12-28,0.011936903626468931,-0.0006123692915855905,0.0020573269198542743
2017-12-29,-0.012715657450566908,0.00159522007168178,-0.0037703258650769733
2018-01-01,0.0,0.0,0.0
2018-01-02,0.029484572024129463,-0.0028192908355548774,0.007157144981229546
2018-01-03,-0.010233112708571857,0.0008608421407603206,0.0063253597768690994
2018-01-04,-0.008289977599700404,-0.0004914190043623368,0.0042145846374801454
2018-01-05,0.006229740634655645,-0.0013524222819453202,0.006663678325483424
2018-01-08,0.06263821959024418,0.0001232003023272643,0.0018291293351953009
2018-01-09,-0.00808538113492141,-0.0029532387838043794,0.00226350714849044
2018-01-10,0.003326413914539472,0.00012390707945053592,-0.0015300309828755188
2018-01-11,0.009408646715617364,0.0,0.007296002345235975
2018-01-12,-0.005119110235858537,-0.00012389172838833673,0.006519147444085549
2018-01-15,0.0,0.0,0.0
2018-01-16,0.011421116241414841,0.0007407048563123908,-0.0034179960878177873
2018-01-17,0.02087858455510405,-0.0011100565197533774,0.009531102800928837
2018-01-18,-0.007460532163804823,-0.0019749719796050558,-0.001680428575138504
2018-01-19,0.015816873268893028,-0.0021021240108208827,0.004549507747770631
2018-01-22,0.004399674810198428,-0.0007447268045815969,0.008131112415073805
2018-01-23,0.0034987229726255453,0.0026051961303252824,0.00212221837260107
2018-01-24,-0.019558338950656062,-0.0011137052152073723,-0.00038802564338080714
2018-01-25,-0.02385156263182675,0.0027256315996690983,0.0004235260703588928
2018-01-26,0.015430662178036458,-0.0018526973366910227,0.011577743908951055
2018-01-29,0.019483745784611983,-0.0013618429486759176,-0.0066295410757654105
2018-01-30,-0.010614261699658623,-0.0018591455221833586,-0.010257308459813763
2018-01-31,0.024550343604870628,0.0002480044978507845,0.0004970233211933905
2018-02-01,-0.014281293846785892,-0.0027740045585118445,-0.0011354714181224246
2018-02-02,-0.015747955382294898,-0.002994097344089952,-0.021769849191433877
2018-02-05,-0.03089455173037159,0.004379070627708703,-0.04182255002824187
2018-02-06,0.002521527021648984,-0.003238707190669654,0.01970242894346641
2018-02-07,0.03302687941110416,-0.00224922670803962,-0.005425174464349869
2018-02-08,-0.0862898619278617,-0.0007518141215079321,-0.03750884976301272
2018-02-09,-0.015258637910555595,-0.0025069272262430164,0.015021535984115264
2018-02-12,0.017105860055229627,0.00025065757550679635,0.014684519456958478
2018-02-13,0.025116342037434514,0.0008795301804662703,0.002487215003356358
2018-02-14,-0.004171050736881843,-0.0032633257097454127,0.013496120817462876
2018-02-15,0.036486630791516594,0.001007807203027733,0.01276070662527573
2018-02-16,0.004250554934988271,0.0021383595710857684,0.0002926783366929975
2018-02-19,0.0,0.0,0.0
2018-02-20,-0.002146044443117834,-0.0010039797324046251,-0.006261053334990274
2018-02-21,-0.004391140631703427,-0.0037700834469002187,-0.004974327929667122
2018-02-22,0.03861385365210501,0.0012616121246848966,0.0012958624783951933
2018-02-23,0.016985883239315713,0.0026449923079459037,0.01593943306994383
2018-02-26,0.015253507120131848,0.0005024012652119492,0.011612004748368765
2018-02-27,-0.017990057260484416,-0.0021342993803907806,-0.012486132671450934
2018-02-28,-0.022593189478732012,0.0012583300699642308,-0.010129998305933974
2018-03-01,-0.03535822749677753,0.0017007873596621703,-0.014540684442638119
2018-03-02,0.012661277814635996,-0.0018861793762866563,0.005154874206525051
2018-03-05,-0.0052816914935877035,-0.0006308220742351489,0.011557794853366055
2018-03-06,-0.015449266428910424,0.000378477901358254,0.0025349525422888597
2018-03-07,0.012492436638843696,-0.0002524651967770186,-0.00036639763082713106
2018-03-08,-0.009629843215428147,0.0011352302220257737,0.004839197506137705
2018-03-09,-0.005864531827206032,-0.0012597014697968145,0.017401953719217378
2018-03-12,0.05605653312252623,0.0010088506439753786,-0.0012547538394171998
2018-03-13,-0.010621995702379428,0.0002521852578303285,-0.006462350628053337
2018-03-14,-0.044494497652946774,0.0021401925907305053,-0.005131857075237556
2018-03-15,-0.003153405592199232,0.00012639493705934868,-0.0010899072018279998
2018-03-16,-0.01305288982206032,-0.0008796458445209376,0.0010845579902802882
2018-03-19,-0.024241461624452176,-0.0007553187481343926,-0.01353019825701629
2018-03-20,-0.00959942757640797,-0.0012573388066755564,0.0017005537049210595
2018-03-21,0.019256145072983122,0.0,-0.0019194082418821923
2018-03-22,-0.02347326010471351,0.001638007831583188,-0.024996727018576248
2018-03-23,-0.024458090225057294,0.0002513242693114037,-0.021314897504724928
2018-03-26,0.00875508689287341,-0.0006296322306486024,0.027358944466651325
2018-03-27,-0.08218823758246674,0.0033977573701662322,-0.017011515456407555
2018-03-28,-0.0766530355251378,-0.0001255550088409274,-0.0029549021587609303
2018-03-29,0.032392000767142104,0.0025094280465005614,0.01277757549352243
2018-03-30,0.0,0.0,0.0
2018-04-02,-0.05129071230255955,-0.00012657810364613553,-0.021584488406169666
2018-04-03,0.05960860827013281,-0.0011286524388566255,0.01281677686683902
2018-04-04,0.07255264788199489,0.0,0.010699406023654934
2018-04-05,0.06544916484533281,-0.001380695300444934,0.007891664824722922
2018-04-06,-0.020999583742291605,0.0025140942330874605,-0.022285824080552907
2018-04-09,-0.03220844689083846,0.0010042813689372654,0.00492859586104033
2018-04-10,0.05192293313418306,-0.0017546337414393598,0.015900467673621188
2018-04-11,-0.012372820864378187,0.0007526806205002678,-0.005242593336690082
2018-04-12,-0.022762782382571456,-0.0018809472052618847,0.008227460222462568
2018-04-13,0.021286738456213206,0.0007537124597500888,-0.0029331052432169935
2018-04-16,-0.030398916175858104,0.00012601536352851994,0.00822128051011184
2018-04-17,-0.012087505392479714,0.00037697602677844166,0.010698573952906854
2018-04-18,0.019674020987929586,-0.0032639905923772528,0.000740516494162069
2018-04-19,0.02294182395058919,-0.002392419966211534,-0.005547439472592619
2018-04-20,-0.032791263163394424,-0.0025245830175463224,-0.008479842314843555
2018-04-23,-0.023670076256160577,-0.0005068006820382331,-0.00014991118037066542
2018-04-24,0.0003176334310297513,-0.001771699851218167,-0.013467156066660713
2018-04-25,-0.009772049765610302,-0.0013951367661125813,0.0024714331195219152
2018-04-26,0.017065024181957433,0.0020315663295487063,0.010165747963888139
2018-04-27,0.030124724287798443,0.001520904329106898,0.0009389540216440118
2018-04-30,-0.0006121312704419068,0.000506622588420047,-0.0076904432039014425
2018-05-01,0.02048323157183285,-0.0015469704047008648,0.0017766933842306987
2018-05-02,0.0041011301765416786,0.00012731864981541108,-0.006717378544420227
2018-05-03,-0.055454155423032336,0.0008888720069211153,-0.0022038692577216468
2018-05-04,0.03389002165305066,0.0006338857139704945,0.012946470928699716
2018-05-07,0.029514774071228045,-0.0005067994430719702,0.0033834272782253816
2018-05-08,-0.002642361564227369,-0.0007615241831057107,0.0
2018-05-09,0.016160606885176954,-0.0011420345576769186,0.00966581161947655
2018-05-10,-0.0059638132116135445,0.0020331245590479163,0.009350599162931683
2018-05-11,-0.012982751883414467,0.0010148936322378344,0.0030510853107432734
2018-05-14,-0.030193360898847388,-0.0012668918663228945,0.00047662110975843497
2018-05-15,-0.02668080078854762,-0.0046937612393314065,-0.006886896722349656
2018-05-16,0.008093479277920368,-0.0007649688021980072,0.004204786445288322
2018-05-17,-0.006771859790704271,-0.0008922223230038995,-0.0008443686135491957
2018-05-18,-0.027131554566867888,0.0026804605384336266,-0.0025001745684393173
2018-05-21,0.027707543542699442,0.0,0.007518434809937524
2018-05-22,-0.033322787235185114,0.00025477046592703445,-0.002779893429124658
2018-05-23,0.014763174167753412,0.0030552502441207885,0.0027506898201483665
2018-05-24,-0.004371756014124761,0.0020299825117782166,-0.0020484445352680902
2018-05-25,0.003599112439287566,0.0021530316268623118,-0.002382469448552027
2018-05-28,0.0,0.0,0.0
2018-05-29,0.017608039140968756,0.006950899503480379,-0.011501229766246679
2018-05-30,0.028051857754248344,-0.0030117047680047193,0.013345085647550325
2018-05-31,-0.023961312441811322,-0.00037839741775347324,-0.0061260425629864335
2018-06-01,0.024900736382056587,0.0006199280291301346,0.009817555749008333
2018-06-04,0.016859761047419486,-0.0021491878206354453,0.004751194359969846
2018-06-05,-0.018905466401010762,0.0008868054582806817,0.0007279542643519044
2018-06-06,0.09744783937389845,-0.002784702263827654,0.00836047065963852
2018-06-07,-0.01067291441269691,0.0025386058248315635,-0.00010801348976752223
2018-06-08,0.004966987221204366,-0.001266269518316987,0.002956226405582685
2018-06-11,0.045457353862759176,-0.0008875486799281296,0.0013299926907970328
2018-06-12,0.03212891816285279,-0.00012664659436867343,0.0012923715952226633
2018-06-13,0.005863940944921264,-0.0006345206395799163,-0.003190827052889089
2018-06-14,0.037531198826580514,0.0021583774713913595,0.00251788635787209
2018-06-15,0.001257995940245893,0.00012713318053636513,-0.0012761379380561433
2018-06-18,0.03534633777963303,0.0,-0.0020564551498661876
2018-06-19,-0.04929487816484701,0.0016467349912108187,-0.0038330226342726537
2018-06-20,0.027428816276547474,-0.002276642308226662,0.0017062210861795712
2018-06-21,-0.0406106959223671,0.000506860499192463,-0.00626903106481036
2018-06-22,-0.039941282796361555,0.0006339177460981116,0.0018232051140760763
2018-06-25,-0.0018583828407574554,-0.00012693215346870623,-0.013612463387454699
2018-06-26,0.02699616299368457,0.0016470136851076678,0.0022136735873328206
2018-06-27,0.007309997535504653,0.0024022764271460773,-0.008284044807880475
2018-06-28,0.01576195226568089,-0.0007568745336292704,0.005717527669064859
2018-06-29,-0.019946872439894237,-0.0002521623264800654,0.0014395292049067532
2018-07-02,-0.022977114068266302,-0.0006205634831758511,0.0021377058437641594
2018-07-03,-0.07225349003910242,0.0020267538723801604,-0.003530776278293679
2018-07-04,0.0,0.0,0.0
2018-07-05,-0.005468763302039603,0.001390005087827717,0.00815762184145985
2018-07-06,-0.0008410200885162755,0.0011358943018695555,0.008458127348459854
2018-07-09,0.031110407612896296,-0.0008822316217900195,0.009004456261304306
2018-07-10,0.012432888210448967,-0.000630713331867705,0.003598509839149111
2018-07-11,-0.010884699093960615,0.0005052126911873067,-0.0073146161460004855
2018-07-12,-0.007054158152785206,0.0007568074941910474,0.009065796685707506
2018-07-13,0.006820076610119186,0.0008829925367559444,0.0007875386037505816
2018-07-16,-0.027503397391944295,-0.0013864039136461948,-0.0008941591047690878
2018-07-17,0.040599864560402654,-0.00037848812645446817,0.004045329141350251
2018-07-18,0.0035947868010812734,-0.0005045424091465467,0.002103846138800547
2018-07-19,-0.011177999356501767,0.0018939929684393952,-0.003771165382082664
2018-07-20,-0.020766382110007697,-0.0022688778804744736,-0.0011431997249267134
2018-07-23,-0.03310157507722111,-0.0031577524260945067,0.0018595805235510632
2018-07-24,-0.01903033212777827,0.0015207872296214564,0.005032007180278519
2018-07-25,0.03802573929879505,0.0,0.00852211938418268
2018-07-26,-0.006769469139103035,0.0,-0.0023586030309633577
2018-07-27,-0.030882068378310756,-0.00025354005755751086,-0.006776648141464725
2018-07-30,-0.023588372374675926,-0.0011391172466039823,-0.0052231579189752075
2018-07-31,0.027466588287701876,0.0007606584033992281,0.004929092059442253
2018-08-01,0.009056163722604094,-0.0005460992362301686,-0.0016708020831067705
2018-08-02,0.1618801307070199,0.0005079790406488094,0.005447633078198955
2018-08-03,-0.003919521066382159,0.00215749931269249,0.004285078074309556
2018-08-06,-0.017749896605615545,0.0008866141294128216,0.0036671486803740994
2018-08-07,0.10988623587715551,-0.0017715376623395063,0.0033022030426352877
2018-08-08,-0.024316999264261008,-0.0002536288247179108,-0.00042020355500616
2018-08-09,-0.04830689844604441,0.0019024586385885112,-0.0013659954335900615
2018-08-10,0.008625279557523235,0.0020246729566881783,-0.006700404423710227
2018-08-13,0.0025880310425296926,0.0001265890907351519,-0.003743500728049187
2018-08-14,-0.024606514038646665,-0.0006318489287954199,0.006380869630108865
2018-08-15,-0.02574509095993638,0.00113736512148499,-0.007467364548194078
2018-08-16,-0.0095662528859215,0.0005049611687848454,0.008091413171960049
2018-08-17,-0.08928302310985059,0.0011347828657881642,0.003520594445516334
2018-08-20,0.009623619556435647,0.0012599776068944468,0.002139549736547952
2018-08-21,0.043638852919460236,-0.0005026656293973808,0.0023453774945778605
2018-08-22,-0.0008076457486387856,0.0006291845782173677,-0.0005934289952208571
2018-08-23,-0.004787970396720964,0.0,-0.0013277411333711964
2018-08-24,0.008497354291167936,0.0005034362952902605,0.0060180498305755226
2018-08-27,-0.010996885063753514,-0.0012579574367942437,0.007895511197038907
2018-08-28,-0.02320917226401842,-0.0015109732779766682,0.0004828559515634989
2018-08-29,-0.021964997834462707,-0.0006300969586177096,0.005380636449655141
2018-08-30,-0.006098187840544389,0.0007565691768744998,-0.004048051050565382
2018-08-31,-0.004915032852453649,0.0002528548567148903,3.43688839479217e-05
2018-09-03,0.0,0.0,0.0
2018-09-04,-0.04213355721254075,-0.0015425320901232276,-0.0017222825067684244
2018-09-05,-0.028413192133419196,0.00025359995963447624,-0.0026912209622782512
2018-09-06,0.000748019836589231,0.0015184048841416775,-0.003009873995260426
2018-09-07,-0.06303609176210712,-0.003158781290843571,-0.0019434120668951893
2018-09-10,0.08456157301917577,0.0006336264554132054,0.0017385702285033222
2018-09-11,-0.021225884732538947,-0.002153288846429291,0.003297354048020562
2018-09-12,0.039722289113205855,0.0007621215915805113,0.00024185976996626835
2018-09-13,-0.003717242227533002,0.0006335692108010438,0.00591458520702659
2018-09-14,0.019830074248618157,-0.0016473146759015123,0.00017176703956733874
2018-09-17,-0.001219520705005639,-0.00012714242482436688,-0.005293806745878871
2018-09-18,-0.03350969709584439,-0.002285855633971323,0.005426021487945576
2018-09-19,0.049340296066073375,-0.0015272949643332367,0.001065322577413541
2018-09-20,-0.0023076098021079794,0.0012753649785450794,0.008104270965868743
2018-09-21,0.0025810871734046614,0.0006359682499346153,-0.0009138548452817252
2018-09-24,0.0019391058399589323,-0.0012722699065529364,-0.0033222269031528695
2018-09-25,0.004371346808820453,-0.0007641177661983356,-0.0009277087365181513
2018-09-26,0.028539129305709343,0.002549308049689225,-0.002992320337224741
2018-09-27,-0.006654156583666082,0.0007633582284178875,0.002794306782434308
2018-09-28,-0.13901536785757185,0.0,0.00010320880762115792
2018-10-01,0.17347133498487532,-0.0018720991151403021,0.003474337940972516
2018-10-02,-0.0311554076004682,0.0017863157044673006,-0.0005826478348958108
2018-10-03,-0.0206631011122842,-0.005095310175386336,0.0005486872420674693
2018-10-04,-0.043995894024528526,-0.0025602200114411833,-0.00781593874921116
2018-10-05,-0.07053903829718033,-0.0017967419965593256,-0.00559675531822057
2018-10-08,-0.043481542224090175,-0.00038586930604178615,0.0
2018-10-09,0.04885057241581614,0.001929060779629621,-0.001459212433225221
2018-10-10,-0.02252663592700077,-0.0007695820516041563,-0.03166344153421141
2018-10-11,-0.01810191714594478,0.0028264566172422345,-0.022026171032951347
2018-10-12,0.025968466473239804,-0.00025636361078540393,0.013888187835777943
2018-10-15,0.003130010700919561,-0.00025667092257253277,-0.005616794501278055
2018-10-16,0.06548787831763603,0.0007691231024054002,0.02186555186396788
2018-10-17,-0.017390290644313078,-0.0017929998999797192,0.000178388047623379
2018-10-18,-0.028957302566477883,-0.0006419565403403826,-0.014441438913082139
2018-10-19,-0.014815721435600171,-0.0005133626469616681,-0.0005421681614108387
2018-10-22,0.0036539667315824698,-0.000385280283233036,-0.004489012714349316
2018-10-23,0.12718904700256473,0.0014139858199273547,-0.00509058969746512
2018-10-24,-0.019174515010206283,0.0026947362258622487,-0.030298511102657466
2018-10-25,0.09136917152114976,-0.0011516711868383434,0.017940495813972168
2018-10-26,0.05094321706509364,0.0017942921413638402,-0.01758740513960877
2018-10-29,0.011937184073759655,-0.0008961419842851148,-0.005540210747466023
2018-10-30,-0.01478273485251358,-0.0014074694280071798,0.014818753445298594
2018-10-31,0.022491681222557736,-0.0020519811459883686,0.010680540794233195
2018-11-01,0.020633172207841666,0.0018545397417157883,0.010641893617512332
2018-11-02,0.006186833410645631,-0.0037274122732011694,-0.005922974378141044
2018-11-05,-0.014462615214999586,0.0007734674932271535,0.0055169469349356515
2018-11-06,-0.0009959108490508184,-0.0001285489837993259,0.006328078016873517
2018-11-07,0.020817452625894184,0.0009024438115377009,0.02140885280199445
2018-11-08,0.00930604908804078,-0.0016746895680399554,-0.0018149275529019127
2018-11-09,-0.0025327462564075365,0.0024516731038630724,-0.009768417379127703
2018-11-12,-0.05486289846261738,0.0015452879006425668,-0.018685371760984726
2018-11-13,0.022488583932654294,-0.0005137574368850872,-0.0018707509506994402
2018-11-14,0.015558041777538723,0.0007712438601390481,-0.006836688646225331
2018-11-15,0.012907039788430774,0.00012854225890190918,0.010436566687886284
2018-11-16,0.016846485069498707,0.0021843939676251534,0.0026006322152229977
2018-11-19,-0.0023707949075066903,0.0,-0.01691428447449994
2018-11-20,-0.01691797240752324,-0.0006415895897358137,-0.018506641695108184
2018-11-21,-0.026763395900558984,0.001026261636050796,0.003407678211897691
2018-11-22,0.0,0.0,0.0
2018-11-23,-0.03654747725516738,-0.0001279553992298288,-0.00667900509612207
2018-11-26,0.061903481591741416,-0.0007689754003786797,0.0161447843086715
2018-11-27,-0.00601162087941387,0.0006411351414352673,0.00336455564585747
2018-11-28,0.011485270415007243,0.0005132182162639332,0.02302483977084724
2018-11-29,-0.019260070246266525,0.0007681375531150003,-0.002184476549149772
2018-11-30,0.027288440954263526,0.00038455633783440746,0.0060951305791081545
2018-12-03,0.022854306277042546,0.0015650660132884298,0.013241028559428436
2018-12-04,0.00337530335871139,0.002433726028603367,-0.03240232885036465
2018-12-05,0.0,0.0,0.0
2018-12-06,0.009341156591416766,0.0017891514389067886,-0.0015172662205780174
2018-12-07,-0.014019689883274622,0.0020398537358181645,-0.023235781675723377
2018-12-10,0.020057450635827756,0.001018895163089173,0.0018971407822203634
2018-12-11,0.004409180127082246,0.0001278434509239812,0.00022703193582573888
2018-12-12,-0.00043622097525497505,-0.001017727962567605,0.005035243343604279
2018-12-13,0.027795937737711274,0.0007635066158537818,-0.0003387969865454865
2018-12-14,-0.029406295404663663,0.0008900085625456189,-0.018464777095066665
2018-12-17,-0.04727787408573181,0.0019062994874310402,-0.019618486835014548
2018-12-18,-0.03269048317800338,0.001521947636247356,-0.0010962884647450766
2018-12-19,-0.012046381459097089,0.0017728281311530925,-0.014975903555614622
2018-12-20,-0.052827576903363926,-0.0013900987413477672,-0.016277966760644524
2018-12-21,0.013919750202525005,0.0,-0.02048930945269478
2018-12-24,-0.07624231754928879,0.00022840465992990389,-0.02642325593329342
2018-12-25,0.0,0.0,0.0
2018-12-26,0.10393032040182759,-0.0021570054014149465,0.050524768817396204
2018-12-27,-0.030543696163891743,0.002161668131250183,0.007677572553329348
2018-12-28,0.05611616189772173,0.0024104007206633415,-0.0012899998440591975
2018-12-31,-0.0032048222381534375,0.0025311752631076434,0.008759031509982362
2019-01-01,0.0,0.0,0.0
2019-01-02,-0.06814899980682931,0.0020198985338464315,0.0010402600249519445
2019-01-03,-0.03147171266518323,0.0039057748610384913,-0.023862867705452318
2019-01-04,0.0576973909120706,-0.0030119173494376206,0.0334957014065238
2019-01-07,0.05436123871697496,-0.001511097000839845,0.007884752069957424
2019-01-08,0.0011642764023440666,-0.0012605242214540624,0.00939535326102714
2019-01-09,0.009482625353500751,0.0013882321932887631,0.004673543152038162
2019-01-10,0.019023398389568458,-0.0020156649465571386,0.0035274592375327263
2019-01-11,0.0066383165769237085,0.0020197360577298706,0.00038648423282627853
2019-01-14,-0.03703280470952408,-0.0008817133800624877,-0.006101038800028102
2019-01-15,0.029994027272290946,0.00012569926857186609,0.01146074256177898
2019-01-16,0.004703414429845898,0.00037846656253237576,0.002419792995640657
2019-01-17,0.0036410765019605495,-0.0011346162353461642,0.007586677581708168
2019-01-18,-0.1297111611448507,-0.000757506238442951,0.013310230925786648
2019-01-21,0.0,0.0,0.0
2019-01-22,-0.011050140026936717,0.0017686180916014482,-0.013510567266682094
2019-01-23,-0.03790309945117787,0.0010091074513611797,0.002092284225080565
2019-01-24,0.013630522645296628,0.0021417054438990224,0.0005314635983184601
2019-01-25,0.018970237843449533,-0.001131427806614238,0.008461432832411742
2019-01-28,-0.0022219544588429896,0.00037760904358941083,-0.007600319111645493
2019-01-29,0.0036439960027925267,0.0020128016112770375,-0.0013269281240833042
2019-01-30,0.038021902704256094,0.0010047903149208448,0.01583080043789864
2019-01-31,-0.005667655087972956,0.004640466250391828,0.008782545695450672
2019-02-01,0.01690437546773982,-0.0027778433180498663,0.000481792638208578
2019-02-04,0.002178046704109926,-0.0008790592508189921,0.00703518295125849
2019-02-05,0.027038217137097087,0.00213633455728357,0.0041917207697208525
2019-02-06,-0.012851945460094494,-0.0003762171783852075,-0.0013179535227237915
2019-02-07,-0.030609661584522496,0.0007527175420400933,-0.009533153844990983
2019-02-08,-0.005560810155770368,0.0015034841962844325,0.0012221678729442687
2019-02-11,0.02302159754165345,-0.00037551111721911834,0.0005540372295202989
2019-02-12,-0.003292499161602569,-0.00012510058565995408,0.012859624630697564
2019-02-13,-0.011673755836671518,-0.0015024462502511993,0.0032466507501340836
2019-02-14,-0.014277820308407851,0.001755081998399799,-0.0022179155900086123
2019-02-15,0.013529981687833148,0.00037572207078095943,0.010897119539034161
2019-02-18,0.0,0.0,0.0
2019-02-19,-0.007275592114103446,0.0008757329053166174,0.0017304429937734511
2019-02-20,-0.010077140160173803,-0.0003747857492297779,0.0020154949955808465
2019-02-21,-0.03744719150082565,-0.0020012404189885258,-0.0035555811239741386
2019-02-22,0.011949336815981981,0.0022554716233256222,0.006199762360077132
2019-02-25,0.013776227055194656,-0.0003745993414471238,0.0013614626505857874
2019-02-26,-0.0030458399535449043,0.0013757184067342276,-0.00071570964149692
2019-02-27,0.05667104122280353,-0.001998391217567619,-0.0004293931876701018
2019-02-28,0.016330846005180755,-0.0011267911559330601,-0.0018625159504020994
2019-03-01,-0.07843566043230532,-0.003088171234447823,0.006243634341669191
2019-03-04,-0.03198883658491347,0.0017625968504750844,-0.0036373094921640092
2019-03-05,-0.03090829156245878,0.0007544876209595319,-0.0013604384640398814
2019-03-06,-0.0010848588017886573,0.001256453346054176,-0.006056643560670594
2019-03-07,0.0012669741182240735,0.0028866485727341296,-0.00836561544842973
2019-03-08,0.02729675994497449,0.0012513811848979817,-0.0019999703863471385
2019-03-11,0.023861458586003748,-0.0005002991905508347,0.01450125594054974
2019-03-12,-0.025986510550194186,0.0023756317547278805,0.003771213035238752
2019-03-13,0.019762826693860758,-0.0004988987877665441,0.006619279831727276
2019-03-14,0.0034607328163371864,-0.0008732762930699911,-0.0006398571158654498
2019-03-15,-0.05011042604829263,0.001873091454472231,0.004940494110963645
2019-03-18,-0.021566273770704303,-0.0006234286603074013,0.0036258742898538365
2019-03-19,-0.007495627621330492,-0.000498961136432774,0.0002479437392679529
2019-03-20,0.02291845522943481,0.004368554264650992,-0.003009640192053742
2019-03-21,0.0015350810461096653,0.0002488665349944519,0.011294391490786815
2019-03-22,-0.03463255713040714,0.005466183045706341,-0.01924618757529417
2019-03-25,-0.015536892576059724,0.0012358795043367898,-0.0007520956962377978
2019-03-26,0.028223624718877183,0.0002468018592407528,0.007454033329967524
2019-03-27,0.026365922874079573,0.0018505572233415979,-0.005229229774425748
2019-03-28,0.013790332193247767,0.0004925703965190653,0.003790498413905663
2019-03-29,0.004450491478388496,-0.0007382626326339903,0.006305436066870396
2019-04-01,0.03330240519756256,-0.003951510703083305,0.011859399879693866
2019-04-02,-0.011411640419352831,0.0004963733427596484,0.0004899334919716836
2019-04-03,0.020743017324461155,-0.0013639754429179973,0.001573517182455575
2019-04-04,-0.08234816239503528,0.00099291796879597,0.0026532839431381294
2019-04-05,0.02681314318395822,0.0007431439074288004,0.004840187805357221
2019-04-08,-0.0064009870820075365,-0.0009900460453090565,0.0007624013441305255
2019-04-09,-0.003257712404775681,0.0014876923656244045,-0.005124974482170863
2019-04-10,0.013771070245990558,0.001361759296884646,0.003411280885996959
2019-04-11,-0.027675107337592375,-0.0017306868858786295,-0.0002773888695459803
2019-04-12,-0.00268238221889483,-0.0018582616264430918,0.006765969817531303
2019-04-15,-0.004930856117047799,0.000248229492199048,-0.0006551785125665788
2019-04-16,0.026203202008537207,-0.0017369448021155032,0.000655608052875456
2019-04-17,-0.007791933226055425,0.0,-0.002447342661389351
2019-04-18,0.007484354720840525,0.0013670674884691536,0.0019693071941808693
2019-04-19,0.0,0.0,0.0
2019-04-22,-0.03846152638080802,-0.0009922344314914344,0.0008620336165152676
2019-04-23,0.004376739071872082,0.0017387405846580606,0.008991763263185515
2019-04-24,-0.019855977462206353,0.0026043325230376,-0.0022194006764557628
2019-04-25,-0.0426428039397303,-0.0002475460205857427,-0.0006160859593096202
2019-04-26,-0.05043819414148287,0.0022269721463026304,0.004656867224913874
2019-04-29,0.026920128922461872,-0.0020987818077450315,0.0015675854555152746
2019-04-30,-0.011512753335668258,0.0014845413316435518,0.0005104441001628768
2019-05-01,-0.019607038171323476,6.206054309965126e-05,-0.007516361498689839
2019-05-02,0.043117745928183515,-0.0022285349516250053,-0.002158767721756716
2019-05-03,0.044776827893111326,0.001861375306995816,0.009787103351797555
2019-05-06,0.0012155112018303882,0.0012378081008441733,-0.0041149984241140025
2019-05-07,-0.03242735395158203,0.0014848628455936819,-0.016699456850563954
2019-05-08,-0.008985714919320764,-0.0007412162102623521,-0.0013891480072139029
2019-05-09,-0.011681069548660883,0.0009892504051827178,-0.003025620484261471
2019-05-10,-0.010166102021160528,-0.00012356269697100242,0.005023393908779816
2019-05-13,-0.052229494360313766,0.002099109071515226,-0.0251304481816762
2019-05-14,0.02334699863237777,0.0006165955317147809,0.009043543698783019
2019-05-15,-0.00154966432150061,0.0014780044703015527,0.005857907782105709
2019-05-16,-0.01560679096708617,-0.0014758231970191105,0.009260989840288891
2019-05-17,-0.07576748791335908,0.00024637211638212086,-0.0064652477082578486
2019-05-20,-0.02686823480397693,-0.0012312149029026775,-0.0066119213150515055
2019-05-21,-0.0013634997375607805,-0.0004938012691481086,0.00901580380278344
2019-05-22,-0.06022036210467108,0.001850583945918638,-0.0030716490530409146
2019-05-23,0.014320552722358215,0.0035705632548990174,-0.012218590719259903
2019-05-24,-0.02486063325357668,0.0,0.002268500562380371
2019-05-27,0.0,0.0,0.0
2019-05-28,-0.010124341109633561,0.002085543900369524,-0.009300595438106685
2019-05-29,0.006147333130873456,-0.00024455388369371,-0.006710877644304447
2019-05-30,-0.008637920413351985,0.0026938140983494563,0.002731236981065255
2019-05-31,-0.016257608189742534,0.004397440945772768,-0.013475085593912195
2019-06-03,-0.03343059616543187,0.0028397444353931434,-0.0025432739810687943
2019-06-04,0.08174561896341825,-0.0017014708409957002,0.021707032821960404
2019-06-05,0.01544420373527533,0.0,0.008662054330982105
2019-06-06,0.0476117502048552,-0.00024430139703035536,0.00650244929112187
2019-06-07,-0.007040519976872828,0.00267885493133857,0.010007066561026123
2019-06-10,0.0409780333593881,-0.0020638304536060303,0.0045893913004873
2019-06-11,0.01982334850283829,-0.0007303869779864414,-0.00024271401975106688
2019-06-12,-0.03611234292213106,0.0017046564261202768,-0.0017650154364299286
2019-06-13,0.022221120858935794,0.0017024297917684894,0.004126236936814465
2019-06-14,0.004721603986466594,0.00012138744730383344,-0.001104846167963025
2019-06-17,0.04704074421740101,0.0,0.00038005764869519787
2019-06-18,-0.0012886872369679558,0.002305520697357011,0.010471198687045824
2019-06-19,0.007519764691878983,0.0033905069387041298,0.0022567823635439854
2019-06-20,-0.030075551830091918,0.0015682273130990243,0.009554280375710711
2019-06-21,0.010199478262568729,-0.0027709484067046652,-0.0014535453019335343
2019-06-24,0.008023076459826362,0.001813011357703731,-0.0012242008672900262
2019-06-25,-0.01734926938308201,0.0003615001755667979,-0.009808129932360243
2019-06-26,-0.002229738728571129,-0.002290790937970688,-0.0009975586581719709
2019-06-27,0.016281291255971775,0.0028996044623217365,0.0035461600377615365
2019-06-28,0.002782256239630465,0.000844358605402995,0.005145717079215517
2019-07-01,0.016602537125377292,-7.299287128914589e-05,0.009078529851216377
2019-07-02,-0.011533195712382427,0.001930780124860254,0.00260431887998136
2019-07-03,0.0460921555160565,0.0018065557114637087,0.007995457739785383
2019-07-04,0.0,0.0,0.0
2019-07-05,-0.0076628280158580475,-0.00468906247574874,-0.0011379223044248876
2019-07-08,-0.011840412851381266,-0.00012051891300401962,-0.005494902241567345
2019-07-09,-0.0012156304463569745,-0.001328318607533574,0.0012467777133642333
2019-07-10,0.038511763106394925,0.0008468641597316751,0.004777831891770612
2019-07-11,-0.0013393830898483783,-0.0032635529059574786,0.002344060156742156
2019-07-12,0.027158434061185455,0.0008491417116209821,0.0044770987474525015
2019-07-15,0.034356089485530594,0.0014531756138205232,0.00033268942553088543
2019-07-16,-0.004418164415035952,-0.0013304700968311822,-0.0032253993153237293
2019-07-17,0.009826533897421275,0.0030280982990837924,-0.006804990850003634
2019-07-18,-0.00517938756868408,0.001812242661430652,0.0036606844321314114
2019-07-19,0.01830088813133579,-0.0010851340525760422,-0.00555459359940258
2019-07-22,-0.009683129904604848,0.0010863128476388262,0.00245633752844987
2019-07-23,0.017561027246856264,-0.0008441166746450124,0.007150064104879172
2019-07-24,0.018103499372800647,0.0009648839863860559,0.00469977418896117
2019-07-25,-0.13613708110635003,-0.001084670432148549,-0.004777279103541865
2019-07-26,-0.003408795800965758,0.0,0.0066998089531242755
2019-07-29,0.03389755018959728,0.0006039043131587096,-0.0018207173927103915
2019-07-30,0.02752683338998274,-0.000241326964673938,-0.002455063187234763
2019-07-31,-0.002683168467668695,0.0012055912380504186,-0.010940419963205827
2019-08-01,-0.032117800120570084,0.007161397139618719,-0.00870796360142434
2019-08-02,0.002095391899579857,0.0009591757376525845,-0.007529649756285006
2019-08-05,-0.025689260005491543,0.0043126506402519915,-0.03007284251250708
2019-08-06,0.010643000906475075,0.0025044711333448433,0.01402289136888002
2019-08-07,0.011570931609834023,0.0,0.0005906490995288838
2019-08-08,0.020906599400388748,0.0008331030104342663,0.019620250947738116
2019-08-09,-0.013806206102418894,-0.0017830472379009032,-0.006811837154392819
2019-08-12,-0.025530805242072074,0.004406141623460869,-0.012173018383984435
2019-08-13,0.02615610421639536,-0.0015414658794001834,0.015551394905712002
2019-08-14,-0.06544687260065951,0.0035626115125590996,-0.029567359187399833
2019-08-15,-0.018122136062087457,0.004851331293792116,0.0026417336840645067
2019-08-16,0.01994065540164347,-0.0010590134285070052,0.014754943167584189
2019-08-19,0.03132666502806747,-0.0031833366339446556,0.012047880042424186
2019-08-20,-0.00427633574634001,0.0026022824970335368,-0.007662616243182319
2019-08-21,-0.022270402776456533,-0.000472377884945141,0.008135661424081508
2019-08-22,0.00597746887764683,-0.0018880160056855555,-0.0003081032771382608
2019-08-23,-0.048390759958635954,0.0036651544482704246,-0.02568728781184082
2019-08-26,0.017029312154725806,-0.0005890301453381763,0.011058347210856745
2019-08-27,-0.004279025860254748,0.0034180630535036727,-0.00392364111093324
2019-08-28,0.007053461155446694,0.0003523137122334319,0.007041618824592755
2019-08-29,0.028387214669075345,-0.0005868386734896314,0.012772890761065359
2019-08-30,0.01759049641281729,-0.00011728531517596341,-0.00044402330157067293
2019-09-02,0.0,0.0,0.0
2019-09-03,-0.0026594540634046204,0.0009179598393922461,-0.005847524286700656
2019-09-04,-0.01924359313509616,0.001882948702204068,0.011350540120298014
2019-09-05,0.04032988367532808,-0.005167757248336069,0.012855615897783501
2019-09-06,-0.009277824735237306,0.001180665179935314,0.0007717227943726535
2019-09-09,0.019081180789296548,-0.004598352330143607,0.0005036695683975356
2019-09-10,0.016178436782244843,-0.005093483101447416,-0.00023519054944387552
2019-09-11,0.04907867630625118,-0.0005953382837382559,0.007111169352446822
2019-09-12,-0.004977786258313466,-0.0019063923307734987,0.003463684335764272
2019-09-13,-0.0027249944407460314,-0.005728785966117922,-0.0006635192835152681
2019-09-16,-0.009747197346762881,0.00264054676873271,-0.0030887643725361347
2019-09-17,0.008154522822672039,0.0022748410732738034,0.0025316710910985307
2019-09-18,-0.005310523689140867,0.0007171905868186279,0.0005985272899171612
2019-09-19,0.012772552981913154,0.0014320381833015094,-6.677342225736016e-05
2019-09-20,-0.024249895148037104,0.003576398505535261,-0.004724702601132447
2019-09-23,0.002535231296753704,0.0007127743068904291,-0.0002344954997620663
2019-09-24,-0.0747005313345035,0.00344169585049392,-0.007847004840606076
2019-09-25,0.02459568391983602,-0.004731288812541146,0.005915229484775075
2019-09-26,0.060603458159791845,0.0016642376986168994,-0.002083765787918912
2019-09-27,-0.0017728055869207227,0.0010676382952119479,-0.0053868932153158244
2019-09-30,-0.005203793381044264,0.0007109272366951913,0.004637748412571474
2019-10-01,0.015859214917846032,0.0009736502304795724,-0.011895057001118592
2019-10-02,-0.006375418940066435,0.00225323889513529,-0.017664267864789363
2019-10-03,-0.041541666813759925,0.0033124357120972725,0.00819262551010036
2019-10-04,-0.006866001099940178,0.001650965891740297,0.013532088207596882
2019-10-07,0.027178790132110553,-0.0025904531432739963,-0.004314566311500623
2019-10-08,0.009801398882838708,0.00047259806977595353,-0.015524973582263346
2019-10-09,0.018662857531057897,-0.0011798023288046577,0.009496467865603542
2019-10-10,0.0008587865860343324,-0.003071087717293697,0.0067633052286324435
2019-10-11,0.012870745566869735,-0.003672911404714374,0.010367316157035456
2019-10-14,0.036588871936986234,0.0016650141795810924,-0.0011139736712740822
2019-10-15,0.0036192563678525413,-0.0026121793460134324,0.009900453798598496
2019-10-16,0.007212409177860479,0.001071050804094975,-0.0016061485120787422
2019-10-17,0.008546610329575488,0.0,0.0029490809959291653
2019-10-18,-0.019162530722660276,0.00047629991319197984,-0.004377234800671648
2019-10-21,-0.01342671065408474,-0.0023770998032456303,0.006779365569987927
2019-10-22,0.00820521085401027,0.0017868273698216086,-0.003266677435851184
2019-10-23,-0.0035214826899614415,0.0004755938441642904,0.002909486593976718
2019-10-24,0.1766923235319593,0.00011922301868771967,0.0016341610754058156
2019-10-25,0.09493463935290936,-0.0016643508949859553,0.004094725869183691
2019-10-28,-0.0012799748887760698,-0.002142792882438127,0.005636623795835627
2019-10-29,-0.03506152059118439,0.00023878150399569975,-0.0002970400161010911
2019-10-30,-0.0038263988223681267,0.003220431758115705,0.003067750103200151
2019-10-31,-0.0002857299073112385,0.0047555695825636235,-0.002663445077352722
2019-11-01,-0.005112447684490151,-0.0008893390200448437,0.009263818579029248
2019-11-04,0.013277626893232641,-0.0028485265598495735,0.004017660126198974
2019-11-05,-0.0007874639488315571,-0.0034521058661756143,-0.0011059011700863541
2019-11-06,0.029506271080336877,0.002150056098625175,0.00022748557695662086
2019-11-07,0.027435877533706687,-0.005125031932723623,0.003516996783560211
2019-11-08,0.004768428440276917,-0.0009587830594552926,0.0024659643062852066
2019-11-11,0.02358073903734903,0.0006001981223751063,-0.0019097034906117027
2019-11-12,0.014025304743831235,0.0005986331665777112,0.0021081771420154993
2019-11-13,-0.010916495379750035,0.0017967955886386555,0.00032351099650385073
2019-11-14,0.009361251460125342,0.0028694106703872624,0.001455815890285761
2019-11-15,0.008072121852793046,-0.00035784077741674025,0.007236388026860663
2019-11-18,-0.006190230846208622,0.001431548481346523,0.0007375137082985539
2019-11-19,0.02722937893509192,0.0010711741389979323,-0.00028841694385728367
2019-11-20,-0.020304890883314552,0.0027365576175422124,-0.003718744431029708
2019-11-21,0.00741013246629163,-0.0016606803378483859,-0.0016087731605075595
2019-11-22,-0.06140963459164972,0.0005937996541471868,0.002223919506582739
2019-11-25,0.009908688492819007,0.0009507965241162264,0.007750195148605199
2019-11-26,-0.022061027047189374,0.0016604426726500865,0.0022659969420040227
2019-11-27,0.0072054427979364455,-0.0015397864047103083,0.00445728213303398
2019-11-28,0.0,0.0,0.0
2019-11-29,-0.0040749864522633406,0.0,-0.003708827841944262
2019-12-02,0.014942111414791182,-0.002615666412639883,-0.008494595674324756
2019-12-03,0.003971701615311352,0.005363882286609556,-0.00670675347835048
2019-12-04,-0.009428951066637326,-0.0020150661720090834,0.006170276806194197
2019-12-05,-0.007987205077007897,-0.001069814237208755,0.0017978685179167453
2019-12-06,0.016708539482365836,-0.0013079748063529184,0.009134204297444715
2019-12-09,0.010836776557687555,0.00023797695044969203,-0.003144082209337151
2019-12-10,0.027420335973247223,-0.0007143039418653352,-0.001115057563327304
2019-12-11,0.011065180701923305,0.0033360909511848114,0.0028386826821569233
2019-12-12,0.019790216517877823,-0.004750415543577136,0.008619030669852368
2019-12-13,-0.0035864603168681564,0.0045343318360000495,0.0005989869143099291
2019-12-16,0.06448273954410277,-0.002731588373952598,0.006870198897325652
2019-12-17,-0.006579228102730705,0.00011905695593528165,0.00021881638665544045
2019-12-18,0.03736239645598238,-0.0013103395391262929,6.272969908804882e-05
2019-12-19,0.02769941872802484,0.0007161726688498238,0.00409916534940824
2019-12-20,0.003836223506470837,0.00023833601683231898,0.00438393308755658
2019-12-23,0.0336053629419828,-0.0006330208720867203,0.0015277208705588574
2019-12-24,0.014383871042812801,0.0009555689261031564,3.120658875799265e-05
2019-12-25,0.0,0.0,0.0
2019-12-26,0.013380370052541224,0.0009551997832824011,0.005323512031267796
2019-12-27,-0.0012995234173469594,0.0014301301810206724,-0.00024811672087043934
2019-12-30,-0.03643287242176041,-0.000356832325866252,-0.005513044678385759
2019-12-31,0.008753267375039453,-0.0010716378986921349,0.0024295740901854046
2020-01-01,0.0,0.0,0.0
2020-01-02,0.0285181750157113,0.0013110883107285698,0.009351635139301928
2020-01-03,0.02963325829792085,0.003573082432214658,-0.007572219374679667
2020-01-06,0.01925463704513497,-0.0011864630259699194,0.003814946039890188
2020-01-07,0.03880052465815398,-0.0008320620673325507,-0.002811670552556489
2020-01-08,0.04920482578812169,-0.0015459420832767412,0.005329519659072579
2020-01-09,-0.021945011900097344,0.0011914609723921998,0.006780677716728523
2020-01-10,-0.006627297633174267,0.001665237655197327,-0.0028777230732401904
2020-01-13,0.09768895885093332,-0.0005938162065897146,0.0068772460505246436
2020-01-14,0.024882822120200876,0.0014263300681969238,-0.0015247549526355986
2020-01-15,-0.03610201351305786,0.0015416673999970598,0.0022601647663471613
2020-01-16,-0.009662477636014799,-0.0005920860348875845,0.008318271134196698
2020-01-17,-0.005822894156913949,-0.00011844421261408833,0.00311271406324809
2020-01-20,0.0,0.0,0.0
2020-01-21,0.07189030619278935,0.002489457162403008,-0.0019583458238074947
2020-01-22,0.04086264444061727,0.0008279018751713441,0.00012072686215902628
2020-01-23,0.004635122144013071,0.0017725003728552569,0.0011469175096843198
2020-01-24,-0.012897603180825445,0.0015330052860882404,-0.008893160793712274
2020-01-27,-0.012039272835579595,0.003297314659481909,-0.01602930519587209
2020-01-28,0.015913383222044608,-0.0017605293402507272,0.010479250119133754
2020-01-29,0.024854513769903885,0.0028223926870118987,-0.0008262309899378373
2020-01-30,0.10296225866535558,0.00023443961728619733,0.0032454598484208397
2020-01-31,0.015230690473505337,0.002579191506249634,-0.018157958578068456
2020-02-03,0.19894859376394902,-0.0009024590812858335,0.007428436448900122
2020-02-04,0.13725640223576474,-0.003049788719456159,0.0152415448563048
2020-02-05,-0.1717583947927872,-0.0016468067013227783,0.011547932883275935
2020-02-06,0.01940931694254422,0.0009432725618971904,0.003364809659788248
2020-02-07,-0.001188323805631053,0.003060635411388235,-0.0053295840375727765
2020-02-10,0.031026496329857656,0.0015257015429355203,0.007465587820555619
2020-02-11,0.004019260937028868,-0.001640756659335163,0.0017328101137044083
2020-02-12,-0.009155657933695438,-0.0011739103462081735,0.006442643309526819
2020-02-13,0.047843652551780025,0.0009406162114040661,-0.001066933126881886
2020-02-14,-0.004937755668348531,0.0010563725288981196,0.0016021090335236465
2020-02-17,0.0,0.0,0.0
2020-02-18,0.0729597130158357,0.0015251606238033677,-0.0025767345756230187
2020-02-19,0.06875580895325561,-0.00011708412669975132,0.004780970036181831
2020-02-20,-0.019631105097986157,0.002459160932843263,-0.004108088719991132
2020-02-21,0.0017678087791648256,0.0024538709604864373,-0.01029845322069678
2020-02-24,-0.07459490327646512,0.0031465887436770146,-0.0331655071694954
2020-02-25,-0.040633739641448896,0.0008133249830983846,-0.03030202556811845
2020-02-26,-0.026390470576789893,-0.0005804291232894832,-0.003677967717522157
2020-02-27,-0.1281458395846271,0.0011619543489906903,-0.044911892144318455
2020-02-28,-0.016215047800994142,0.006612481885289068,-0.004201623762194462
2020-03-02,0.11322034293215233,-0.0006582336563063507,0.043306501545203435
2020-03-03,0.0025416095259802596,0.006010534695549463,-0.02863239073276025
2020-03-04,0.0053520173720666975,-0.00023018163215127174,0.04203296017658631
2020-03-05,-0.033302230445070524,0.0037915300939359575,-0.03324182462474867
2020-03-06,-0.029066704869448956,0.006868397198323883,-0.016530677320315434
2020-03-09,-0.13572525720249962,-0.002160342811208915,-0.07809452828391017
2020-03-10,0.061398023823663106,-0.013444229000219798,0.0517447233194297
2020-03-11,-0.017200452670558586,-0.018939698010182027,-0.0487485021076145
2020-03-12,-0.11617242301113506,-0.05438507403136217,-0.09567708350086856
2020-03-13,-0.0248505535904755,0.042201102692606574,0.08548619665715784
2020-03-16,-0.18577806455584012,0.010511141634770294,-0.10942381690663683
2020-03-17,-0.03341046380880208,-0.020685028958954854,0.05399218557997898
2020-03-18,-0.1603440409986845,-0.024140965905535938,-0.05063295641618404
2020-03-19,0.1838768421567878,-0.0006173977715168144,0.0021250734312119324
2020-03-20,-0.0002571736151377735,0.01695471873718213,-0.04309412675824842
2020-03-23,0.015811747064244486,0.022149290854763803,-0.025568295279124964
2020-03-24,0.16281749323562988,0.0010712360076001737,0.09060318617208796
2020-03-25,0.06782176450892674,0.013440468769990721,0.014970261476110025
2020-03-26,-0.020565621439638027,0.004576692138112515,0.05838997434477289
2020-03-27,-0.026128393930185068,0.005373377420846648,-0.029785680627915534
2020-03-30,-0.02377714859552571,0.0010461015499867443,0.03247557905436027
2020-03-31,0.04355446239344318,-0.009286309990675479,-0.014905475765600307
2020-04-01,-0.08099239055277141,0.005166881205691309,-0.04500478897335758
2020-04-02,-0.05625466454987249,0.004672885349306544,0.02307535765368529
2020-04-03,0.05619734693587186,-0.0004652623070028339,-0.014454204162897555
2020-04-06,0.0754775752334993,0.0031408515938680104,0.0671661382742097
2020-04-07,0.05658223700690801,0.0009282526357206056,0.001019460310424547
2020-04-08,0.006214994497730331,0.0025482320729834917,0.03356865495297101
2020-04-09,0.04402015748241661,0.010979299373041318,0.015217185254168708
2020-04-10,0.0,0.0,0.0
2020-04-13,0.13603839302984921,-0.003200496318287005,-0.009130232829922313
2020-04-14,0.09054457315006381,0.0,0.02949318906599352
2020-04-15,0.028088878270565276,0.004930691989214697,-0.021248228886489473
2020-04-16,0.021073401625000487,0.000570837567922311,0.004824271043145423
2020-04-17,0.011647723586206471,-0.0013686304053346365,0.0270154178084816
2020-04-20,-0.009988248360573104,-0.0015988377496725104,-0.017617683289893993
2020-04-21,-0.07990777996173748,0.0012579901822564743,-0.030363120547029387
2020-04-22,0.06609682849410836,-0.000799589750540397,0.02219411197754506
2020-04-23,-0.03616946277907396,0.0016010795448906379,-7.200536849250039e-05
2020-04-24,0.02766324531628772,-0.00034239257781254473,0.013939084054229722
2020-04-27,0.10149622245552825,-0.0035402322066029335,0.01441846713226691
2020-04-28,-0.037095477323576875,0.002979863023294671,-0.0045981285688235785
2020-04-29,0.040812876924676944,0.0006851010614468134,0.026177892172158934
2020-04-30,-0.023272674923369818,-0.0007996493725926923,-0.009310641486441562
2020-05-01,-0.1030337133662409,-0.00041145927514141256,-0.02647336962610869
2020-05-04,0.08536758793631605,0.0010310356833036494,0.002758453874953881
2020-05-05,0.009222447764407393,-0.0009157616962534032,0.009239060635567897
2020-05-06,0.018705825945557253,-0.004467034919524493,-0.006778865331061534
2020-05-07,-0.003245695176505081,0.003222083512949281,0.01206677557153224
2020-05-08,0.05048456274844226,-0.0028676279586740128,0.016546642369485998
2020-05-11,-0.0099216488475673,-0.003105039854256031,0.00020503010976402614
2020-05-12,-0.002317270311292141,0.003230066973004986,-0.0199317234619103
2020-05-13,-0.02279437261341355,0.0011499478678538289,-0.017685483861653806
2020-05-14,0.01563919280204029,0.0027570779824550584,0.011967165951104919
2020-05-15,-0.005178425650618879,0.0005721658820017073,0.004597184342224114
2020-05-18,0.018093785504579962,-0.0018314335236742085,0.030459150524460243
2020-05-19,-0.006907343337870575,0.00126190592507891,-0.010271074574575878
2020-05-20,0.00934395713390801,0.002634237248608784,0.016988199215503652
2020-05-21,0.01476284478490908,0.0010285330279626859,-0.006904080787969891
2020-05-22,-0.012953077701596039,0.0003419427725812607,0.0018992774414769986
2020-05-25,0.0,0.0,0.0
2020-05-26,0.0024360442933191173,-0.0005698814121568585,0.012320219699508916
2020-05-27,0.0016608447192643094,0.00045595905310502616,0.014879004582992073
2020-05-28,-0.017580381620416863,0.0003424827507523265,-0.0018448248479898677
2020-05-29,0.03622440280883765,0.002851227266045697,0.004455739028805361
2020-06-01,0.07556883131087,-0.0008084198010297472,0.004042029798940749
2020-06-02,-0.018416628784101885,0.0007982875904237741,0.008280146696945767
2020-06-03,0.0015880436011630472,-0.0022793249847726793,0.013308203401138252
2020-06-04,-0.021042854169221026,-0.002398316404928602,-0.002626556966251359
2020-06-05,0.024618805538279664,-0.00011467653379859666,0.025629211633646953
2020-06-08,0.0725560681818036,0.0010305569628190625,0.012087814904887084
2020-06-09,-0.009737634144336038,0.0006860902642977784,-0.007456829207029281
2020-06-10,0.08970205725269786,0.004229756684742236,-0.0055799637759051945
2020-06-11,-0.0509341048991272,-0.0018211998613825164,-0.057649008320233563
2020-06-12,-0.03860863311078977,0.0010264288216859097,0.011975839501547014
2020-06-15,0.059468762792361796,0.0020504448633189565,0.0093355172582672
2020-06-16,-0.008850490655781473,-0.0012506050530259882,0.019247739517936457
2020-06-17,0.009835722116904755,0.00022730395162340322,-0.004153974437178021
2020-06-18,0.012270733625858066,0.001138106560928609,0.0003849844179044659
2020-06-19,-0.0030478518902198326,0.00034136122652506096,-0.005714988395445153
2020-06-22,-0.0065740925163715325,-0.00034124473880248196,0.006415239105884485
2020-06-23,0.0075025599927995845,-0.0004543974575038634,0.004603936161666766
2020-06-24,-0.040857298187609414,0.00011370222432272037,-0.025508985514900995
2020-06-25,0.02615401198303724,0.0010235109467429115,0.010720486548660979
2020-06-26,-0.026613159231048233,0.0018175781415867842,-0.023751294905566156
2020-06-29,0.05169110801188981,0.0006800998732638952,0.0146974797587629
2020-06-30,0.0698073149894527,0.0010209363914679415,0.012809583336130359
2020-07-01,0.03687680726581788,0.0002485758632020385,0.007004729183681224
2020-07-02,0.0795173412803385,0.0015877175734220206,0.005507097667811323
2020-07-03,0.0,0.0,0.0
2020-07-06,0.1347939370342961,-0.0003400202628058846,0.015437361467934396
2020-07-07,0.013327688522591696,0.0015859435193164018,-0.010313663243715743
2020-07-08,-0.01725350030984496,-0.0005658600289770721,0.007648404908484618
2020-07-09,0.020792456491456113,0.002714553846889345,-0.00569291950564621
2020-07-10,0.10784776505418647,-0.0011279767235750082,0.010210741835039672
2020-07-13,-0.030809585105470272,0.00045186266421270993,-0.008659124754584746
2020-07-14,0.013185863099901995,0.0012415028558523389,0.012959017780264537
2020-07-15,0.019257581163604875,0.00011292668979745457,0.009187353146586696
2020-07-16,-0.029346504366899673,0.0006761659656508989,-0.00329344944918164
2020-07-17,0.00013330494375263235,0.0010145258712199734,0.00289875325865685
2020-07-20,0.09472028755869433,0.0010126881487153572,0.008081676396877846
2020-07-21,-0.045429074387502544,0.0005620353605153561,0.0021275845354800094
2020-07-22,0.015283476518254346,0.0013486323136706613,0.005692007639108043
2020-07-23,-0.04977615338574293,0.000898045457182528,-0.011931731544208901
2020-07-24,-0.06349339370613127,-0.0002246879317481243,-0.0064401499224605585
2020-07-27,0.08652080631985237,-0.0006727029116280203,0.007292105398325477
2020-07-28,-0.040991122577997974,0.0004488713896195762,-0.006342266598745483
2020-07-29,0.015320072049045619,0.0015703954044252733,0.012299020783110848
2020-07-30,-0.007751257440881121,0.0005602350328941519,-0.0035682388418523114
2020-07-31,-0.03813804798718812,0.0013427445202880417,0.00790237216668599
2020-08-03,0.03790989277703116,-0.00034661738515828766,0.006951926884986914
2020-08-04,0.0013467807962437295,0.002127776363616718,0.003862764728563839
2020-08-05,-0.001331501252462397,-0.0013408681173041614,0.006211031249304
2020-08-06,0.003070674289896047,0.001566781381811433,0.006684544259349279
2020-08-07,-0.024751944680411975,-0.0011176081200352517,0.0007177696294711211
2020-08-10,-0.02350091468597615,-0.0011188585654532401,0.0029888244213438497
2020-08-11,-0.031144060652225414,-0.0034722159396243235,-0.008254498511121588
2020-08-12,0.1312363947417745,-0.00258524374463609,0.013942295025590967
2020-08-13,0.042604650478076156,-0.0032672113906805356,-0.0018078755854935569
2020-08-14,0.01832819678811437,-0.0011309263926826407,2.984820475271377e-05
2020-08-17,0.11203058154519474,0.0012448586727338284,0.0031764392154560728
2020-08-18,0.028028374195693928,0.0013567357827826143,0.0021606390083281912
2020-08-19,-0.004536059116861502,-0.0016935966020268367,-0.004163907487022445
2020-08-20,0.06563643667445929,0.001696469737409556,0.0031137267306231564
2020-08-21,0.024052926729070556,0.0021448576253235707,0.00354733184693079
2020-08-24,-0.017453806448256226,-0.0011266479020075604,0.010132865445517059
2020-08-25,0.004537751185374361,-0.0019173807671850618,0.0034996228535648655
2020-08-26,0.06416619165356252,-0.0005642314764702228,0.010025836417125289
2020-08-27,0.039746079206424145,-0.003618436839749717,0.0021863218930078254
2020-08-28,-0.011323299439907841,0.0007942993744891602,0.006459204224071202
2020-08-31,0.1256890549105465,0.0029478696856612974,-0.0036223019844291438
2020-09-01,-0.04669690804684601,0.0027522267490711627,0.009418535116193949
2020-09-02,-0.05826756524083643,0.0021452114828659496,0.014463878632692051
2020-09-03,-0.09023849203316048,0.00011256853429819635,-0.03441431425806307
2020-09-04,0.027813247275265907,-0.005859163642295662,-0.008164492360461906
2020-09-07,0.0,0.0,0.0
2020-09-08,-0.21062824320390794,0.0014733731716110032,-0.02732295489432912
2020-09-09,0.10923349433825735,-0.0006784173843568109,0.01974713888328039
2020-09-10,0.013814582587770685,0.00022575152174275637,-0.017363512119709323
2020-09-11,0.003716263443279244,0.0010198622587462847,0.0005089255973482754
2020-09-14,0.12583177074233998,0.0,0.013171359902478086
2020-09-15,0.07182685140266343,0.000565145910398579,0.005052484363769594
2020-09-16,-0.01778729846250804,-0.0002261534916813135,-0.003968720790085145
2020-09-17,-0.04149312452942333,0.0,-0.008795434305092997
2020-09-18,0.04421041843491591,-0.0011304154385635146,-0.01151238043189784
2020-09-21,0.016374511668703073,0.0005654924078892787,-0.011129332768280986
2020-09-22,-0.055986946823462835,0.00033954965984728247,0.010184095528047
2020-09-23,-0.10341090738483938,-0.002261950345508801,-0.02319106538985638
2020-09-24,0.0195341463945935,0.00011323205411573056,0.0026655956117955792
2020-09-25,0.05041385121376596,-0.00011321923406937273,0.01616682060883967
2020-09-28,0.034025594039789775,0.000907278180690918,0.016609233819552482
2020-09-29,-0.005056919415549199,0.0006788779469577566,-0.005446089072415172
2020-09-30,0.02371912031427703,-0.0015842582021483587,0.007582312277786496
2020-10-01,0.04463774876849502,0.0010217288757479182,0.006420175784995319
2020-10-02,-0.0737906918190171,-0.0006801191750592794,-0.009494650863192122
2020-10-05,0.025512531789757986,-0.0037458407746615574,0.017732823272856635
2020-10-06,-0.02748539351192436,0.0013669952822104037,-0.014215660079603731
2020-10-07,0.027344297266189477,-0.0013651291570930812,0.017406620224702296
2020-10-08,0.0014577830589765917,0.0017085657768782792,0.008862336927585757
2020-10-09,0.01897077543397918,0.0002277660786422775,0.008930413257237202
2020-10-12,0.01912439516394837,0.0014781591660311122,0.016087413755730307
2020-10-13,0.009834932884270176,0.0007951632948561826,-0.006525920112162464
2020-10-14,0.032799718116372834,0.000567334059607516,-0.006283632427335428
2020-10-15,-0.02692390743031925,-0.0005670123741754463,-0.0012358736070353649
2020-10-16,-0.02051768046956881,-0.0007945315125607033,-0.000604198779981413
2020-10-19,-0.020106014344170586,-0.0009082938070489321,-0.015203533414572146
2020-10-20,-0.020634587544658856,-0.0017051073938132433,0.004005836969759757
2020-10-21,0.0016590325709362475,-0.0011377295199268556,-0.0018930509854975242
2020-10-22,0.007453064711647084,-0.0017099652288381506,0.005485402355920099
2020-10-23,-0.012118551755604834,0.0012556459137746945,0.003395310759347181
2020-10-26,-0.0008320996760948773,0.00148230670378946,-0.01848008318363703
2020-10-27,0.010469159823756513,0.002391397810919793,-0.0034474355798143064
2020-10-28,-0.043938975190562446,-0.0013634125929707919,-0.034178922677344126
2020-10-29,0.011846701366300838,-0.0021607768094865643,0.010163511504180045
2020-10-30,-0.05547305218949494,-0.0017095489661556051,-0.010424713421120835
2020-11-02,0.03213582666134873,0.001383645088345986,0.011208179965515264
2020-11-03,0.05840061701119437,-0.0002284362316180566,0.01765606717325552
2020-11-04,-0.006888484603579825,0.006854754803357066,0.022349392652147637
2020-11-05,0.040643300543862226,0.001021299168321388,0.01950246247653653
2020-11-06,-0.01858065570474754,-0.0022669120708538326,-0.00022825870945242244
2020-11-09,-0.02021165833954497,-0.004658037785479907,0.012565627641455412
2020-11-10,-0.02587474253102262,-0.0019401739940048124,-0.0014663912043937355
2020-11-11,0.0164977197153513,0.0006860684103839887,0.007428502804988968
2020-11-12,-0.012873745767280065,0.0033139109465385452,-0.009700954658551475
2020-11-13,-0.007917146283160204,0.0003418193208768461,0.01384434527652112
2020-11-16,-0.0010037182511209997,0.0005695380895627267,0.012482668436030186
2020-11-17,0.08213879250177958,0.0017070320473928646,-0.005378387367585669
2020-11-18,0.10196775866118779,0.0011358791646916,-0.01203472944619377
2020-11-19,0.025953518324515645,0.0020430327708982343,0.004210311942195233
2020-11-20,-0.019348255020757876,0.0009053767996436424,-0.006847976930966615
2020-11-23,0.06584827501609536,-0.0007918164287058493,0.005994315310132725
2020-11-24,0.06425217853318599,-0.0010190153171782956,0.016113793003049715
2020-11-25,0.03352658623835669,-0.0004527954196615891,-0.0015417058736860723
2020-11-26,0.0,0.0,0.0
2020-11-27,0.020487795852708768,0.002154030712504751,0.0027850770422706006
2020-11-30,-0.031002439645386293,0.0013581012528034453,-0.0044270996493745995
2020-12-01,0.030232565079099327,-0.003022171944057739,0.010937145779642998
2020-12-02,-0.027258998689319136,-0.0017031451156754862,0.0021038087064348954
2020-12-03,0.04317707064578702,0.0019334363445075997,-0.00027265063500026
2020-12-04,0.00953853028069096,-0.0026105457508741603,0.008617697936028623
2020-12-07,0.07131413268972531,0.001365346216558594,-0.002054769774262888
2020-12-08,0.01265269756091203,0.0003412003932314889,0.0029260277345515284
2020-12-09,-0.06985904262531573,-0.001704103540468238,-0.008968708502427925
2020-12-10,0.03737095767859411,0.0020482729369593056,-0.0003271092775888329
2020-12-11,-0.027237767375868138,0.0015902384385777513,-0.0011726967127339005
2020-12-14,0.048918853305726984,-0.00034042649536991654,-0.004477236561254316
2020-12-15,-0.010284031966116491,0.000453382492236587,0.013519577416982065
2020-12-16,-0.016549539644792777,-0.0010200525782376735,0.0015692331171526241
2020-12-17,0.053197818564255206,0.00022681988305928158,0.005592050062990239
2020-12-18,0.059612778969587055,-0.0003401526711998004,-0.003993012756878467
2020-12-21,-0.06494968189377415,0.00011342280480319822,-0.003575637104624829
2020-12-22,-0.01464926902636221,0.0015890543725298745,-0.0016850994320642965
2020-12-23,0.008807772074100217,-0.0011257346062232276,0.000898497791456343
2020-12-24,0.02444349518922251,0.0017074428835832656,0.0038904992819270845
2020-12-25,0.0,0.0,0.0
2020-12-28,0.002901307404113318,-0.000340906498342064,0.008590746067898003
2020-12-29,0.003465523985226371,0.00034102275521541436,-0.0019079421429721855
2020-12-30,0.0432288658824449,0.0006821158452170462,0.0014268271850184089
2020-12-31,0.01567398119122254,0.0013616876695237146,0.005080816998044968
2021-01-01,0.0,0.0,0.0
2021-01-04,0.03415197180829077,-0.0013598359976131347,-0.013613934650350545
2021-01-05,0.007317368906131216,-0.0017036732377326835,0.006887485811929883
2021-01-06,0.028390302267496503,-0.004435816326726516,0.005978536046638672
2021-01-07,0.07944656360858104,-0.0020565544871226082,0.014857426415857189
2021-01-08,0.07840299470467449,-0.0009159191322233307,0.00569766959535678
2021-01-11,-0.07821411721500826,-0.0010308828097186362,-0.006740673736385205
2021-01-12,0.047152947996006445,-0.0002294007361817174,0.000211077393403869
2021-01-13,0.005850950889994211,0.002638764755961809,0.002692934516636436
2021-01-14,-0.011013523157297866,-0.0012587230442289155,-0.003501914509626114
2021-01-15,-0.02229585445953386,0.0008017282149495042,-0.007292686702385365
2021-01-18,0.0,0.0,0.0
2021-01-19,0.022259629183487784,0.001374031266763387,0.007851918152581128
2021-01-20,0.00698599786790699,-0.0001142693117421878,0.013838731716237396
2021-01-21,-0.006420156263490129,-0.0013725058761455688,0.0009116468182290838
2021-01-22,0.0019526425140830028,0.0004579612059454341,-0.0035394643037792717
2021-01-25,0.040347806114603646,0.0022892662543241293,0.003943870649171455
2021-01-26,0.0025999188207492807,-0.00011382145491822815,-0.0015611790661161917
2021-01-27,-0.02143608477064074,0.0,-0.02444029621896271
2021-01-28,-0.033246240146660666,-0.0008000874962537097,0.008600298851544341
2021-01-29,-0.05015373491403896,-0.0007996112315576953,-0.0200195584730124
2021-02-01,0.058321672867634566,0.0003318882745781959,0.016645585532835572
2021-02-02,0.039270726531715816,-0.0012593551333730524,0.014140113529660825
2021-02-03,-0.020738065332563282,-0.0017200781567060508,0.0007864854399943777
2021-02-04,-0.005499119810906672,0.00022986118972112557,0.011365667792913925
2021-02-05,0.0026353496607176563,-0.0013778315400776453,0.003935717405805894
2021-02-08,0.0131302972383458,0.0011496071393561902,0.007221991930068228
2021-02-09,-0.016168321643152184,-0.0004598242682675169,-0.0006658027054042837
2021-02-10,-0.052550944303998315,0.0016094627315954568,-0.0004356193548025189
2021-02-11,0.008498789811735685,-0.0010329847815390147,0.0016149245207794927
2021-02-12,0.005494900903412869,-0.0026414704130964806,0.004939881664409729
2021-02-15,0.0,0.0,0.0
2021-02-16,-0.024383660823671716,-0.00472164086417548,-0.0008660187193597624
2021-02-17,0.0024238672272682837,0.002083112461696679,0.000229505125614482
2021-02-18,-0.013493691045324274,-0.0005775362073927592,-0.004256118274164167
2021-02-19,-0.007721833533733569,-0.0034657850059400808,-0.001765901607192144
2021-02-22,-0.08549845855559934,-0.002782065089463881,-0.007691761571400946
2021-02-23,-0.021917429429917368,-0.0002329495903892198,0.00121425528097574
2021-02-24,0.06178807266392261,-0.0005813235073569567,0.011019490830392886
2021-02-25,-0.08059082496045267,-0.008725750251664666,-0.024095841622494896
2021-02-26,-0.009850152211020369,0.008685431883238337,-0.005152389953557823
2021-03-01,0.06355291148192554,-0.0012937178099444724,0.024239953015644522
2021-03-02,-0.044527636486599076,-0.00011647588013963261,-0.007803277648503526
2021-03-03,-0.048423758283395624,-0.003151210125878934,-0.013245522090967188
2021-03-04,-0.04862218183112754,-0.003160549506963206,-0.012374887866855144
2021-03-05,-0.037799313531283074,-0.0005874932180315318,0.018396784672013444
2021-03-08,-0.05844967282854319,-0.00458249723149684,-0.004978978715390103
2021-03-09,0.1964120760817838,0.003305189401436648,0.014277530297122087
2021-03-10,-0.00819506910832657,0.0018827257567013422,0.006224533609618943
2021-03-11,0.04721134236531421,0.00011743623285376259,0.010139276270921371
2021-03-12,-0.008390501992574073,-0.00598896062624743,0.0013465581644340752
2021-03-15,0.020483461206222797,0.0011810899216659898,0.0059637128102765224
2021-03-16,-0.04387377195940434,-0.00011757252552679898,-0.0012613965882830591
2021-03-17,0.03683074261011732,-0.0003539087845574329,0.0034097832281900775
2021-03-18,-0.06932072763951169,-0.0041316174495514835,-0.014549460652710788
2021-03-19,0.0026180050626212203,0.0008292267465837,-0.0018502419694939043
2021-03-22,0.023103830299388672,0.0028429255319259994,0.007985028061925803
2021-03-23,-0.01170146456365928,0.0022440424397256464,-0.007870809395967071
2021-03-24,-0.04816058727810224,0.0015317838894661762,-0.005083447752668224
2021-03-25,0.016056627401557888,-0.000706048212202548,0.005625467475085966
2021-03-26,-0.03385438241576755,-0.0017656898032065715,0.01611489688521317
2021-03-29,-0.01199266702111268,-0.0012977493837205145,-0.0005051857036807439
2021-03-30,0.039801078851212424,0.0010627087052570428,-0.002653009741287349
2021-03-31,0.05083220558444013,-0.00047180196898688465,0.00405345890013753
2021-04-01,-0.009252455923119962,0.0032181314346686474,0.01079907622538312
2021-04-02,0.0,0.0,0.0
2021-04-05,0.04427659122771899,-0.0015332494091263582,0.014353199876395495
2021-04-06,0.0008247761127986308,0.003543275734358975,-0.000590753611399486
2021-04-07,-0.029857428208930892,-0.0011771990919373643,0.0011574125150592973
2021-04-08,0.01912159613436426,0.002238887482628016,0.0047466774379947285
2021-04-09,-0.009915155733034697,-0.0012931438855550148,0.007270118515917634
2021-04-12,0.03686741230129442,-0.00023541204702171026,0.00036458833629327003
2021-04-13,0.0859569036478478,0.0025905584720480324,0.002963852493697905
2021-04-14,-0.03947166704647498,-0.0007054074457069071,-0.003415236607206995
2021-04-15,0.009040931223980753,0.004231382017784391,0.010742461519088753
2021-04-16,0.0012587029151958085,-0.0026914491651698347,0.003342642742245827
2021-04-19,-0.03399658468630862,-0.0005869246259159189,-0.004913152399563359
2021-04-20,0.006101017267521991,0.0016441465488019613,-0.007321475323070703
2021-04-21,0.034951793439894185,0.0010543137311569417,0.00946199457609187
2021-04-22,-0.03283069676699324,0.000468964184153986,-0.009133103851855395
2021-04-23,0.013491908213451476,0.00011677237031260113,0.010842499296547237
2021-04-26,0.012064715006025573,-0.0007022071020750253,0.0020875657925705227
2021-04-27,-0.04532647907368281,-0.0025763961749080133,-0.00021559399227011333
2021-04-28,-0.014672094304228334,0.00046981544698820876,-0.0002875986898611682
2021-04-29,-0.02505755171974844,-0.0008211686875250201,0.006373099936390014
2021-04-30,0.04791723957558203,0.0014088005349974786,-0.006570504578291891
2021-05-03,-0.034590632711300695,0.0002467866430486687,0.002156760573729599
2021-05-04,-0.01649874089928205,0.0012917611317511124,-0.006169225898702502
2021-05-05,-0.003948959080373515,0.0005866794882714021,0.00031251254440722853
2021-05-06,-0.011029338520784915,0.00046863399860530564,0.007985626092491982
2021-05-07,0.013307460953421169,0.00011723284583142757,0.007277987894772853
2021-05-10,-0.06444373139784076,-0.0023428315607992856,-0.009902379614145529
2021-05-11,-0.018822278764288325,-0.0019962646321420863,-0.008924766343554436
2021-05-12,-0.044248212926854213,-0.003529597781787186,-0.02124507942232079
2021-05-13,-0.030853203980896415,0.0020066134896727927,0.012012272935778112
2021-05-14,0.03157303299711356,0.002356844346895537,0.015355567331342135
2021-05-17,-0.02189098294684022,-0.0009404380910413845,-0.0025446359463795476
2021-05-18,0.0018029458511532592,-0.0010588589782166702,-0.00861561389552512
2021-05-19,-0.02493638386588848,-0.0010600852891052837,-0.002621788291544691
2021-05-20,0.04138712802336375,0.0033018320678199764,0.01075796703664933
2021-05-21,-0.010054917128925145,0.0002351060279444095,-0.0008188005070834947
2021-05-24,0.0440022264046771,0.0011749427796023948,0.010194350994678247
2021-05-25,-0.002885668382965889,0.0025820062992585324,-0.002218658341385793
2021-05-26,0.023879957500782645,-0.0003508939014391643,0.001984403693312542
2021-05-27,0.018929840154243482,-0.0014051015996541238,0.0005250937750767015
2021-05-28,-0.008924522802159385,-0.00011765321874168677,0.0017887184371749854
2021-05-31,0.0,0.0,0.0
2021-06-01,-0.002111268599623961,-7.04760507166391e-05,-0.000880815377171551
2021-06-02,-0.030100952337768105,0.0010574222618175977,0.0015725630339371577
2021-06-03,-0.05334476431283097,-0.0018778186535638453,-0.0037114624224022785
2021-06-04,0.045754470575515294,0.003997729492668078,0.009145963074860708
2021-06-07,0.010149431698305955,-0.0007023752105294045,-0.0009703219804992891
2021-06-08,-0.002544921741878703,0.001875074140381905,0.0002132552123070841
2021-06-09,-0.007968981371759054,0.001988318640866016,-0.0014919280473059127
2021-06-10,0.018938501740255687,0.002101306590627905,0.004648549243972289
2021-06-11,-0.0003770180312155924,-0.0002329661226206925,0.0016523989785450777
2021-06-14,0.012789221849023313,-0.002563635101948014,0.002238935263944697
2021-06-15,-0.029675082579620482,0.0,-0.0018341795063829824
2021-06-16,0.009193155632698069,-0.0028035347941505195,-0.005583428043497207
2021-06-17,0.019392614586788648,0.0033972102151407224,-0.00033156160808378576
2021-06-18,0.010882243306208794,0.0031522253186424543,-0.013490500099733183
2021-06-21,-0.003978800587379316,-0.0034915464342455405,0.014316007039137268
2021-06-22,0.004638983624974058,0.001401285655666662,0.00534622302366472
2021-06-23,0.05268476618207507,-0.0006992000350165561,-0.001205417570141365
2021-06-24,0.035411302984154513,0.00046669941822452543,0.005915772714186307
2021-06-25,-0.011694312026312215,-0.0018665434774006728,0.003551953692957577
2021-06-28,0.025079265670401973,0.0026883926408263203,0.0020162501401812527
2021-06-29,-0.011557681931348984,0.0004663063617393881,0.0005379423341014267
2021-06-30,-0.0015570796861552605,0.0006989795719372083,0.0008417156844802154
2021-07-01,-0.0026188230779431443,-9.364502116193663e-05,0.005536584066711203
2021-07-02,0.0014456370513082906,0.0017491615010907235,0.007643448599290892
2021-07-05,0.0,0.0,0.0
2021-07-06,-0.028457809785947474,0.003608949383471227,-0.0018214442466047975
2021-07-07,-0.02263562857139878,0.0020881613008185695,0.0035341515868045903
2021-07-08,0.012658037290573132,0.0009260359460783185,-0.008147887103881035
2021-07-09,0.006341837079579804,-0.0031226196599002387,0.010674744359970623
2021-07-12,0.0437628194032984,-0.00034796518429758283,0.0035818929383162335
2021-07-13,-0.0250255268170938,-0.0031335933806846406,-0.0034091193664389507
2021-07-14,-0.022676262535623493,0.00337650371610998,0.0014924022075770704
2021-07-15,-0.004254796226577984,0.0024362422881327728,-0.003415683644126477
2021-07-16,-0.009806316575730722,-0.000926539686308181,-0.007843544781098055
2021-07-19,0.003104482057777691,0.00567689220569112,-0.014767763623013797
2021-07-20,0.02209778342837665,-0.0010364591661028433,0.014330161259788587
2021-07-21,-0.007888019850240235,-0.0032287417249039496,0.008096571141001263
2021-07-22,-0.009202007847976312,0.002198101437074662,0.0020936903250234895
2021-07-23,-0.009056424875986235,-0.0011545665131238447,0.010288307252063866
2021-07-26,0.022133069927244398,-0.0005778997121886897,0.002454744659675212
2021-07-27,-0.01952494819687245,0.0025442290428616676,-0.004557516776403037
2021-07-28,0.0034120354402995545,0.000922724861809332,-0.000410089458392604
2021-07-29,0.04694118807422987,-0.0017285015028222217,0.004147355269994435
2021-07-30,0.014541928508582602,0.0015002967898969377,-0.004856396616657044
2021-08-02,0.032697928666004517,0.0023786702764760914,-0.002097966635183024
2021-08-03,9.862621233169833e-05,0.00022989886877211596,0.008135476677045839
2021-08-04,0.001662548831768751,0.0,-0.00491899437001464
2021-08-05,0.005218642492307302,-0.0023026061991283653,0.006332811937341587
2021-08-06,-0.021731523084098314,-0.00473189061363255,0.0016524974834999373
2021-08-09,0.020969779282747014,-0.0018552367463559039,-0.0008134349923996087
2021-08-10,-0.005281893495678203,-0.0015101688477325848,0.0012438453274075112
2021-08-11,-0.0030563570472872392,0.0006981888064792052,0.0024848203063385643
2021-08-12,0.020386528392057013,0.00011640273877255858,0.0029971257570575727
2021-08-13,-0.007033557040173943,0.0039522297922840455,0.0018197838281570622
2021-08-16,-0.0432254973537064,0.0009264310996106584,0.0023544512129303197
2021-08-17,-0.02981764971635026,-0.0010411941220487275,-0.006555033161384283
2021-08-18,0.03497015710402862,-0.00023148202296985332,-0.010945086874958432
2021-08-19,-0.02252568828990298,0.002200605675206635,0.0015482410768510313
2021-08-20,0.010082056516856674,-0.00023112872530117734,0.007957109980254451
2021-08-23,0.03827951753459802,0.00023118215813866527,0.008796532755009911
2021-08-24,0.0031006472789958384,-0.0019647464237727563,0.0015875887191008076
2021-08-25,0.0038250458739306215,-0.0016210861002265986,0.002098252295045011
2021-08-26,-0.01411697599720807,0.0001158270715064802,-0.005903177043724561
2021-08-27,0.015346011908018431,0.0028992120698814183,0.008940899421904902
2021-08-30,0.02667435264494311,0.00115661675583012,0.004397723461794012
2021-08-31,0.00658083407543808,-0.0012703216464147182,-0.0014817298209922614
2021-09-01,-0.0022155233598404322,0.000173796910945212,0.0005315414846909228
2021-09-02,-0.002315788147756681,0.0013896258937788897,0.0030766299913373985
2021-09-03,0.0016111325842673718,-0.002081799814162344,-0.00024266927023708362
2021-09-06,0.0,0.0,0.0
2021-09-07,0.02637783858939624,-0.0028975503397413727,-0.0035755451294111618
2021-09-08,0.0012617502122473923,0.0016274291165792043,-0.0012183555789642142
2021-09-09,0.001313231087076927,0.003597076547241951,-0.004280070774593359
2021-09-10,-0.024627038366134335,-0.00242788438139796,-0.007884600805235786
2021-09-13,0.00914066245943812,0.0015066242986390144,0.0025591097328492296
2021-09-14,0.0020053498586631857,0.0024305380065752225,-0.005396362608104721
2021-09-15,0.015231899000174076,-0.0009233270998629806,0.008352568554679918
2021-09-16,0.0015347617076681974,-0.001849070190388269,-0.001585318389671575
2021-09-17,0.0033025333532406,-0.001273812796727225,-0.009740918627655581
2021-09-20,-0.03860484330594227,0.00278254162249425,-0.016674359621135504
2021-09-21,0.012613531089680885,-0.00023173345341032103,-0.0009444775216289614
2021-09-22,0.0169871810945057,0.0010411157581204922,0.009754815923794569
2021-09-23,0.00226081461648886,-0.005313608225619437,0.012150015398157965
2021-09-24,0.027533059916662994,-0.0020906684762508343,0.0016472021451907626
2021-09-27,0.02191406322043732,-0.0011634963381295105,-0.0028609428749343246
2021-09-28,-0.01743835612317879,-0.004310829656946957,-0.020151935486773076
2021-09-29,0.004822778775393388,0.00011707156910278904,0.0016832792519223538
2021-09-30,-0.0074618094773734045,-0.00023401313756521436,-0.012222353048136125
2021-10-01,-0.0003352887910832436,0.0033990642414316596,0.011884036584512092
2021-10-04,0.008139621398127295,-0.0007009499436447797,-0.01289585090241352
2021-10-05,-0.001202850103416031,-0.002454840985927631,0.010404798042835894
2021-10-06,0.0027671424905384434,0.0004686417330388437,0.004156138897776218
2021-10-07,0.013874260399496352,-0.0028108408978529953,0.008645701551963647
2021-10-08,-0.010231834522373306,-0.00246676555803782,-0.0018237434271246578
2021-10-11,0.008211528565575943,-0.0015301293636081903,-0.007239833056610134
2021-10-12,0.01740026730336086,0.003654893778875179,-0.002461562570127529
2021-10-13,0.006652379022320076,0.0027027961194292516,0.003597747275314589
2021-10-14,0.008926471099504285,0.0017576116835420486,0.016820657889069057
2021-10-15,0.030195999501915205,-0.0024566667861477542,0.007615786254021595
2021-10-18,0.03212224493643445,-0.0005861118291925482,0.0029604074368745348
2021-10-19,-0.006711860640270406,-0.0028157879301098365,0.007714955479169117
2021-10-20,0.0017703140411262641,-0.0011767381843557079,0.003927628581359421
2021-10-21,0.03257101073349511,-0.0014132750077635592,0.0026084613620318553
2021-10-22,0.01753910755951127,0.0021232742587027342,-0.0010363874047524257
2021-10-25,0.12661598362581983,0.0004707931979039959,0.005362867197997057
2021-10-26,-0.006274050392506725,0.0020001355674910126,0.0008998814703589098
2021-10-27,0.019078438805710585,0.003640473012693546,-0.004430036942773219
2021-10-28,0.03775074872979922,-0.0012872140696615908,0.009648874182708989
2021-10-29,0.03431629436179362,0.00023426597311360098,0.002029343682364404
2021-11-01,0.0849102277797451,-0.0007740041259711727,0.0017199823842446449
2021-11-02,-0.03027499529203259,0.0018780136731710861,0.0040430905482677915
2021-11-03,0.03571673801973452,-0.0017575167695452754,0.0061052604574918234
2021-11-04,0.013222297879683653,0.004578122370575866,0.004712490891028098
2021-11-05,-0.006358169933862068,0.0030383767431902964,0.003469651092668391
2021-11-08,-0.04840070953386311,-0.0022140885769852403,0.0008536684213373835
2021-11-09,-0.11990303254359846,0.0028023800532757104,-0.0033055061044883205
2021-11-10,0.043429451929624774,-0.006752797143938283,-0.008044741606099914
2021-11-11,-0.004157528824601631,-0.0016414241811425478,0.000323673116549017
2021-11-12,-0.02829310201599211,0.00011792853448699958,0.007546717759988164
2021-11-15,-0.01938224449936754,-0.0041089502437210434,0.0003424158763456475
2021-11-16,0.04079376842602822,-0.0007073153867167559,0.003957767741695983
2021-11-17,0.032501208284666294,0.0021231387475142416,-0.002429073824623651
2021-11-18,0.006767610267700563,0.0011771940468556785,0.00339635575384567
2021-11-19,0.03710391800920432,0.0021166633639839727,-0.0017883720458984342
2021-11-22,0.017422122080461122,-0.004927970684892369,-0.002815136514891292
2021-11-23,-0.041352932727292124,-0.004009169234004073,0.0013260621376196546
2021-11-24,0.006284772484400847,0.0023678704781782134,0.0026698413315280334
2021-11-25,0.0,0.0,0.0
2021-11-26,-0.030537595031082,0.007086417769823106,-0.02230325340377859
2021-11-29,0.050900227900227524,-0.00011758515158899474,0.012266675206695998
2021-11-30,0.006833823403773698,0.0018765598269172568,-0.019457678610016682
2021-12-01,-0.04346763456194869,0.000645020067461477,-0.011107131308608853
2021-12-02,-0.00949773919092467,0.00011709850960706092,0.015316396738686455
2021-12-03,-0.06419876077133224,0.0038665593235955864,-0.00870130242424827
2021-12-06,-0.005872086315763081,-0.0026844115782654887,0.011843309160458615
2021-12-07,0.04235837141187604,-0.0022234374348871766,0.020684760704374305
2021-12-08,0.016363195584229162,-0.003049567265678177,0.0026480338447223417
2021-12-09,-0.06095644581905246,0.00047067830246949605,-0.006751577687308941
2021-12-10,0.013179927022311633,0.0003527400212650633,0.009413421397612032
2021-12-13,-0.04977243020772948,0.0034089940276944564,-0.008858438776936928
2021-12-14,-0.008174578197676419,-0.0016400172385852008,-0.006879964915981529
2021-12-15,0.018236618133556703,-0.001291023617047582,0.01562503056881326
2021-12-16,-0.050277132790258694,0.0012926925136120815,-0.008818420048381959
2021-12-17,0.006095449446181567,0.001759872269978091,-0.01064292167311609
2021-12-20,-0.03498927121736173,-0.0016395187296383007,-0.010633447450375422
2021-12-21,0.04288056302579579,-0.001055963181373798,0.017758967570947748
2021-12-22,0.07494705523716627,0.00105707941831934,0.009998707583211974
2021-12-23,0.05761886305530961,-0.0015185102808952244,0.006222137174674236
2021-12-24,0.0,0.0,0.0
2021-12-27,0.025248391499066658,0.000471250006281565,0.01415210399361344
2021-12-28,-0.005000275342793459,-0.00011809016224895164,-0.0008171378853258915
2021-12-29,-0.0020947102761840197,-0.003298918424712638,0.0012791413630828252
2021-12-30,-0.014592268383646134,0.002246365124283889,-0.0027644751497237774
2021-12-31,-0.012668840823859995,-0.00023645885621037532,-0.0025202246059726763
2022-01-03,0.1353166841897706,-0.006725478503588178,0.005789914634114934
2022-01-04,-0.041832696836128,-0.00011854136861233489,-0.00033497570480645056
2022-01-05,-0.05347121367683638,-0.0034454459006904026,-0.01920202587689679
2022-01-06,-0.02152337383085412,-0.0010730733272305004,-0.0009393950373106641
2022-01-07,-0.035446567451716815,-0.0027450597645963803,-0.003953540129297606
2022-01-10,0.03034195341380186,-0.000837508206934956,-0.001244283105416688
2022-01-11,0.005935024657598653,0.0020361297362680997,0.009108042007646144
2022-01-12,0.039289748931841784,-0.00035835443145915136,0.0027037187929161988
2022-01-13,-0.06749107331435766,0.0016735096744608935,-0.013778518341802326
2022-01-14,0.017497758575059086,-0.005490704519422351,0.000408930889499004
2022-01-17,0.0,0.0,0.0
2022-01-18,-0.01819724123253097,-0.006242096084461579,-0.017709647094858227
2022-01-19,-0.0338278969185718,0.002415466044343839,-0.010383614411782038
2022-01-20,0.0006227038828787723,0.0010848961365788057,-0.01106810972497485
2022-01-21,-0.05256606712507206,0.003731604686355139,-0.019630528768157407
2022-01-24,-0.014726129872195681,-0.0015593920009147055,0.004246669700054717
2022-01-25,-0.012473124842489969,-0.0013207666841619226,-0.012208772242528032
2022-01-26,0.02069905258271132,-0.00553247957977554,-0.0025089135974176724
2022-01-27,-0.11554175561970448,0.003265127649720423,-0.004938138157989713
2022-01-28,0.020805692766870276,0.001205572816975753,0.0248354413636791
2022-01-31,0.10677611383930952,-0.0007227240790295131,0.018011069865302654
2022-02-01,-0.0058395266373975074,-0.00039757609604385014,0.006757015488594753
2022-02-02,-0.02747919159891432,0.0014482223545089212,0.00971417464060731
2022-02-03,-0.016032495024879134,-0.0042193306409307185,-0.023505128749567006
2022-02-04,0.03611110968421327,-0.006174005266437521,0.004702313021057503
2022-02-07,-0.01730718642133755,0.0008524736071229277,-0.0032093374571420252
2022-02-08,0.0161571905234128,-0.0032861575647272767,0.008228030717250423
2022-02-09,0.010845920427172029,0.0007325823948369781,0.014635959038402868
2022-02-10,-0.029452771017468238,-0.009151795224647152,-0.017965629045221032
2022-02-11,-0.04925102969626416,0.0065267927634728995,-0.019718789419628235
2022-02-14,0.01832566437213501,-0.005628134807856511,-0.0032692307833167566
2022-02-15,0.053290764282768466,-0.0020917168461758173,0.016126763637421826
2022-02-16,0.0010407532409399955,0.0013563827366158687,0.0011208291097934975
2022-02-17,-0.05094269900666093,0.002216363636363683,-0.02136134392832878
2022-02-18,-0.022103035296720752,0.001720358183674886,-0.006475057100941872
2022-02-21,0.0,0.0,0.0
2022-02-22,-0.04136624223452856,-0.0006135182389309657,-0.010731503704786816
2022-02-23,-0.06997917599526948,-0.005032040536888882,-0.01773891740121314
2022-02-24,0.04807345500262783,0.0022204058998407383,0.015049340099442476
2022-02-25,0.011364031324829549,0.0008616078243397496,0.02206396290199586
2022-02-28,0.07477746853358713,0.007378669148011774,-0.002558656294565753
2022-03-01,-0.006962143345558558,0.005244839026657733,-0.015230018207097795
2022-03-02,0.01795529711451649,-0.012283867385786795,0.01839594093886565
2022-03-03,-0.04614210448825773,0.00443247283696846,-0.004978417109292477
2022-03-04,-0.0011915196265851469,0.00355497334274979,-0.008124489965618431
2022-03-07,-0.04021280504200253,-0.00488606732969632,-0.02947939060702054
2022-03-08,0.02463394210323222,-0.004664997085774059,-0.00758164832815833
2022-03-09,0.04193357517885765,-0.0027132264656375416,0.026810805146505245
2022-03-10,-0.024063755330148706,-0.005317561928474435,-0.004515490735133354
2022-03-11,-0.0512345859010529,-0.0007463231294508876,-0.012715221945795219
2022-03-14,-0.036436802368687404,-0.009207390556697947,-0.007308201566152861
2022-03-15,0.046348355546253384,0.0016327712090369317,0.02199054194863348
2022-03-16,0.047812040425278646,0.0015040976713232013,0.022174162600028247
2022-03-17,0.037335010469022656,0.0008764163873471453,0.012511009131098483
2022-03-18,0.03876779427650434,0.002876744898393069,0.010952680118001545
2022-03-21,0.017417963888751054,-0.010227050271631843,-0.00029245150257628527
2022-03-22,0.07905243778179138,-0.002520048547704823,0.011701554593443353
2022-03-23,0.005161136057840299,0.004547700794524934,-0.012878347924783484
2022-03-24,0.014823128420135223,-0.0012574889349480367,0.015074161637271821
2022-03-25,-0.003234937980317265,-0.008813723810593865,0.004883586194193379
2022-03-28,0.0803450783611821,0.002921693502652367,0.007113119762122144
2022-03-29,0.007079858095940583,0.004433150918033535,0.01237094042032183
2022-03-30,-0.00507475414515135,0.002269562427401617,-0.006174865059620838
2022-03-31,-0.014981813142339484,0.0007551350492642772,-0.015391406973952582
2022-04-01,0.006486599368272561,-0.002167753341657752,0.0028341163863456753
2022-04-04,0.05611341298759176,0.0007577341879394517,0.008566587631113398
2022-04-05,-0.047308971544201106,-0.010097256087608364,-0.012631357791753506
2022-04-06,-0.041694894294368345,-0.0030598656319394957,-0.009999425963765796
2022-04-07,0.010996816105212748,-0.00204635581721202,0.005039083709193148
2022-04-08,-0.03004944796541842,-0.005382297074950859,-0.002673931504209359
2022-04-11,-0.048328086073804455,-0.004638903907925429,-0.017092357555482995
2022-04-12,0.011291813566499442,0.003236387648515082,-0.003705273938115927
2022-04-13,0.03588835603591267,0.0011612606397268799,0.011453623914777555
2022-04-14,-0.03655231880843268,-0.006830937230096312,-0.0124516513363504
2022-04-15,0.0,0.0,0.0
2022-04-18,0.019583733431163042,-0.00324380621263487,0.0004111859625799408
2022-04-19,0.023758093445249484,-0.0062494756159295894,0.016142457875535143
2022-04-20,-0.04955503671370076,0.006288777175542215,-0.0007414761677563275
2022-04-21,0.03231684066245499,-0.00533804683052419,-0.01495342229646024
2022-04-22,-0.003697576672395231,-0.001308867030658467,-0.027439235473146195
2022-04-25,-0.006994645387893739,0.0062909089342493285,0.005797601662988816
2022-04-26,-0.12184121881948873,0.0026046657304334975,-0.02896082129741029
2022-04-27,0.005807678470473254,-0.0031176137309849583,0.002811835649914496
2022-04-28,-0.004537702888526063,-0.00039069501102984017,0.025259456842133154
2022-04-29,-0.007692220213591394,-0.006778602925787247,-0.03695562906747829
2022-05-02,0.03695628471433299,-0.005115356947575478,0.006019369742916725
2022-05-03,0.006988279761963367,0.0023790512028376565,0.0045841236270074415
2022-05-04,0.04769864576468552,0.006461030030566084,0.030452961236468346
2022-05-05,-0.08328615317548016,-0.009956975612349539,-0.03554290527159132
2022-05-06,-0.008737180698190294,-0.004234538256862819,-0.005968869729381265
2022-05-09,-0.09072948807249681,0.004518631135079332,-0.03201722856433786
2022-05-10,0.016427173986372612,0.0029100027174189247,0.002310424697949731
2022-05-11,-0.08254582843646041,0.0034299126422947523,-0.01588618776462536
2022-05-12,-0.008174386751047313,0.001971800483574704,-0.0010439380145834676
2022-05-13,0.05712909369145702,-0.003673028007404988,0.023907783654084636
2022-05-16,-0.05875856161837267,0.0015795032955587818,-0.004057532739877856
2022-05-17,0.05141017778952928,-0.005916407444969685,0.020570483024910047
2022-05-18,-0.06801379812405906,0.004231841610497833,-0.04031173420563838
2022-05-19,-0.0005494634476534976,0.002107686580012258,-0.006124208260836039
2022-05-20,-0.06416505716141863,0.003022739081833148,0.00043636376849498504
2022-05-23,0.01656871415985961,-0.003537660471706894,0.01870997495799842
2022-05-24,-0.06925464690507588,0.008152676487768629,-0.0076336743832077225
2022-05-25,0.04877737911795821,0.004043036075602968,0.008834888829009735
2022-05-26,0.07427138936829314,-0.0010389637774806948,0.0199812223292406
2022-05-27,0.07333306253742577,0.0028606552784635753,0.024549256981249767
2022-05-30,0.0,0.0,0.0
2022-05-31,-0.001803563389055185,-0.005705214463913255,-0.0056111143855800405
2022-06-01,-0.02359349020027357,-0.004468818430084176,-0.008088470562724548
2022-06-02,0.04677398003874078,0.0009186552389364167,0.019043513391589828
2022-06-03,-0.09219359988526965,-0.001442259991913497,-0.01641139921086887
2022-06-06,0.0160472016783606,-0.005909550827738808,0.0030447523362491236
2022-06-07,0.0025460558898939833,0.0034344137846480383,0.009592180232671721
2022-06-08,0.012474516432601446,-0.004080325899666115,-0.010872206452862687
2022-06-09,-0.008930555308462429,-0.0013220898360385425,-0.02378292793072523
2022-06-10,-0.031190911234383223,-0.008471162050070036,-0.0289955393696536
2022-06-13,-0.07102153990705962,-0.016153064415079688,-0.03796833131293664
2022-06-14,0.023887157055640484,-0.005427466321400454,-0.0030132339402684227
2022-06-15,0.05482367080362738,0.011459912643384085,0.014256351256013877
2022-06-16,-0.08540769912654234,0.0021581253704974213,-0.033096087371200844
2022-06-17,0.017174980283869212,0.0005382824856843271,0.0021557994962608795
2022-06-20,0.0,0.0,0.0
2022-06-21,0.0935443480214786,-0.004573461242950216,0.025173742483602934
2022-06-22,-0.004007805884153504,0.00824298901078424,-0.0018129935645302409
2022-06-23,-0.004306310889948484,0.004825454114526062,0.009802335785129124
2022-06-24,0.04524889345059324,-0.001867553694324009,0.03179395001560725
2022-06-27,-0.0032016505127857586,-0.004810920738252622,-0.0038197731714133543
2022-06-28,-0.0500435578248114,0.0005369379769519789,-0.020432657837699764
2022-06-29,-0.01793718238090891,0.005771067495975668,-0.0008145468202050976
2022-06-30,-0.017579227799377373,0.004270174371778124,-0.00812407034220497
2022-07-01,0.012429131666979787,0.007975137823581724,0.010576140717534877
2022-07-04,0.0,0.0,0.0
2022-07-05,0.025535704813974602,0.0017170448652519266,0.00188873649450505
2022-07-06,-0.005720802000385383,-0.006065640511542791,0.0033774705676545835
2022-07-07,0.055279044880592876,-0.002785655795173758,0.014976912991319091
2022-07-08,0.02543516968760029,-0.0033263814900651445,-0.0008224395087097491
2022-07-11,-0.06548005948146851,0.0037375495849814033,-0.011423851427064813
2022-07-12,-0.005433611636988744,0.0017290335242421406,-0.008848613423851681
2022-07-13,0.017033448479672808,0.003185621296053043,-0.00525168886873717
2022-07-14,0.005371861218914864,-0.0031755053386206544,-0.002428667713031074
2022-07-15,0.0073572315408600986,0.003584195016378411,0.019105143794899915
2022-07-18,0.001999426810217919,-0.003042277901881718,-0.008256933142207101
2022-07-19,0.020716718219316865,-0.0007964961472637366,0.02701921370220428
2022-07-20,0.008023464466653252,-0.0009291487531065679,0.006373225253473391
2022-07-21,0.09780470722853529,0.008240147247466023,0.010183267502379412
2022-07-22,0.0019752262198982073,0.008173028902584756,-0.009278144624833007
2022-07-25,-0.013994935471540293,-0.003661199027218842,0.0012149361358109179
2022-07-26,-0.0356637312112531,0.00026264449256396816,-0.011831111432779595
2022-07-27,0.061655036992220635,0.0027555197280317856,0.025966314280653657
2022-07-28,0.02212352234272652,0.006933898016706408,0.012542531503856535
2022-07-29,0.05784976985791013,-0.0007791466734672348,0.014578702239983032
2022-08-01,0.00042631152414229767,0.004338305515351859,-0.0029612900923987606
2022-08-02,0.011134400598203698,-0.010119075922467857,-0.006597305164207978
2022-08-03,0.02265568716125621,0.004980201253228733,0.01565959815201068
2022-08-04,0.004023022853486102,0.002478320571773329,-0.0006758709362362225
2022-08-05,-0.0663030068235908,-0.01131782327700992,-0.0016900082447536269
2022-08-08,0.007819434052879659,0.0044733315104801274,-0.0011608511545310174
2022-08-09,-0.024412625864385085,-0.0022269298400166004,-0.003971083637789308
2022-08-10,0.03890581776676605,0.0027570265807517202,0.021004099955967304
2022-08-11,-0.026249292544206493,-0.005630150365470876,0.0
2022-08-12,0.046750143628413676,0.004608732927317227,0.016928871427379866
2022-08-15,0.03096359891583922,0.0010484634217324817,0.004120843381633321
2022-08-16,-0.008912075793144236,-0.0013088694871584705,0.0019587371130016518
2022-08-17,-0.008372333511224461,-0.005899601119494058,-0.0070982140960705875
2022-08-18,-0.0037062197211366055,0.0018465227519153249,0.0029066007925222515
2022-08-19,-0.020481852686155544,-0.006318556290558663,-0.013438158865810235
2022-08-22,-0.022764022407583906,-0.004504008717847063,-0.020822414045146176
2022-08-23,0.0225584954757323,-0.00039941886097660806,-0.0024192969202559977
2022-08-24,0.002170125887066332,-0.0025288734572609384,0.0032010892619134257
2022-08-25,-0.003455684406709514,0.005471734013655416,0.014117558715103451
2022-08-26,-0.026953121859416895,-0.0019910321523893826,-0.03384885429368012
2022-08-29,-0.01135058160727187,-0.0045219792369325384,-0.006612302115078572
2022-08-30,-0.0249982267189629,0.0008019248030077808,-0.010977814587629808
2022-08-31,-0.007526203685978228,-0.004138755087219836,-0.007609190410705513
2022-09-01,0.005623955563764049,-0.005426559593664448,0.0031379045941510864
2022-09-02,-0.02507581222110289,0.0025661793023792345,-0.01054431429724556
2022-09-05,0.0,0.0,0.0
2022-09-06,0.015580556255471167,-0.009026257416634653,-0.0037732651071440415
2022-09-07,0.03381677109982606,0.007204872694702713,0.017965078361345865
2022-09-08,0.01959815762903916,-0.0031039977396043472,0.006536206071632078
2022-09-09,0.03602289482946186,-0.00040635679332534647,0.015535261417731983
2022-09-12,0.01581694096302666,-0.0012188698595967384,0.01074760429686794
2022-09-13,-0.04037188096320543,-0.005017682752167074,-0.043482390799015946
2022-09-14,0.03587437200418364,0.0012265115622589473,0.003815926067766373
2022-09-15,0.003767273730617582,-0.002994544360405027,-0.01135337568477257
2022-09-16,-0.0013168523341049454,-0.0010923234339280663,-0.007628829826898165
2022-09-19,0.018856110452001085,-0.0006836243117364083,0.007754809418665909
2022-09-20,-0.0011000625419275156,-0.004924196891956556,-0.011478555338092167
2022-09-21,-0.025685948599634356,0.0027492025546509424,-0.01744391993722516
2022-09-22,-0.040591728559117746,-0.010280598568322419,-0.008399580426624809
2022-09-23,-0.04594757245188685,-0.0027706184420401847,-0.01675507389901465
2022-09-26,0.0024698479153155706,-0.012777648700404987,-0.00989244761823782
2022-09-27,0.02510775852537339,-0.004361320299582916,-0.002552864634355001
2022-09-28,0.017212112374233923,0.015543233728253725,0.019676412204541638
2022-09-29,-0.06810050474193607,-0.005147823156152476,-0.020889181158696757
2022-09-30,-0.011036096899372572,-0.0023774952334191246,-0.015463211522056097
2022-10-03,-0.08614516909902215,0.008373546526550868,0.02640121543365015
2022-10-04,0.029042940273044104,0.002507941218430787,0.03098650975165662
2022-10-05,-0.034597517632881325,-0.005281119207411034,-0.0023282954856989058
2022-10-06,-0.011129075632041241,-0.0037729010670322083,-0.01031566957041552
2022-10-07,-0.06324275500689214,-0.005189195565005855,-0.02789413890307968
2022-10-10,-0.0004931214719139376,-0.004511845250600222,-0.007635035962469949
2022-10-11,-0.02897383620084637,0.00028366177760119626,-0.006332905222042329
2022-10-12,0.003418039229395209,0.0011324497276905543,-0.003298518461593569
2022-10-13,0.020622332969329804,-0.00353546888143752,0.026391039955348194
2022-10-14,-0.07545550981161053,-0.00482560061639592,-0.022788863661854064
2022-10-17,0.07005219876844393,0.0021393130820064332,0.02569701632947652
2022-10-18,0.003829479437051919,0.002277476138040191,0.01174954271396711
2022-10-19,0.008401793106927569,-0.008235619838516728,-0.007086550026416449
2022-10-20,-0.0664744863679374,-0.006728943671411525,-0.008385155633072183
2022-10-21,0.03454266549727758,0.0017296185144386467,0.024301443685377677
2022-10-24,-0.014875967194030837,-0.0014382554553451499,0.012236517165378213
2022-10-25,0.05287573097725584,0.00950975433468182,0.015968595664807017
2022-10-26,0.009981122376490958,0.003996522980479922,-0.007534213886796315
2022-10-27,0.00200319154854367,0.005260078024197146,-0.005339975430252331
2022-10-28,0.015238384603380561,-0.0019794999614120012,0.023790722686626742
2022-10-31,-0.004288512900427199,-0.003117746807543176,-0.00722312508439138
2022-11-01,0.0012306146011606955,0.001040373122619176,-0.0043762248623480104
2022-11-02,-0.05636033352596026,-0.0015659465189760136,-0.02509602680041434
2022-11-03,0.0015350350619269815,-0.003849107591953227,-0.010296956114956624
2022-11-04,-0.03641259777431871,0.0002863879921553014,0.01439319366601488
2022-11-07,-0.05007952633400592,-0.0038622032533486284,0.009565552384655174
2022-11-08,-0.02932818513088775,0.00445170366265657,0.005395425140815924
2022-11-09,-0.07166757185130745,0.001430101590247368,-0.020602098030660487
2022-11-10,0.07393437216942544,0.02070211212164863,0.054954173456510436
2022-11-11,0.027527264924482875,0.0,0.009678709634670657
2022-11-14,-0.02561618738169713,-0.003217262710400237,-0.008506794775716808
2022-11-15,0.018172303095892017,0.007016738149509649,0.008529009934220122
2022-11-16,-0.03857627852399581,0.005713398931705305,-0.007628680612096872
2022-11-17,-0.020062058831236462,-0.004156910339143338,-0.003059864465908446
2022-11-18,-0.016269016527425406,-0.0016693252876679443,0.0045404602201288835
2022-11-21,-0.06837231343190053,0.0,-0.003636099198642384
2022-11-22,0.012152311933396831,0.005156584152208987,0.013456779216954207
2022-11-23,0.07821783885404354,0.006100704964308479,0.0063016557926585115
2022-11-24,0.0,0.0,0.0
2022-11-25,-0.0018558752377418886,0.0,-0.00022365260204582071
2022-11-28,0.0003281065208000644,-0.001240264674408742,-0.015957084607713057
2022-11-29,-0.011425739989130657,-0.0037260028333011563,-0.0017175430008048442
2022-11-30,0.07670184691003823,0.0077568250293218455,0.03150074457273688
2022-12-01,0.0,0.008333243485357578,-0.0007359159364485057
2022-12-02,0.0008217959148295595,0.0040986564565781425,-0.0011535778960226617
2022-12-05,-0.06368676805520912,-0.007891029184758369,-0.017989479697094524
2022-12-06,-0.01441485156488942,0.0032915142704037503,-0.014414662630393038
2022-12-07,-0.032143331123685615,0.008747761311532765,-0.001701347683749077
2022-12-08,-0.003447430865732959,-0.0028455595713815507,0.00783415076467242
2022-12-09,0.0323454827685834,-0.005842968529982562,-0.007470131226531285
2022-12-12,-0.0627198857086465,0.0,0.014417003758676161
2022-12-13,-0.04093677795344208,0.00683424303461333,0.0075700005004404325
2022-12-14,-0.025784367661833008,0.0024434885522977012,-0.006393690729092905
2022-12-15,0.005548438139381551,0.00054198112767323,-0.024461532699874167
2022-12-16,-0.047187179094365206,-0.0025723249024380834,-0.011806160996735926
2022-12-19,-0.00239632976495896,-0.005970350863318541,-0.008479751210268893
2022-12-20,-0.08053641461716088,-0.006553137182891966,0.0013684036760770457
2022-12-21,-0.0016690545895901021,0.0023360028058689863,0.014952448297806287
2022-12-22,-0.08882756559936855,-0.00013716715532463564,-0.014266186411699744
2022-12-23,-0.017550833466474902,-0.0031333462820093416,0.005752405250712522
2022-12-26,0.0,0.0,0.0
2022-12-27,-0.1140885333144338,-0.007721306497204039,-0.003943559442956879
2022-12-28,0.03308891531476843,-0.0013893568496023967,-0.012427893305440585
2022-12-29,0.0808269069678893,0.0037568723057856968,0.018000277639243834
2022-12-30,0.011164017515666869,-0.004158718154280705,-0.002634154774538988
2023-01-02,0.0,0.0,0.0
2023-01-03,-0.12242248574195735,0.005289841965173903,-0.004209757162983441
2023-01-04,0.05124885285593783,0.005676983015825421,0.007720156940788314
2023-01-05,-0.029039097760312105,-0.0011011746096223352,-0.01141334210459699
2023-01-06,0.024651090365942707,0.011026576068727811,0.02293214540526134
2023-01-09,0.059349011404278285,0.0027264345428912318,-0.0005669160088164205
2023-01-10,-0.007681374256751861,-0.003942707836879,0.0070128736738979125
2023-01-11,0.036769060182475055,0.005323322194226376,0.012647791799902164
2023-01-12,0.0027592625752506095,0.007739299790259668,0.0036406811381541893
2023-01-13,-0.009388119582672827,-0.003368266682920562,0.003879559235876684
2023-01-16,0.0,0.0,0.0
2023-01-17,0.07426473736900463,-0.0013519059958327917,-0.0018318629593788716
2023-01-18,-0.020609982513142944,0.009205796270182365,-0.015787850115589475
2023-01-19,-0.012501946153228194,-0.0020124229203084543,-0.007279925426419975
2023-01-20,0.0491468120625187,-0.004435550755062412,0.018628989681394037
2023-01-23,0.07742468874848996,-0.0024298475343722536,0.011998582486555609
2023-01-24,0.0009739087975544347,0.004465705148822385,-0.0010732730755692588
2023-01-25,0.003752820129427681,0.0012124113319862406,0.0003748275198445228
2023-01-26,0.10967259156647335,-0.001883460940001247,0.010990265827991452
2023-01-27,0.11000180416824756,-0.0010789972706369833,0.00229772793658789
2023-01-30,-0.06318150994943417,-0.0028338091288588885,-0.012546787902407264
2023-01-31,0.03936155894904236,0.004601526359402808,0.014703343978902605
2023-02-01,0.047280928205116535,0.006429027794089492,0.010627627676881746
2023-02-02,0.03781489703913388,0.0006708499341421259,0.014557158359842282
2023-02-03,0.009082654784473565,-0.008850667902092546,-0.010629075292006518
2023-02-06,0.025160537355481072,-0.006223925918245832,-0.006111479470929271
2023-02-07,0.010525791279409002,-0.001361476195263167,0.01307872901417273
2023-02-08,0.022763049555982517,0.0017723320417268873,-0.010934729595524217
2023-02-09,0.029956849516678652,-0.004082761011211078,-0.008669218922980781
2023-02-10,-0.05030873801899527,-0.0042362639327112595,0.002333417350187439
2023-02-13,-0.011427700782035255,0.0027447420138884127,0.011739204348954146
2023-02-14,0.0750616556523096,-0.0034210437880162203,-0.00046017933767084074
2023-02-15,0.02384709913101113,-0.0021975560952967044,0.003247435188628911
2023-02-16,-0.05694553722096751,-0.0038536976980481086,-0.013768945672768762
2023-02-17,0.031033480898909227,0.002210565228988104,-0.002498229824391407
2023-02-20,0.0,0.0,0.0
2023-02-21,-0.05251789433835996,-0.008684902046659393,-0.020060915899358434
2023-02-22,0.017682553475729224,0.0022250134323882342,-0.0013781902917651134
2023-02-23,0.006024129792842503,0.0036076198250611924,0.005319469267076604
2023-02-24,-0.025684180003413215,-0.005530116299964805,-0.010682404503352783
2023-02-27,0.0546017865369246,0.001668060444765862,0.0034058787209549912
2023-02-28,-0.009247209573726933,0.00027770380438929543,-0.0036958827011026596
2023-03-01,-0.014291975817664837,-0.005924152101838609,-0.0038359379613005506
2023-03-02,-0.05853928157947319,-0.0020983320423126894,0.00777725965661058
2023-03-03,0.03609219282314147,0.007710299301738166,0.016037888307064874
2023-03-06,-0.020122331071529054,-0.002364970325628324,0.0006927710985322744
2023-03-07,-0.03147407730028162,-0.001115780321692461,-0.015328919307852962
2023-03-08,-0.03041929843714275,-0.0008377405231119184,0.0016322036750409108
2023-03-09,-0.04989011995084991,0.0033535356015399476,-0.01844991344937985
2023-03-10,0.0030071956856769777,0.01197602465674974,-0.014429308703256982
2023-03-13,0.005996271168666301,0.00798129428473815,-0.0014252595144608193
2023-03-14,0.050320947926932424,-0.006279902340310284,0.01653008035025505
2023-03-15,-0.015333393227232373,0.010303773171680408,-0.006254394601055369
2023-03-16,0.020393505108375454,-0.004759418461787623,0.01754509583438235
2023-03-17,-0.02172378153438792,0.007241601608603432,-0.011692666310062827
2023-03-20,0.017320796272765726,-0.004340974120093266,0.009615624004294165
2023-03-21,0.07819919143822474,-0.0027245924160753665,0.013130411397976882
2023-03-22,-0.03254381959196684,0.008879694388661985,-0.01704638116018431
2023-03-23,0.0055977366381618765,0.002301997394280386,0.0027033154814173344
2023-03-24,-0.009416281069083654,0.0020265561488219674,0.0065622153177882225
2023-03-27,0.007352522816861606,-0.010381781571398019,0.0018698648243886673
2023-03-28,-0.013659325116185062,-0.0017710080899860925,-0.0022447869047769187
2023-03-29,0.024789906342217005,0.0010921394668557127,0.01453480284543418
2023-03-30,0.007220929756684091,0.0013627635905779645,0.005855353094197824
2023-03-31,0.06237201971890638,0.00517414562761398,0.014094634102164383
2023-04-03,-0.061168427796826186,0.0042497151332607785,0.0038105027886004006
2023-04-04,-0.011244043709844997,0.004056487046439683,-0.005548179821916799
2023-04-05,-0.036660076287605925,0.002693058511465285,-0.0026183048865248137
2023-04-06,-0.002479553165553039,-0.00026879758070863513,0.003900950085995447
2023-04-07,0.0,0.0,0.0
2023-04-10,-0.0029720256079851515,-0.006716425513994206,0.0010264209882686615
2023-04-11,0.012357047570192181,0.00040551897881258014,0.00026854154684419207
2023-04-12,-0.03346003653646468,0.001081515237824071,-0.004075980714352556
2023-04-13,0.029688716127604264,-0.0005398889016982045,0.013282705974950515
2023-04-14,-0.004841279860318459,-0.004459336099443267,-0.002442729523639109
2023-04-17,0.011026990735853115,-0.005428861159549436,0.003588299094701597
2023-04-18,-0.014595786064655836,0.0015013303822695168,0.000652259352437845
2023-04-19,-0.020183393575926356,-0.0013627789115130406,-0.00016904777920923042
2023-04-20,-0.09745828230593856,0.00436642961417566,-0.0054571801132903275
2023-04-21,0.012822849668400638,-0.0017659284456097435,0.0007769970779105684
2023-04-24,-0.015325895028073244,0.003946506605934319,0.0010432480284783274
2023-04-25,-0.011565701922588656,0.006506683750357567,-0.01587369474093181
2023-04-26,-0.04306963495243776,-0.003501868063993774,-0.004235726522193284
2023-04-27,0.041886194740853755,-0.004324664414242063,0.01990795468783957
2023-04-28,0.025719427270091355,0.005565150467255364,0.008535216404572665
2023-05-01,-0.015093395194377579,-0.010284109575826372,-0.001009712139653729
2023-05-02,-0.00939259874721976,0.009843969338915848,-0.01123931096330233
2023-05-03,0.0018713932775662467,0.004197230688225861,-0.0068639508212723355
2023-05-04,0.003673471985857102,-0.0013483448149307353,-0.007082925133827023
2023-05-05,0.05496278398315546,-0.003645196624632141,0.018512560979732084
2023-05-08,0.010172855182730478,-0.004742639419974992,0.00026649945492929206
2023-05-09,-0.015367597024416146,-0.0010890438412539671,-0.004385226883328097
2023-05-10,-0.0036062703657255835,0.006133595767955358,0.004672374635953158
2023-05-11,0.021003967520705658,0.0032513240462004322,-0.0017440780861609495
2023-05-12,-0.023826162598143963,-0.005266194060380536,-0.0013104014612403958
2023-05-15,-0.009703474612936969,-0.0025789680590241337,0.0034501955387429284
2023-05-16,0.001021930644472091,-0.00244994762942341,-0.006682775164243759
2023-05-17,0.04407876621166107,-0.0017734463821773572,0.012139140693924189
2023-05-18,0.01742780840135616,-0.004099857095553827,0.009633151171123844
2023-05-19,0.018373000232992265,-0.002744797724605119,-0.0014549304988918932
2023-05-22,0.04846228354123516,-0.0002752121007255637,0.00040600377899302487
2023-05-23,-0.01641335799687571,0.0006882775160865773,-0.01122287584739845
2023-05-24,-0.015449266889003499,-0.002751332100111803,-0.007244811654143812
2023-05-25,0.008583965973816943,-0.0037239022460295867,0.008659789785337768
2023-05-26,0.047162123329924865,0.0012458241206867449,0.012950774395976916
2023-05-29,0.0,0.0,0.0
2023-05-30,0.041362559242642094,0.006637174056655093,0.0003809317565162118
2023-05-31,0.013770078361723614,0.003297110386221158,-0.005545154611519609
2023-06-01,0.017604137329555458,0.0027039949099105787,0.009501072586989512
2023-06-02,0.031081326211682914,-0.00561242065169687,0.014461095061971907
2023-06-05,0.017011727666879306,0.00013725267247344242,-0.001916353451878905
2023-06-06,0.017002881015874438,0.0013768397298075108,0.0021775034847757446
2023-06-07,0.014730512862447087,-0.005635909655320459,-0.003457697440686136
2023-06-08,0.045820870777622646,0.004976077642065535,0.006048535685967638
2023-06-09,0.0406199151040636,-0.0020626285682650014,0.0017943577703385394
2023-06-12,0.02221770896144215,0.002066891798335746,0.009071808336502896
2023-06-13,0.035544128242966044,-0.00440161222513713,0.006592884394577725
2023-06-14,-0.007421371317580694,0.0008289075693337367,0.001190868252467725
2023-06-15,-0.0034659239799892383,0.006212526036005528,0.012397658280387747
2023-06-16,0.01813214052015355,-0.002195298382498878,-0.003406111664898126
2023-06-19,0.0,0.0,0.0
2023-06-20,0.05338912722001776,0.0013750946119741592,-0.00518825604258677
2023-06-21,-0.054618400747766804,0.0016475712658043928,-0.005123779750842661
2023-06-22,0.019848894111198723,-0.004797914256176705,0.003609826627912094
2023-06-23,-0.030270888067223778,0.0028925578312331,-0.0075600250367043875
2023-06-26,-0.060600166336257755,0.0012361908874973793,-0.004085818629337101
2023-06-27,0.03800042956291749,-0.0019204360227144113,0.010963416376261303
2023-06-28,0.0240996896954786,0.003161286701655719,0.0005042452319388158
2023-06-29,0.004917303362650394,-0.007535790870889514,0.0039414558743158246
2023-06-30,0.016582481606492783,0.00345121042972818,0.011800744503143612
2023-07-03,0.06895373445427366,-0.002840988725907434,0.0011505449628081976
2023-07-04,0.0,0.0,0.0
2023-07-05,0.009506123909958086,-0.004149379033419609,-0.0014872586515114472
2023-07-06,-0.021028045208104085,-0.006388937582108123,-0.007830706115290464
2023-07-07,-0.007630056425625198,-0.0005590812174782744,-0.0025247202636751176
2023-07-10,-0.01756370459810941,0.003496738681718181,0.0025311106099217273
2023-07-11,0.000667717084456676,0.002090476006737285,0.006368705050278978
2023-07-12,0.008154422401772665,0.007927539580115495,0.008045880339917932
2023-07-13,0.02172875427149612,0.00607154934324039,0.007936941905072326
2023-07-14,0.012522529912772917,-0.0046634684380167934,-0.0006229576723811858
2023-07-17,0.03198521516746822,0.0011024074896861524,0.0034722363463173256
2023-07-18,0.010193509901870401,0.0012392312713633835,0.007430645826267179
2023-07-19,-0.007090702250741598,0.002336838149782583,0.0022238238656573373
2023-07-20,-0.09737009860008494,-0.0046634684380167934,-0.006634655958958957
2023-07-21,-0.010954754468143868,0.0006893360371995616,0.0
2023-07-24,0.03476659075024635,-0.0016525297134010186,0.004467418678659962
2023-07-25,-0.014048906614123058,-0.001103240872449729,0.0027299948892376413
2023-07-26,-0.0035057022016762307,0.003313609057421285,0.00015365955697754785
2023-07-27,-0.032683938680391544,-0.008532758328147594,-0.006629934231915713
2023-07-28,0.04196157931177735,0.0034699469412871053,0.009790320720692636
2023-07-31,0.00371562162326855,0.0017989151204322873,0.0019039375281748594
2023-08-01,-0.023781870118334214,-0.006189037752922455,-0.0028615263263312984
2023-08-02,-0.02665954157355066,-0.0032044357739797746,-0.013910712998849495
2023-08-03,0.020502958173047814,-0.006149668435778688,-0.0028659107819104523
2023-08-04,-0.02105509239416581,0.008297139170344803,-0.004522635642915107
2023-08-07,-0.009493435973824349,-0.001533968056002366,0.008728470868461402
2023-08-08,-0.006959634206558429,0.0036315990011850374,-0.004348668665466349
2023-08-09,-0.03007606967809695,0.00027840545423907237,-0.006685360576306976
2023-08-10,0.013006292021680244,-0.005565514723932408,0.0003589579446625635
2023-08-11,-0.01096438608281991,-0.003218451819046786,-0.0005831150185188205
2023-08-14,-0.011910156448968756,-0.0012628496562554492,0.0055201285694388424
2023-08-15,-0.028361644764614224,-0.002249038153103844,-0.0116488506795005
2023-08-16,-0.03159340830287438,-0.002817194013659541,-0.007338212004490696
2023-08-17,-0.028280162722535862,-0.0009890097717889512,-0.0076198723162341775
2023-08-18,-0.017014851321818125,0.002121286789740884,0.00048121231704190137
2023-08-21,0.073274828918382,-0.004797632540189833,0.006506487935920013
2023-08-22,0.008258403978685713,0.0012759167635805202,-0.0027087996938408576
2023-08-23,0.01573823118710882,0.00906272646037598,0.011137833921969431
2023-08-24,-0.02879341090367582,-0.0023854539052413637,-0.013859137812014088
2023-08-25,0.037167463490241914,0.0,0.007049819261293555
2023-08-28,0.0009640428763089126,0.0018288638268546542,0.006341443012380932
2023-08-29,0.07687791972402569,0.006177457305538425,0.014454638449362456
2023-08-30,-0.0010887269121663268,-0.00041836625532754024,0.004118844804091193
2023-08-31,0.004593198535678855,0.0016756793581900187,-0.0014633102124032016
2023-09-01,-0.05064318329763218,-0.00480831273773874,0.0018651049890316962
2023-09-04,0.0,0.0,0.0
2023-09-05,0.046855214011356505,-0.005476404428226389,-0.004321764909229975
2023-09-06,-0.017817428513501543,-0.0011297858199545985,-0.00672239684663245
2023-09-07,-0.0017068620153485314,0.003392838243076346,-0.003070312919824514
2023-09-08,-0.01188916230408743,0.0002816339834119663,0.0015060267632474034
2023-09-11,0.10092549928477124,-0.001549312376197376,0.006576607383512734
2023-09-12,-0.022296863386701782,0.0007055070268475738,-0.005485591714502469
2023-09-13,0.014281354305895722,0.0015505052275901487,0.0011659501851086773
2023-09-14,0.017471511114000693,-0.0016890758614713786,0.008622414933880052
2023-09-15,-0.005977372284481253,-0.001973648948276674,-0.012048366419784906
2023-09-18,-0.033200974462619715,0.0009887759707931654,0.0005865188202998084
2023-09-19,0.004598918977371191,-0.002116712697047718,-0.002073836536015672
2023-09-20,-0.014671683535119606,-0.0012729569012323028,-0.009193320228928714
2023-09-21,-0.026238620989897266,-0.006230360787247147,-0.016528461814823703
2023-09-22,-0.042315182614647506,0.004132199566510231,-0.0022484069326135225
2023-09-25,0.008616467528091087,-0.007379372910898296,0.004205156486970951
2023-09-26,-0.011619945391094011,-0.0010004122002718052,-0.014691175204664564
2023-09-27,-0.014828753029631048,-0.0035774480418260257,0.00039908345724981586
2023-09-28,0.02444908475181906,0.002585043782782792,0.005797335572163442
2023-09-29,0.015585665483353939,-0.0004297098993435444,-0.0024268636313811154
2023-10-02,0.005515166158101437,-0.0068690747918896955,-0.0003976632327141738
2023-10-03,-0.020151062008054166,-0.008102650944570078,-0.013386022506523432
2023-10-04,0.05934371052307452,0.006564153666269057,0.007281922348852277
2023-10-05,-0.00425032873937603,0.0007249413987167053,-0.0003767914507379899
2023-10-06,0.001845841218459432,-0.003910429977892704,0.01187273879671391
2023-10-09,-0.003300907210654902,0.010177118812318309,0.006402199626290406
2023-10-10,0.015211543440507347,-0.0010073931817857762,0.005204854106252155
2023-10-11,-0.002389822071472425,0.004610271178606906,0.004096352843450335
2023-10-12,-0.015665976919941982,-0.008604596407207565,-0.006096469686584172
2023-10-13,-0.02993780718577166,0.004628764306179978,-0.004980900502325691
2023-10-16,0.01115006015531006,-0.005183322464068274,0.010521471064535604
2023-10-17,0.0036626021631882555,-0.006513151752701507,-4.5941728749832045e-05
2023-10-18,-0.04775363208267347,-0.004370829206617133,-0.013325009673050503
2023-10-19,-0.09300310180733784,-0.004389774434921945,-0.008786422431268592
2023-10-20,-0.036890623300491754,0.0036743863672346055,-0.012288038062324036
2023-10-23,0.0004245310418349302,0.003807685490657242,-0.0017331622013642134
2023-10-24,0.02093550737020089,0.003354901609702976,0.007539265295393394
2023-10-25,-0.018935922882932887,-0.007560272912825572,-0.014352073589537051
2023-10-26,-0.031352997455599385,0.0067386758379226475,-0.011974630405238051
2023-10-27,0.00748448962886572,0.0,-0.004532675487149418
2023-10-30,-0.04794984223383958,-0.002473298636127441,0.011955670422472364
2023-10-31,0.017632730628176496,-0.0002922067686318419,0.00628021243503829
2023-11-01,0.023999240251476817,0.009703325557437248,0.01066477903491414
2023-11-02,0.06248172039245192,0.00579805712333159,0.01916436384566822
2023-11-03,0.006635907937775798,0.005908987690552703,0.00912333393444631
2023-11-06,-0.0031369449915676917,-0.004298196300453583,0.002300464434067173
2023-11-07,0.013271256198382764,0.005035951101978853,0.0028461353693269853
2023-11-08,-0.00031502415940676265,0.003149668211975376,0.0007323487144050844
2023-11-09,-0.054612601186257326,-0.007421413745734573,-0.007798678313531648
2023-11-10,0.022240205086035525,0.0018690770736218276,0.015604731849851783
2023-11-13,0.04220830689495392,-0.000286913424082047,-0.0009531306976282572
2023-11-14,0.06123998273248876,0.012202366569232126,0.01940071592589887
2023-11-15,0.022871793909364557,-0.005531356003384169,0.0021170203185669756
2023-11-16,-0.038090924639652135,0.005989968551455949,0.0012231202616919123
2023-11-17,0.0030395424675642158,0.0014174286264063696,0.0012438032133850196
2023-11-20,0.005548455120893081,0.001415539459406645,0.007697542369812016
2023-11-21,0.023769060694616817,0.0014137723951557213,-0.002179377640801894
2023-11-22,-0.028980059381488954,0.0008469958211836381,0.0038608599683718214
2023-11-23,0.0,0.0,0.0
2023-11-24,0.00529435207219775,-0.004795697813289146,0.0006154583767550292
2023-11-27,0.0026757481035388775,0.006094225754214255,-0.0018010342637182486
2023-11-28,0.04506946504203557,0.004226147538701097,0.0009900900490733555
2023-11-29,-0.010457205813430348,0.005189938450771203,-0.0007034412578236227
2023-11-30,-0.016629792613843564,-0.0032096642439801704,0.003937471768640233
2023-12-01,-0.005206597761023168,0.008156822202119551,0.005915893741904821
2023-12-04,-0.01360800559009756,-0.004038177124324416,-0.005249432687849054
2023-12-05,0.013328802806870987,0.006431438868808481,-0.00019704602839842877
2023-12-06,0.002722829646282676,0.0029176902417229478,-0.0040297871834187315
2023-12-07,0.01366087788429815,-0.0002771865632384962,0.007630343736583667
2023-12-08,0.0049455858525417895,-0.004849481165402403,0.004299202041733841
2023-12-11,-0.01681426716823431,0.00013896274075864135,0.003889507077794896
2023-12-12,-0.011387381846063915,0.002923668382216249,0.004567400816386513
2023-12-13,0.009619842336358264,0.012770606412312535,0.013790098156239328
2023-12-14,0.04914543063053567,0.0075383411828280344,0.003209283739121771
2023-12-15,0.009758999874367902,-0.001496253307662343,-0.001646406224493191
2023-12-18,-0.005601570686174839,-0.0020433926521020718,0.005625002998402406
2023-12-19,0.0203903496997484,0.0019109889691648618,0.0060810028244657754
2023-12-20,-0.03918825045959673,0.0032702785536014023,-0.013857440789231457
2023-12-21,0.029780693649462897,-0.0001359948138254241,0.009481910874178379
2023-12-22,-0.007701401626197146,-0.0006671822624301216,0.002009757369049625
2023-12-25,0.0,0.0,0.0
2023-12-26,0.01611622781987765,0.0009540741657567686,0.004222463633294149
2023-12-27,0.018822405072142834,0.006400428666537117,0.0018080763240817532
2023-12-28,-0.03159428430420175,-0.002435534677989515,0.00037781567674510796
2023-12-29,-0.018563856087399966,-0.002305818364703116,-0.0028949680732826
2024-01-01,0.0,0.0,0.0
2024-01-02,-0.0002414583049958896,-0.004214925530687252,-0.005596340916772191
2024-01-03,-0.04013364984377277,0.0008191980034701896,-0.008166714160769972
2024-01-04,-0.0021807686270334248,-0.004502069376570383,-0.0032211252772047505
2024-01-05,-0.001849229589212631,-0.003014690119340968,0.00136965610094264
2024-01-08,0.012463646412957496,0.004398180990845546,0.014275906219535006
2024-01-09,-0.02283214932024613,-0.00013709455663701853,-0.0015169493490994057
2024-01-10,-0.004341182513256769,-0.0017790964274991827,0.005655462866969829
2024-01-11,-0.028725319101363445,0.005210571763378802,-0.00044077145832555065
2024-01-12,-0.036660513098772496,0.0020460958308357036,0.0006927962386671371
2024-01-15,0.0,0.0,0.0
2024-01-16,0.004659894354722027,-0.0070788650752217075,-0.0036712526764698383
2024-01-17,-0.019826295019533036,-0.002330476653964131,-0.005558677730028827
2024-01-18,-0.017026203279914,-0.00137422377096319,0.008892746932739337
2024-01-19,0.0014630807600990448,0.0,0.012466209606660783
2024-01-22,-0.015976244642273096,0.0016511341148934822,0.0021144240552344318
2024-01-23,0.0016283349277841364,-0.0023352790979414007,0.002916456305388726
2024-01-24,-0.006263735117226887,-0.002065536793803946,0.0010931593084426705
2024-01-25,-0.12125293136804816,0.0046915210565188215,0.005438825024638216
2024-01-26,0.0033948152034783963,-0.0015108270668368062,-0.0012704112592809569
2024-01-29,0.04190991910385411,0.003989414656573764,0.007919341692210757
2024-01-30,0.0034567835721344142,0.001780801419232425,-0.0007734772727157058
2024-01-31,-0.02244377647032403,0.004239600650584929,-0.016317198521413556
2024-02-01,0.008382761388752824,0.006036299561208214,0.013088157742291884
2024-02-02,-0.0050301649114266045,-0.008959429617642733,0.010527325128161236
2024-02-05,-0.03645365318513305,-0.007945339086774639,-0.0036411786690189185
2024-02-06,0.0223130928940527,0.004694907452231334,0.0029033349273559494
2024-02-07,0.01339813963135228,-0.001924077226831189,0.008340340803952184
2024-02-08,0.010555473441792307,-0.002616418719143976,0.0004417382916594992
2024-02-09,0.021154303741671487,-0.0008286850243969246,0.005779346733129076
2024-02-12,-0.028103539988478476,0.00027638189246470546,-0.0004389436824960846
2024-02-13,-0.021846598116614713,-0.008702661154150526,-0.013773029070145548
2024-02-14,0.025486372853585015,0.00376258590355949,0.00908766789289217
2024-02-15,0.06221180550417671,0.0027766364057928428,0.006899636850324242
2024-02-16,-0.0024943876658132247,-0.0031841540056475326,-0.004979874807310325
2024-02-19,0.0,0.0,0.0
2024-02-20,-0.030957752117438453,0.0012495967940342467,-0.005505327966968454
2024-02-21,0.00521268473502845,-0.002774212417509969,0.0009057524534730188
2024-02-22,0.013554445406056326,0.0004173978829633551,0.020695463631204447
2024-02-23,-0.027556873210526134,0.0036148747844182427,0.0006897095252564878
2024-02-26,0.03870392576202142,-0.0018008136496447946,-0.0036625532242956504
2024-02-27,0.0016549741281637331,-0.001526566896512982,0.001857754668721734
2024-02-28,0.01156560160219966,0.0022237003573173375,-0.001321563564598005
2024-02-29,-0.0007918650199801869,0.0016647288809987781,0.0035948658962507984
2024-03-01,0.003764585340074067,0.004193286336004798,0.009388311206947497
2024-03-04,-0.07155546804023882,-0.00235057024537888,-0.0010724618469014624
2024-03-05,-0.03933237971984138,0.005404983270802521,-0.009994162517870886
2024-03-06,-0.02323786698783792,0.0017922761219058003,0.005067288645729251
2024-03-07,0.011951969472048907,0.001651215150531904,0.009926369838117344
2024-03-08,-0.018527834714126334,0.0009615929074686669,-0.006002067994522742
2024-03-11,0.013858834181150304,-0.0004112503458419958,-0.0008599617759457168
2024-03-12,-0.0012938683737420131,-0.003021081546070614,0.010757367558509312
2024-03-13,-0.04539820808488959,-0.0016523543712775313,-0.0015674126309058733
2024-03-14,-0.04118477639544138,-0.0059321933513271086,-0.001976796640318468
2024-03-15,0.006584660456730784,-0.0005547238858453207,-0.006866602234009589
2024-03-18,0.06254200201423088,-0.0012499569929859122,0.005943107549627458
2024-03-19,-0.014269250195585559,0.0026411784401345617,0.005557133987472707
2024-03-20,0.025332688257929448,0.0018028272376930943,0.009249292694035072
2024-03-21,-0.016167575308454918,0.000830463534931436,0.003304692426053135
2024-03-22,-0.01151490226146512,0.0033193239391000606,-0.0018958809885589734
2024-03-25,0.010536808713131895,-0.0019301106733553564,-0.0027626439198537023
2024-03-26,0.029195349264770964,0.000828741542753475,-0.00184710475805816
2024-03-27,0.012157391142962881,0.0034496661880918378,0.008403847111814855
2024-03-28,-0.022465709302040393,-0.001237587993293543,-0.00019116131571905726
2024-03-29,0.0,0.0,0.0
2024-04-01,-0.003242460249155976,-0.006821980405553596,-0.0017397932941282113
2024-04-02,-0.049024062767074494,-0.0011121561272207092,-0.006358020206171711
2024-04-03,0.01050231020055925,0.0006960701150189319,0.0010984965402647262
2024-04-04,0.016213301154368365,0.0020863041476453237,-0.012206028811305725
2024-04-05,-0.036292482565110196,-0.004997271211267584,0.010446865363152424
2024-04-08,0.04899940648952894,-0.0008367392693818809,0.0005593040600206933
2024-04-09,0.02254601255405486,0.003630045060783349,0.001156747418819215
2024-04-10,-0.028946236061948905,-0.011685951551300144,-0.010013180940996791
2024-04-11,0.01653476762638495,0.0,0.0075469297768488985
2024-04-12,-0.020332204625772565,0.0022518650194003342,-0.013803126313320702
2024-04-15,-0.05594859487563397,-0.006600821446755001,-0.012528033068295308
2024-04-16,-0.027062145360474688,-0.0025448551469511305,-0.0018238493517245269
2024-04-17,-0.010565868854054306,0.004819084397078788,-0.005918219248078005
2024-04-18,-0.03550983840996058,-0.002680352443803047,-0.0020577277364434154
2024-04-19,-0.0192088959161848,0.001273313862468095,-0.008728316588987761
2024-04-22,-0.03400203941675628,0.00042374462631000753,0.009209120574001473
2024-04-23,0.018514534090260826,0.0018357559670703072,0.0118665427862501
2024-04-24,0.12061109407252757,-0.002537078791138292,-0.00047460947217670135
2024-04-25,0.04965143743002587,-0.0028261465911753048,-0.0037988637149392046
2024-04-26,-0.011105884774887609,0.0022673250659464017,0.009473902944366674
2024-04-29,0.1530691710339953,0.0029689592457748937,0.003541537079474244
2024-04-30,-0.05550118063944742,-0.003805867976505284,-0.015841221550222273
2024-05-01,-0.017950640048260635,0.003604772319815819,-0.0032472500815430294
2024-05-02,0.0001110562423569661,0.003959928002563062,0.00935341560514269
2024-05-03,0.006555235656792835,0.005071286918065354,0.012395304030355048
2024-05-06,0.019703030064167848,0.000980930863514251,0.010326778376232859
2024-05-07,-0.03761635178001177,0.0019601667974240566,0.001103565313794297
2024-05-08,-0.017378079862311324,-0.0023754973896450426,9.645401289692934e-05
2024-05-09,-0.01573946875450305,0.002661490496165264,0.005761968668006823
2024-05-10,-0.02035238689978358,-0.002794108478502144,0.0012881916088827161
2024-05-13,0.020300339194899042,0.0008405584423851753,0.00013437561726004077
2024-05-14,0.03292805679333921,0.002939654419073845,0.004588206039267684
2024-05-15,-0.02005067585133169,0.00642003439190697,0.012382959178020014
2024-05-16,0.004885285464054867,-0.001664210876248795,-0.0020577076120352755
2024-05-17,0.014985188920464187,-0.0025003082618233474,0.001437610194177541
2024-05-20,-0.014144086952910362,-0.0009747604841088275,0.0011520878427233594
2024-05-21,0.06659050790792542,0.0020909076281812045,0.0024526770715569413
2024-05-22,-0.03478030697150003,-0.0012517233811185635,-0.002879429591557292
2024-05-23,-0.03536724832380789,-0.002924914440450288,-0.0073041499193599035
2024-05-24,0.03165649721483632,0.0011175325897800903,0.006616626955840754
2024-05-27,0.0,0.0,0.0
2024-05-28,-0.01389201861667555,-0.0047439281439951575,0.0006985906416647758
2024-05-29,-0.0031683030189180172,-0.003645390190540776,-0.007002448067707001
2024-05-30,0.014756744473008343,0.004362038813075175,-0.006633769512759957
2024-05-31,-0.003971091681523098,0.003642495837920423,0.009107967077624624
2024-06-03,-0.0100517100545634,0.005586600419468679,0.0008155419742239545
2024-06-04,-0.008622094682395387,0.00375930050561446,0.001118005187666915
2024-06-05,0.0013159908560766986,0.0027744043883253244,0.011885127465900425
2024-06-06,0.01680001395089281,0.00013822431418364367,-1.889155106860052e-05
2024-06-07,-0.0025851787543875737,-0.008022179190173562,-0.00121572926263247
2024-06-10,-0.020791089307163446,-0.0015336816744419002,0.0030900180100237318
2024-06-11,-0.018010183238054034,0.004049625338359952,0.0024081786584784215
2024-06-12,0.03884911216309472,0.004589751962234212,0.008212889503495635
2024-06-13,0.029217711832219218,0.004430443230570402,0.00201357733672225
2024-06-14,-0.024442410719736185,0.001516135510992278,0.0006083880074114756
2024-06-17,0.052974598199923895,-0.00371584058289931,0.007959029252528227
2024-06-18,-0.013764414198944475,0.0034535208751114155,0.0025406231313291894
2024-06-19,0.0,0.0,0.0
2024-06-20,-0.017797215597047833,-0.0019272665770585506,-0.0027165214338850108
2024-06-21,0.00793075466503601,0.00027564785349576404,-0.0013405881558392618
2024-06-24,-0.0023495584322592578,0.0005515907795388131,-0.0032507903548967265
2024-06-25,0.026125557150967316,0.0005515100687443208,0.003850781418456739
2024-06-26,0.04814512260377568,-0.004683353989607952,0.0012481747070434146
2024-06-27,0.0053470646120412635,0.0017991200887426118,0.0015764451725310824
2024-06-28,0.002330091774560339,-0.004697052590263762,-0.003934966637015758
2024-07-01,0.060541719385108106,-0.005276207654184684,0.0020581077993058194
2024-07-02,0.10197271435359379,0.0029390224086889294,0.0067296445915709935
2024-07-03,0.06542422054051067,0.005721582425838756,0.004462590190542848
2024-07-04,0.0,0.0,0.0
2024-07-05,0.02082067005771515,0.004578780242986413,0.005766543297254234
2024-07-08,0.005645666924397386,0.0,0.0011538228379379678
2024-07-09,0.03712336538398886,-0.00041433521738876156,0.0009727413061035861
2024-07-10,0.003545241645880992,0.0008291255611139192,0.009894965300587533
2024-07-11,-0.08444127539962887,0.004970520544375745,-0.008622491731371862
2024-07-12,0.029871787680814776,0.0026102105549870025,0.006307564610181116
2024-07-15,0.01776579679334911,-0.0031516190115613574,0.0027500660630705998
2024-07-16,0.015516142251486675,0.003848782397925632,0.005930089601585253
2024-07-17,-0.031415644041518975,0.0009583682317801934,-0.014021057167003304
2024-07-18,0.002937608561525362,-0.002599031430862042,-0.007684861962399481
2024-07-19,-0.040243947162209914,-0.002606247236679793,-0.006640623418591285
2024-07-22,0.05146320115237035,-0.0004120676150850544,0.010309807041212204
2024-07-23,-0.020396762498772203,0.00013737544653968925,-0.0015685075770300871
2024-07-24,-0.12334604589403697,-0.0028884887964930606,-0.022662596071628127
2024-07-25,0.01972310939623889,0.002207080870015421,-0.0052103261236523535
2024-07-26,-0.0020431189477511102,0.003991531410026061,0.011199798871120326
2024-07-29,0.055959976710561854,0.0012341356470366716,0.0005877768667053029
2024-07-30,-0.04084450985365373,0.0012325038058713655,-0.005066355012665835
2024-07-31,0.04244907202543402,0.00547032726719876,0.016254345324341557
2024-08-01,-0.06554059651757449,0.0037381429593252857,-0.014160936607910513
2024-08-02,-0.042377581921705376,0.011417682743247948,-0.018618269619143257
2024-08-05,-0.04232673647438423,-0.000940543146618511,-0.029123627447927514
2024-08-06,0.008849529684359148,-0.006187815493429283,0.009219520445592932
2024-08-07,-0.044258397676563366,-0.002436527791450871,-0.006684062018611492
2024-08-08,0.036921162045623124,-0.001492437812358971,0.02311738240897121
2024-08-09,0.005833854775063374,0.003532872747188831,0.004409454684124681
2024-08-12,-0.012549972534179665,0.0017604358804774733,0.0005255429376276322
2024-08-13,0.05235706137163754,0.0037849107224221523,0.01644573679548733
2024-08-14,-0.0310349655555765,0.0018852111309564101,0.0031544992605065936
2024-08-15,0.06336276788880446,-0.0041667036554358106,0.017140313838470922
2024-08-16,0.009246267550119258,0.002159579498942854,0.0022421660719920133
2024-08-19,0.030538618603692225,0.0012122474416698115,0.009561341222614317
2024-08-20,-0.007273684933137958,0.0029593947293433676,-0.001626127499857244
2024-08-21,0.009814554993405888,0.0021458578375663784,0.0034366485968408966
2024-08-22,-0.056478704568676985,-0.004015083701565003,-0.007848596735468005
2024-08-23,0.04585589810206048,0.004434320783512469,0.010625422082696234
2024-08-26,-0.0322712435275504,-0.001070417387354028,-0.0023838106519552538
2024-08-27,-0.018760845523390857,0.0,0.0013731268980929912
2024-08-28,-0.01653843794670573,-0.0006696468540512424,-0.005805486326240339
2024-08-29,0.002575935743848623,-0.001473821692833277,8.972368777704354e-05
2024-08-30,0.03795812428442069,-0.0020132539216508594,0.009546033305428026
2024-09-02,0.0,0.0,0.0
2024-09-03,-0.016393416920415627,0.004262315111927206,-0.02057917669180309
2024-09-04,0.04183284569452206,0.004432653372913098,-0.002046705778586344
2024-09-05,0.04904058305110959,0.002407189719559222,-0.0024321834692743183
2024-09-06,-0.0844593239607937,0.0012005438494704368,-0.01683000477309804
2024-09-09,0.026289605928169646,0.0013323143033441287,0.011195954214628046
2024-09-10,0.04577608406578748,0.0033268882775672193,0.0043559794140533015
2024-09-11,0.008666077418469476,-0.0005305796865298085,0.010258750730454347
2024-09-12,0.007364189890953776,-0.0010616161456865614,0.008423324342266225
2024-09-13,0.0020886633855721204,0.0021255954136547572,0.005222631596265348
2024-09-16,-0.015241628421408637,0.0026509593907722007,0.0014770818427416454
2024-09-17,0.004806404196833203,-0.0013218159506910299,0.0004085604681087762
2024-09-18,-0.0029402649901351108,-0.0030451253863278405,-0.002965931032031688
2024-09-19,0.07359155565707187,0.0,0.017064510900899554
2024-09-20,-0.02324531900421767,-0.0001325369034772539,-0.0017288258830803205
2024-09-23,0.04931794333683115,-0.0006641586891376061,0.00249899768592754
2024-09-24,0.017080017089843746,0.0011962374756551153,0.0028612616046035377
2024-09-25,0.010815214909361437,-0.003716588936630294,-0.0022055195904171487
2024-09-26,-0.01089404681602335,0.0,0.003964710640578684
2024-09-27,0.024545630573566513,0.0029308719258394067,-0.0014503104645270382
2024-09-30,0.004492104223754234,-0.002258078451932488,0.0040072655540939195
2024-10-01,-0.013798172234708361,0.0029507304982372418,-0.00895843905001259
2024-10-02,-0.03488095932262847,-0.0018638308722451757,0.0004220218475032844
2024-10-03,-0.03357160254966751,-0.004401450661066675,-0.0018282077257869567
2024-10-04,0.03914235030998814,-0.00656507250134275,0.009087399438999277
2024-10-07,-0.03698816351676526,-0.0029670735707697515,-0.009040490210560193
2024-10-08,0.015238957526229946,0.0014877892013447358,0.009457535807176232
2024-10-09,-0.014110416966225725,-0.0027012492899488594,0.006926514839335152
2024-10-10,-0.009458613360014412,-0.00040595958208278216,-0.0017500184384802164
2024-10-11,-0.08782510719719305,0.0001353748173986702,0.005988197182801747
2024-10-14,0.00624426350457119,-0.000677324761333864,0.008178304812447301
2024-10-15,0.0018707960177875016,0.003930929213970424,-0.007769674168455198
2024-10-16,0.008015641700267029,0.0013505842279479818,0.004346521836751771
2024-10-17,-0.001987992760882462,-0.004854271452267467,8.56561672069045e-05
2024-10-18,-0.0008601676940163117,0.0005415725848840758,0.003846536871981332
2024-10-21,-0.008382378207102636,-0.006771197644740434,-0.0016420778936124814
2024-10-22,-0.004021041161846095,0.0004090546601609457,-0.0005311320001563091
2024-10-23,-0.019819274670942355,-0.002453324417179936,-0.00913749969329225
2024-10-24,0.21919035070290427,0.0016394626211930774,0.0021628398893882572
2024-10-25,0.03343823359841336,-0.0020456736421542443,-0.0003452904226192155
2024-10-28,-0.024815158866218545,-0.0012305111611652375,0.0030914595207236495
2024-10-29,-0.01139012091242797,0.0008210227403466774,0.0016182515735816416
2024-10-30,-0.007590942139718337,-0.0009570923311635893,-0.003025192542508992
2024-10-31,-0.029897037679701755,-0.00013687411734553123,-0.019603186811778084
2024-11-01,-0.003482130697311625,-0.003872456631598409,0.004220505791672879
2024-11-04,-0.024660613282231236,0.003997758948800945,-0.002154008107585814
2024-11-05,0.03541429020427711,0.002471472097417493,0.01209183321181917
2024-11-06,0.14751032444224466,-0.008217674860764856,0.024865656308564077
2024-11-07,0.02904379065700735,0.007457199144605742,0.007732072780885613
2024-11-08,0.08187665372925301,0.001919154797268785,0.004331595556158918
2024-11-11,0.08959591143118995,-0.001915478697138151,0.0009530276780946867
2024-11-12,-0.06145717075892854,-0.006031535583138736,-0.003106368733698628
2024-11-13,0.005327407385385952,-0.000413656475578561,0.0004858996711121222
2024-11-14,-0.05771559508909463,-0.00027573827988425226,-0.006430141568734227
2024-11-15,0.030657525449785616,0.0002758143324539386,-0.012808700906950077
2024-11-18,0.056186046847983784,0.0009658548134443556,0.0040973288821755105
2024-11-19,0.021432396454288627,0.001791779530698312,0.0036554294963737632
2024-11-20,-0.011473991967350106,-0.0011006867569361978,0.0003389259793638022
2024-11-21,-0.006987644766217049,-0.0005511147072759792,0.005368094860406014
2024-11-22,0.038040225983177356,0.00041359145106478756,0.0030996051471041675
2024-11-25,-0.039624464821427674,0.009230051665463312,0.003391965367223193
2024-11-26,-0.001063189566898104,-0.0017747412162566478,0.005221569865871967
2024-11-27,-0.015788061864523528,0.0027347300898781235,-0.0030301626777003987
2024-11-28,0.0,0.0,0.0
2024-11-29,0.03685898787510977,0.003682148816281039,0.00621221866016386
2024-12-02,0.034563659025395044,0.0005860281519074473,0.0017924158116762179
2024-12-03,-0.01587830229999254,-0.0023155363438954746,0.0004637510976623904
2024-12-04,0.018524782309774723,0.0034130908911569335,0.006209414297781324
2024-12-05,0.03229681165351517,0.0001360852359102438,-0.0016454011206917807
2024-12-06,0.053397958017247005,0.00272068490162769,0.001895477958876901
2024-12-09,0.0014644862094215227,-0.002984805871028673,-0.005149668845008115
2024-12-10,0.02873337295448497,-0.0010885053488673968,-0.003109156040839278
2024-12-11,0.05930322291934931,-0.002179599757065942,0.007730681083374602
2024-12-12,-0.015702575706076027,-0.003958963825625217,-0.005152534019413069
2024-12-13,0.04336284290396253,-0.003974699517231728,-0.00019849097645252556
2024-12-16,0.06141250567967771,0.0011006782223279554,0.004269941433536983
2024-12-17,0.036369912179738284,0.0001375975747825997,-0.004120063778329963
2024-12-18,-0.0827949436951747,-0.007833999226366184,-0.029803507576069865
2024-12-19,-0.008997322180141931,-0.0027703227917111883,-0.00030711433636354535
2024-12-20,-0.034642491239586515,0.003055676988027667,0.012011056129754172
2024-12-23,0.022657123925894362,-0.003184774439818683,0.005988205350786702
2024-12-24,0.07357174228224572,0.0014352455311221757,0.011115010835580641
2024-12-25,0.0,0.0,0.0
2024-12-26,-0.017629994630971146,0.0006961170006432038,6.67532679061722e-05
2024-12-27,-0.04947922616674816,-0.002086346712368514,-0.010526595756151558
2024-12-30,-0.03301209257078741,0.0039024055917309397,-0.011411559325506193
2024-12-31,-0.03251001941775111,-0.0016656908752139543,-0.0036381151004925005
2025-01-01,0.0,0.0,0.0
2025-01-02,-0.06081615932376483,0.0004171450820007472,-0.002457095136152776
2025-01-03,0.08215567328200035,-0.0012513544395850174,0.012503430133333104
2025-01-06,0.0014861742226248698,-0.0009741884761617081,0.00576062501545227
2025-01-07,-0.040603340073111505,-0.0034829845799948522,-0.011304137676379167
2025-01-08,0.0014707807875757872,0.0011185925426868693,0.0014609467409063548
2025-01-09,0.0,0.0,0.0
2025-01-10,-0.0005064369418008585,-0.005166823871437409,-0.015267280327329491
2025-01-13,0.021710512074366584,-0.000982529894794193,0.0015504728649695654
2025-01-14,-0.017232432245921525,0.000702322165497149,0.001376005543533898
2025-01-15,0.08038151439752794,0.008003437203766062,0.01818997001237177
2025-01-16,-0.03362756026209679,0.0019501156634802452,-0.0019232490094934773
2025-01-17,0.030641323404759335,0.00027798272096446475,0.010039955457300076
2025-01-20,0.0,0.0,0.0
2025-01-21,-0.00569752092797482,0.002918944422213521,0.009153454992920862
2025-01-22,-0.021128638710367298,-0.0020787194068438986,0.005621517783177543
2025-01-23,-0.006576523247056931,-0.001527591649165605,0.005458227144851113
2025-01-24,-0.014064741844588391,0.0019471319103270268,-0.00291932777075099
2025-01-27,-0.023193450212053546,0.005274817321879066,-0.014145437980206954
2025-01-28,0.0023668700890153715,-0.0005522036726910429,0.008592433334178251
2025-01-29,-0.02258280870425211,-0.000552947095148415,-0.004482967817447614
2025-01-30,0.028732954254456988,0.0013825843275021565,0.005367133984724104
2025-01-31,0.010792463618949588,-0.0013806754272949195,-0.005321947511904845
2025-02-03,-0.05170542044525339,0.0009013660393650813,-0.006729584200247607
2025-02-04,0.022232065633156273,0.0013858305047464992,0.006708340788422751
2025-02-05,-0.035797094243459227,0.005119525048096651,0.0040544370591000245
2025-02-06,-0.010180622383618276,-0.0011010774277168123,0.0034756526992263392
2025-02-07,-0.0339282217314959,-0.00303209054193454,-0.009153707054282978
2025-02-10,-0.030114441341470455,0.0002764928510206044,0.0067914046259505145
2025-02-11,-0.06338211812502892,-0.0016581707766220033,0.000760604563218914
2025-02-12,0.0243835913717656,-0.005121869008326008,-0.003221594137696404
2025-02-13,0.05773971683431944,0.0059828104612118516,0.010557675894824925
2025-02-14,-0.0002809633725618932,0.003181427070418019,-4.9322114628491676e-05
2025-02-17,0.0,0.0,0.0
2025-02-18,-0.004861766535893763,-0.0037228746805499924,0.0029358740370573067
2025-02-19,0.018214714280444966,0.0013839949139007324,0.0023549924982582127
2025-02-20,-0.01708454543992588,0.0012437646518459466,-0.004160417309149511
2025-02-21,-0.046839747148427646,0.004416841503840807,-0.017104137512959805
2025-02-24,-0.021521578674915554,0.0013744038654959212,-0.004550335305200215
2025-02-25,-0.0838955952220366,0.00631253886005867,-0.004973260594429596
2025-02-26,-0.039630120487999076,0.0014999643147999286,0.0005049348837677936
2025-02-27,-0.030433204805490277,-0.0012254739696044847,-0.015962077640752192
2025-02-28,0.03912040539724382,0.004226411856845802,0.015605643156610283
2025-03-03,-0.02843203214376444,0.002301311453451804,-0.01751996351713747
2025-03-04,-0.04429996705409467,-0.0028530621589341054,-0.011836812583395306
2025-03-05,0.025952056083059283,-0.0035421678518279265,0.010747866392979866
2025-03-06,-0.056073068986891905,-0.0008203373836862538,-0.017751261203029833
2025-03-07,-0.0029607088371812473,-0.0010948609485609273,0.005604909012687731
2025-03-10,-0.1542620682219512,0.004657530341702021,-0.02663549477866589
2025-03-11,0.037947369642955975,-0.0038179453534270547,-0.008312899181972977
2025-03-12,0.0759389121683911,-0.0020528739101929316,0.0053064290313020734
2025-03-13,-0.02986820819658198,0.003017212348332521,-0.013330354409111678
2025-03-14,0.038640532386444715,-0.002461133725335629,0.020655675212473135
2025-03-17,-0.04788383640805238,0.0013708259877576179,0.007711280088294359
2025-03-18,-0.05335909096824687,0.0010948789725508945,-0.010808298306289488
2025-03-19,0.046824389357219776,0.0030085672976829514,0.010890731106491858
2025-03-20,0.0016958954271570903,0.00040877947411233073,-0.0028916568888006644
2025-03-21,0.05269623506518384,-0.0008175471330261752,0.00032989529509896975
2025-03-24,0.11933580126800525,-0.004364464030314541,0.017908465851977917
2025-03-25,0.03502280788451673,0.001233190078418378,0.0024038765740486134
2025-03-26,-0.05580626179068926,-0.002189206307027902,-0.011938349429337136
2025-03-27,0.0039329829222258805,-0.0004114578306521066,-0.0026556654593491436
2025-03-28,-0.03507493471452938,0.005761267037603268,-0.020138263417040614
2025-03-31,-0.016657121359109794,0.001772962726930949,0.006712770962271408
2025-04-01,0.035885119854736525,0.003141836248057084,0.0028243703251151775
2025-04-02,0.05326685079977622,-0.0008173122131583943,0.006328429720374507
2025-04-03,-0.05474611137253549,0.0051789745112269525,-0.049280731244662146
2025-04-04,-0.10419786826814681,0.0008133402283339031,-0.0585430179907348
2025-04-07,-0.025644236634809525,-0.012056622330096967,-0.001781215858176255
2025-04-08,-0.048994783337158565,-0.005758717524332102,-0.015662717811204874
2025-04-09,0.22689989839624536,0.0023445882744148605,0.10501933848666689
2025-04-10,-0.07274069589492627,-0.00798034542942383,-0.04381893947325921
2025-04-11,-0.00035656236159631316,-0.001109603502262968,0.01784269663448823
2025-04-14,0.00015856900364230597,0.005693048596542738,0.009701418706801856
2025-04-15,0.0069744183248166,0.0024848258902629983,-0.002800946751292277
2025-04-16,-0.049427403598542585,0.0027545791984799894,-0.022227846390724837
2025-04-17,-0.0007452201709629014,-0.0021974588031774545,0.0014266710298758145
2025-04-18,0.0,0.0,0.0
2025-04-21,-0.05746362595919796,-0.0055057997278731285,-0.02380272645010273
2025-04-22,0.04602198338770602,0.0017993213534437391,0.02601788486974521
2025-04-23,0.0536622440095611,0.0020723359433274524,0.015495305634686263
2025-04-24,0.0349764859229853,0.005652800663439983,0.021049069381725127
2025-04-25,0.09803091011549903,0.0032903672634954084,0.007225181113781787
2025-04-28,0.0032637046356942534,0.00246000426426507,0.00038138168625501123
2025-04-29,0.021512501019458785,0.002589870642478065,0.006299284234733804
2025-04-30,-0.03379788089732105,-0.0006800036104496199,0.0003970648080848793
2025-05-01,-0.005812356915055328,-0.0027846101732815765,0.007086819871739536
2025-05-02,0.023848576584252656,-0.0049270588205029275,0.014844159530811085
2025-05-05,-0.024198258752220814,-0.0013756914004583454,-0.0057343194259684704
2025-05-06,-0.017519458684867262,0.0022038579973746586,-0.008358391135077414
2025-05-07,0.003159597232260225,0.0019241217730032734,0.004205552130898571
2025-05-08,0.031134624811778533,-0.005349629477007345,0.0069677939758885366
2025-05-09,0.04718770485146129,0.0008272969099487604,-0.0012741318546691804
2025-05-12,0.06745790403815088,-0.003444796600311051,0.03304739524694744
2025-05-13,0.049280740626853614,-0.0004149517780986933,0.00660390698601776
2025-05-14,0.04073991993646375,-0.003458139204348454,0.0012780408102288643
2025-05-15,-0.013978329078298546,0.005413708844409504,0.004884346213138491
2025-05-16,0.0208856061756566,0.0006900313606386099,0.006334031066959067
2025-05-19,-0.022544186527114873,-0.00027584382766210336,0.001093839786922457
2025-05-20,0.005057180873010214,-0.0017941820989455515,-0.0033621824491902874
2025-05-21,-0.026758222357769146,-0.0062214685597780095,-0.016850696938976673
2025-05-22,0.019185982671137136,0.002782553065433291,0.00039452286077779064
2025-05-23,-0.004984788190348977,0.0015260489250459308,-0.006825668653144379
2025-05-26,0.0,0.0,0.0
2025-05-27,0.06939947711644767,0.004709809619159122,0.02079060009427791
2025-05-28,-0.016506435862546853,-0.0022060928198005536,-0.005785487966141312
2025-05-29,0.004286911755287504,0.0035926105195747127,0.003947421349072666
2025-05-30,-0.03339564619395741,0.001927781565387976,-0.0011185408050885526
2025-06-02,-0.01088145559849063,-0.0022061347765400807,0.005633020115018983
2025-06-03,0.004610541775392996,-0.0011053984298574626,0.005702639449530089
2025-06-04,-0.03549540073392177,0.006225003430861964,-0.0002685389754887302
2025-06-05,-0.14259893789082123,-0.0019246340931073913,-0.004832830393470822
2025-06-06,0.036670186138995975,-0.005371865551661026,0.010269041453009553
2025-06-09,0.04553761352840424,0.0015231417341159403,0.000901294345408088
2025-06-10,0.05674382827003055,0.0019360275538014005,0.005669725186957297
2025-06-11,0.0010426457165473302,0.003173870676619117,-0.0028520075838471826
2025-06-12,-0.022424432461661592,0.003714578461436746,0.003974254114539111
2025-06-13,0.019429076154419578,-0.0035636803935742423,-0.01118010433553962
2025-06-16,0.011742668079331553,-0.0019255859536047026,0.009514168641802545
2025-06-17,-0.03882963749794621,0.003169711900016692,-0.008545153169998598
2025-06-18,0.0180179597897272,0.0005495637321821789,-0.00015053461425473813
2025-06-19,0.0,0.0,0.0
2025-06-20,0.0003416111576173275,0.0006864433809068426,-0.002348631711546645
2025-06-23,0.0823193093872907,0.002469715197712663,0.009877538397528252
2025-06-24,-0.023545920693855638,0.0030112704161644466,0.011047192108078807
2025-06-25,-0.037947582404945,0.00027299777224021327,0.000560355916550126
2025-06-26,-0.0054037218123500486,0.0028650021222631494,0.007823805236792936
2025-06-27,-0.006599526995335614,-0.002312742552073921,0.0049683437757206406
2025-06-30,-0.018446995428822777,0.003954218169735624,0.004781261408467019
2025-07-01,-0.05335897504131726,-0.0007493748672242617,-0.00032369192397596613
2025-07-02,0.04968242780731846,-0.00109069186103683,0.004533253666217929
2025-07-03,-0.0009503811144286889,-0.002457028290394736,0.007881390031799329
2025-07-04,0.0,0.0,0.0
2025-07-07,-0.06789282780315342,-0.003284142352511399,-0.007451942851096072
2025-07-08,0.013165935514200422,-0.0005490359612145834,-0.0005477079539696339
2025-07-09,-0.0064806174796113725,0.003983552362985199,0.005996621705197658
2025-07-10,0.0472826483827995,0.00013668303279201766,0.002820301211159615
2025-07-11,0.01174690904506881,-0.004103868740062189,-0.003515461852628743
2025-07-14,0.010813001260769006,-0.00013744126683656877,0.0019081373370650745
2025-07-15,-0.01931207079538977,-0.0030223063847999443,-0.00427322003118924
2025-07-16,0.03504091219258654,0.00192909676822417,0.0033432619517372864
2025-07-17,-0.007025863995037018,0.000275115792609526,0.006119641699551259
2025-07-18,0.03205907804067243,0.0016498128368531706,-0.0007323729567987325
2025-07-21,-0.0035188948387289143,0.00288257721841223,0.00189619482624237
2025-07-22,0.0110201078413521,0.0016427871834485686,0.00014312186670739635
2025-07-23,0.0013550095657464123,-0.0020498502748107494,0.008507504281572098
2025-07-24,-0.08197020076301287,-0.001232329936710852,0.0003310219868288833
2025-07-25,0.03524405566934252,0.0024678075649848807,0.0042243586394272725
2025-07-28,0.030152499060024596,-0.0016412259268153706,-0.0002510907174575472
2025-07-29,-0.013483166498468035,0.005205475042763474,-0.0026376929395429682
2025-07-30,-0.006724793213012448,-0.0025892591972511703,-0.0012592832521511887
2025-07-31,-0.03375758288237862,0.00013660259668246688,-0.0037511687632163504
2025-08-01,-0.01829559909125389,0.008662504169264507,-0.016390498886999505
2025-08-04,0.021907956170373222,0.0006794784033774537,0.015199785864552506
2025-08-05,-0.0017461311772288823,0.00040743127690578973,-0.005069968581366768
2025-08-06,0.03624644466558724,-0.000814425424810139,0.007659737526496846
2025-08-07,0.007377028928595486,-0.0004075973018723422,-0.0008376709197908117
2025-08-08,0.02290006868278205,-0.0021745630401430738,0.007797598941873041
2025-08-11,0.02845443669493286,0.0006811573231542134,-0.0019774524562664597
2025-08-12,0.005338753399730889,0.00013605429252350199,0.01064607776285631
2025-08-13,-0.004283509772223915,0.003674443678019168,0.003423088766683291
2025-08-14,-0.011196942235471519,-0.0028474495715944403,9.299781650273786e-05
2025-08-15,-0.014959143019665277,-0.0013598806730017454,-0.002341195058344292
2025-08-18,0.013915797850586165,-0.0010891959052147238,-0.0002177065030134484
2025-08-19,-0.017454368181154756,0.0019083561963277873,-0.005425144946620719
2025-08-20,-0.016428300696053943,0.0006803103641717101,-0.0026570426982367445
2025-08-21,-0.011701168929731831,-0.0024473679354946043,-0.004011862429981972
2025-08-22,0.062166209505171155,0.00504287852478047,0.015356883316778536
2025-08-25,0.019381771561470362,-0.0013560872754424524,-0.004401156151292773
2025-08-26,0.01462783391499567,0.0012222938307175912,0.004187098314019977
2025-08-27,-0.0058862207330171445,0.0009493370995490302,0.0022784921171898898
2025-08-28,-0.010354676927882056,0.0012194336426873953,0.0035414005434608598
2025-08-29,-0.03500206799409333,-0.001217948435390137,-0.005963709384858351
2025-09-01,0.0,0.0,0.0
2025-09-02,-0.01350828116207925,-0.002134455457467266,-0.0074102876897714776
2025-09-03,0.014361219324440011,0.003269870687839571,0.005419563658397131
2025-09-04,0.01328983953448204,0.003802275781604525,0.008357388769671292
2025-09-05,0.036363092201525005,0.004734789272495377,-0.002896204096427546
2025-09-08,-0.01265534855703887,0.003231463134407919,0.002456585107699638
2025-09-09,0.001645517708609212,-0.001878939764695331,0.002311868135340678
2025-09-10,0.0023633378140295314,0.001747991924254455,0.002890909713888945
2025-09-11,0.06043873744853956,0.0021476924781587137,0.008310219325036394
2025-09-12,0.07356092584909457,-0.0012055591755113504,-0.0003346350028212708
2025-09-15,0.03561147147692467,0.001877531737116911,0.005323924934497848
2025-09-16,0.028241113869250656,0.00013387286650456964,-0.0013768510142991852
2025-09-17,0.01005642588937583,-0.0017400108676975945,-0.001242399741884448
2025-09-18,-0.021157139806429193,-0.002547158862467258,0.004672477269690223
2025-09-19,0.022118270566640064,0.0004031881471620036,0.0049528251606558715
2025-09-22,0.019104804353584193,-0.0018808556065322835,0.004731035459799804
2025-09-23,-0.019253323313789705,0.002019029608966161,-0.005443520514135325
2025-09-24,0.03977927016229388,-0.002014961342355126,-0.00318164448653413
2025-09-25,-0.04381307961359793,-0.001077037746677223,-0.0046134329671143615
2025-09-26,0.0401756741055197,0.0,0.005729075724434596
2025-09-29,0.00638055766924972,0.0025604101822314096,0.002810389450384143
2025-09-30,0.0034069849388267404,-0.00040318814716189255,0.00376684572535102
2025-10-01,0.033144428390707636,0.00252237136581579,0.003407569706178837
2025-10-02,-0.051059922281332826,0.0010765933166414499,0.0011517801124745208
2025-10-03,-0.014151406944344913,-0.0012098520041261551,-1.4818614668121732e-05
2025-10-06,0.054486690457546505,-0.0022877446767037846,0.003586249365854499
2025-10-07,-0.044478772558432134,0.001888430660290874,-0.003707511977453004
2025-10-08,0.012930352007360923,0.0,0.005963096319924199
2025-10-09,-0.007180455170972544,-0.0006730645659667189,-0.002897030241612586
2025-10-10,-0.05062684914805626,0.00390669436715263,-0.027027820787662193
2025-10-13,0.054197209585187034,0.0016104006905617307,0.015344092809244536
2025-10-14,-0.015278742269702716,0.001473723957061912,-0.0012216512196846496
2025-10-15,0.013768529951932784,-0.0006689356193272378,0.004439541098594013
2025-10-16,-0.01470755828163206,0.0037483407233671606,-0.006810210567109287
2025-10-17,0.02462973191508744,-0.001333767372885153,0.005676314860669995
2025-10-20,0.018483519979771268,0.0013355486841450936,0.01040043503835153
2025-10-21,-0.010794954856246153,0.0012001851244451966,-1.4955077773270986e-05
2025-10-22,-0.008201547294971134,0.0,-0.005198882255361581
2025-10-23,0.022803402824313368,-0.001998047521263424,0.005929966083050742
2025-10-24,-0.03398817183887881,0.0013347327511064044,0.008172547247097484
2025-10-27,0.043115401997602554,0.0005332225260226142,0.011797667854098304
2025-10-28,0.017969970655449252,0.0005328357052272192,0.0026560013292959983
2025-10-29,0.0020845119924046696,-0.004926644073305231,0.0004803260550556576
2025-10-30,-0.04639120107705208,-0.0017396981086633678,-0.010998113191920567
2025-10-31,0.03740057084027071,-0.00026790573931756434,0.003280260922519762
2025-11-03,0.02586735066967427,-0.001157034833773385,0.0018766915803232198
2025-11-04,-0.05147636612701911,0.0005387478544203184,-0.011853595199365574
2025-11-05,0.040089130615176494,-0.0028267740343241865,0.0034654701339136285
2025-11-06,-0.03497306340156037,0.00391465202327157,-0.01072938225080955
2025-11-07,-0.03675632866235745,-0.0005378785672790487,0.0009845659403016072
2025-11-10,0.03657576451501576,-0.00026913567568498387,0.01560435822838957
2025-11-11,-0.01260026442672324,0.0028261169708805323,0.0022892033827353053
2025-11-12,-0.02051769508633805,-0.00040262266362667276,0.0005564068664263289
2025-11-13,-0.06644220962287406,-0.00295351489819351,-0.016594062566875234
2025-11-14,0.005870832424868633,-0.0014809768967397607,-0.00016359600785664785
2025-11-17,0.011302107716671506,0.0005394016938600199,-0.009316476786200845
2025-11-18,-0.018756757252943457,0.0008086145967716174,-0.008397487448507768
2025-11-19,0.006828636098130891,-0.0004039289275366009,0.0038631576379948296
2025-11-20,-0.02168365419886953,0.001481774678381509,-0.01524230348712119
2025-11-21,-0.010474950113494086,0.0024213787913456297,0.009961204755846165
2025-11-24,0.0682451678419993,0.0017444577552780949,0.014718547807599958
2025-11-25,0.0038776272725380423,0.0022772810024027645,0.009405913041440561
2025-11-26,0.017119677587676296,0.0010692870940394172,0.006903544626688962
2025-11-27,0.0,0.0,0.0
2025-11-28,0.008415835173881447,-0.0016021148818694542,0.005458400735868674
2025-12-01,-6.973703038437584e-05,-0.0039038864491238723,-0.004565432491131505
2025-12-02,-0.0020923987153301793,0.0009427079161175023,0.001852203967944055
2025-12-03,0.04076973347810542,0.0014800912280028555,0.003462767968857472
2025-12-04,0.017437455153354264,-0.0018809591173962747,0.0007311238379490437
2025-12-05,0.0010340378456106247,-0.0012115476836440653,0.001899461628388499
2025-12-08,-0.033890139401614006,-0.0014824850121487598,-0.003004219352025661
2025-12-09,0.01271674558948499,-0.0006747727562488315,-0.000863122274760153
2025-12-10,0.014106967203253218,0.0029713770781933935,0.006632218302348614
2025-12-11,-0.010100780674035192,0.0,0.002326931778056762
2025-12-12,0.027008830833098685,-0.003097199130442263,-0.010751997629438903
2025-12-15,0.035624033484225714,0.0012156993031831043,-0.0015108134140046081
2025-12-16,0.030653694218629735,0.0018888260278553393,-0.0027323197983205594
2025-12-17,-0.04617456293730249,-0.0002693530362725127,-0.011003588240296014
2025-12-18,0.034477560704677446,0.002121894207401054,0.007551280296730134
2025-12-19,-0.00448927929345333,-0.001483487634362013,0.00906346515990486
2025-12-22,0.01564837611861325,-0.0002701819585843035,0.006229874178387496
2025-12-23,-0.00648622625268469,-0.00013502441622814665,0.0045704843606495515
2025-12-24,-0.00032952397832164415,0.0024321078230000737,0.003517621421107009
2025-12-25,0.0,0.0,0.0
2025-12-26,-0.021034181259704576,0.0,-0.0001014040437492536
2025-12-29,-0.03272372674735757,0.0014826877844955622,-0.003563648189011559
2025-12-30,-0.011335005235871831,-0.00040385474372728325,-0.0012211468345215692
2025-12-31,-0.010364613980130777,-0.002692836371103513,-0.007408955885817803
2026-01-01,0.0,0.0,0.0
2026-01-02,-0.02590499391813139,-0.00040500579749525034,0.0018330596423725698
2026-01-05,0.031045280151877908,0.0018908615331887368,0.006660110816910869
2026-01-06,-0.041424095947095174,0.0,0.005947227112347964
2026-01-07,-0.0035799792672750463,0.0010784824848417696,-0.0032234001772446508
2026-01-08,0.010175897854927118,-0.0017506716815601786,-0.00010152168346500012
2026-01-09,0.02113359850994656,0.002158419911475251,0.006613388484590255
2026-01-12,0.00887616368794375,-0.0009422492120280124,0.0015703975230316747
2026-01-13,-0.003920124914344347,0.0008083745298701484,-0.001999473023445053
2026-01-14,-0.017889087168218576,0.0020194066820677925,-0.004915222744839132
2026-01-15,-0.0014344373071545347,-0.001477906891045877,0.0027232240029890775
